sku,day,demand,unit_cost,lead_time,lead_time_std
rice_5kg,0,41,60,5,1.0
rice_5kg,1,36,60,5,1.0
rice_5kg,2,43,60,5,1.0
rice_5kg,3,44,60,5,1.0
rice_5kg,4,32,60,5,1.0
rice_5kg,5,35,60,5,1.0
rice_5kg,6,41,60,5,1.0
rice_5kg,7,39,60,5,1.0
rice_5kg,8,40,60,5,1.0
rice_5kg,9,37,60,5,1.0
rice_5kg,10,44,60,5,1.0
rice_5kg,11,43,60,5,1.0
rice_5kg,12,40,60,5,1.0
rice_5kg,13,45,60,5,1.0
rice_5kg,14,42,60,5,1.0
rice_5kg,15,37,60,5,1.0
rice_5kg,16,41,60,5,1.0
rice_5kg,17,36,60,5,1.0
rice_5kg,18,44,60,5,1.0
rice_5kg,19,40,60,5,1.0
rice_5kg,20,39,60,5,1.0
rice_5kg,21,37,60,5,1.0
rice_5kg,22,45,60,5,1.0
rice_5kg,23,39,60,5,1.0
rice_5kg,24,38,60,5,1.0
rice_5kg,25,39,60,5,1.0
rice_5kg,26,42,60,5,1.0
rice_5kg,27,41,60,5,1.0
rice_5kg,28,42,60,5,1.0
rice_5kg,29,42,60,5,1.0
rice_5kg,30,49,60,5,1.0
rice_5kg,31,38,60,5,1.0
rice_5kg,32,38,60,5,1.0
rice_5kg,33,37,60,5,1.0
rice_5kg,34,42,60,5,1.0
rice_5kg,35,45,60,5,1.0
rice_5kg,36,40,60,5,1.0
rice_5kg,37,37,60,5,1.0
rice_5kg,38,37,60,5,1.0
rice_5kg,39,43,60,5,1.0
rice_5kg,40,43,60,5,1.0
rice_5kg,41,42,60,5,1.0
rice_5kg,42,37,60,5,1.0
rice_5kg,43,41,60,5,1.0
rice_5kg,44,40,60,5,1.0
rice_5kg,45,41,60,5,1.0
rice_5kg,46,43,60,5,1.0
rice_5kg,47,41,60,5,1.0
rice_5kg,48,43,60,5,1.0
rice_5kg,49,40,60,5,1.0
rice_5kg,50,41,60,5,1.0
rice_5kg,51,43,60,5,1.0
rice_5kg,52,34,60,5,1.0
rice_5kg,53,39,60,5,1.0
rice_5kg,54,38,60,5,1.0
rice_5kg,55,37,60,5,1.0
rice_5kg,56,39,60,5,1.0
rice_5kg,57,46,60,5,1.0
rice_5kg,58,37,60,5,1.0
rice_5kg,59,44,60,5,1.0
rice_5kg,60,33,60,5,1.0
rice_5kg,61,39,60,5,1.0
rice_5kg,62,41,60,5,1.0
rice_5kg,63,42,60,5,1.0
rice_5kg,64,43,60,5,1.0
rice_5kg,65,43,60,5,1.0
rice_5kg,66,39,60,5,1.0
rice_5kg,67,38,60,5,1.0
rice_5kg,68,43,60,5,1.0
rice_5kg,69,39,60,5,1.0
rice_5kg,70,35,60,5,1.0
rice_5kg,71,35,60,5,1.0
rice_5kg,72,36,60,5,1.0
rice_5kg,73,42,60,5,1.0
rice_5kg,74,41,60,5,1.0
rice_5kg,75,43,60,5,1.0
rice_5kg,76,38,60,5,1.0
rice_5kg,77,41,60,5,1.0
rice_5kg,78,43,60,5,1.0
rice_5kg,79,39,60,5,1.0
rice_5kg,80,42,60,5,1.0
rice_5kg,81,37,60,5,1.0
rice_5kg,82,39,60,5,1.0
rice_5kg,83,38,60,5,1.0
rice_5kg,84,35,60,5,1.0
rice_5kg,85,42,60,5,1.0
rice_5kg,86,38,60,5,1.0
rice_5kg,87,40,60,5,1.0
rice_5kg,88,42,60,5,1.0
rice_5kg,89,42,60,5,1.0
rice_5kg,90,43,60,5,1.0
rice_5kg,91,40,60,5,1.0
rice_5kg,92,38,60,5,1.0
rice_5kg,93,40,60,5,1.0
rice_5kg,94,33,60,5,1.0
rice_5kg,95,34,60,5,1.0
rice_5kg,96,35,60,5,1.0
rice_5kg,97,36,60,5,1.0
rice_5kg,98,42,60,5,1.0
rice_5kg,99,36,60,5,1.0
rice_5kg,100,38,60,5,1.0
rice_5kg,101,45,60,5,1.0
rice_5kg,102,39,60,5,1.0
rice_5kg,103,43,60,5,1.0
rice_5kg,104,36,60,5,1.0
rice_5kg,105,39,60,5,1.0
rice_5kg,106,36,60,5,1.0
rice_5kg,107,39,60,5,1.0
rice_5kg,108,43,60,5,1.0
rice_5kg,109,33,60,5,1.0
rice_5kg,110,42,60,5,1.0
rice_5kg,111,41,60,5,1.0
rice_5kg,112,38,60,5,1.0
rice_5kg,113,34,60,5,1.0
rice_5kg,114,40,60,5,1.0
rice_5kg,115,38,60,5,1.0
rice_5kg,116,41,60,5,1.0
rice_5kg,117,40,60,5,1.0
rice_5kg,118,46,60,5,1.0
rice_5kg,119,39,60,5,1.0
rice_5kg,120,36,60,5,1.0
rice_5kg,121,41,60,5,1.0
rice_5kg,122,41,60,5,1.0
rice_5kg,123,45,60,5,1.0
rice_5kg,124,43,60,5,1.0
rice_5kg,125,41,60,5,1.0
rice_5kg,126,46,60,5,1.0
rice_5kg,127,35,60,5,1.0
rice_5kg,128,37,60,5,1.0
rice_5kg,129,36,60,5,1.0
rice_5kg,130,38,60,5,1.0
rice_5kg,131,34,60,5,1.0
rice_5kg,132,43,60,5,1.0
rice_5kg,133,39,60,5,1.0
rice_5kg,134,34,60,5,1.0
rice_5kg,135,36,60,5,1.0
rice_5kg,136,41,60,5,1.0
rice_5kg,137,43,60,5,1.0
rice_5kg,138,48,60,5,1.0
rice_5kg,139,52,60,5,1.0
rice_5kg,140,42,60,5,1.0
rice_5kg,141,36,60,5,1.0
rice_5kg,142,31,60,5,1.0
rice_5kg,143,41,60,5,1.0
rice_5kg,144,37,60,5,1.0
rice_5kg,145,38,60,5,1.0
rice_5kg,146,38,60,5,1.0
rice_5kg,147,39,60,5,1.0
rice_5kg,148,44,60,5,1.0
rice_5kg,149,41,60,5,1.0
rice_5kg,150,39,60,5,1.0
rice_5kg,151,36,60,5,1.0
rice_5kg,152,33,60,5,1.0
rice_5kg,153,38,60,5,1.0
rice_5kg,154,40,60,5,1.0
rice_5kg,155,47,60,5,1.0
rice_5kg,156,41,60,5,1.0
rice_5kg,157,44,60,5,1.0
rice_5kg,158,38,60,5,1.0
rice_5kg,159,35,60,5,1.0
rice_5kg,160,36,60,5,1.0
rice_5kg,161,37,60,5,1.0
rice_5kg,162,49,60,5,1.0
rice_5kg,163,37,60,5,1.0
rice_5kg,164,43,60,5,1.0
rice_5kg,165,36,60,5,1.0
rice_5kg,166,44,60,5,1.0
rice_5kg,167,42,60,5,1.0
rice_5kg,168,39,60,5,1.0
rice_5kg,169,40,60,5,1.0
rice_5kg,170,37,60,5,1.0
rice_5kg,171,42,60,5,1.0
rice_5kg,172,38,60,5,1.0
rice_5kg,173,35,60,5,1.0
rice_5kg,174,35,60,5,1.0
rice_5kg,175,41,60,5,1.0
rice_5kg,176,46,60,5,1.0
rice_5kg,177,41,60,5,1.0
rice_5kg,178,40,60,5,1.0
rice_5kg,179,41,60,5,1.0
rice_5kg,180,45,60,5,1.0
rice_5kg,181,41,60,5,1.0
rice_5kg,182,38,60,5,1.0
rice_5kg,183,44,60,5,1.0
rice_5kg,184,42,60,5,1.0
rice_5kg,185,46,60,5,1.0
rice_5kg,186,41,60,5,1.0
rice_5kg,187,35,60,5,1.0
rice_5kg,188,35,60,5,1.0
rice_5kg,189,47,60,5,1.0
rice_5kg,190,47,60,5,1.0
rice_5kg,191,39,60,5,1.0
rice_5kg,192,38,60,5,1.0
rice_5kg,193,46,60,5,1.0
rice_5kg,194,36,60,5,1.0
rice_5kg,195,36,60,5,1.0
rice_5kg,196,43,60,5,1.0
rice_5kg,197,38,60,5,1.0
rice_5kg,198,40,60,5,1.0
rice_5kg,199,39,60,5,1.0
rice_5kg,200,41,60,5,1.0
rice_5kg,201,46,60,5,1.0
rice_5kg,202,40,60,5,1.0
rice_5kg,203,43,60,5,1.0
rice_5kg,204,32,60,5,1.0
rice_5kg,205,40,60,5,1.0
rice_5kg,206,37,60,5,1.0
rice_5kg,207,35,60,5,1.0
rice_5kg,208,36,60,5,1.0
rice_5kg,209,39,60,5,1.0
rice_5kg,210,44,60,5,1.0
rice_5kg,211,35,60,5,1.0
rice_5kg,212,40,60,5,1.0
rice_5kg,213,38,60,5,1.0
rice_5kg,214,39,60,5,1.0
rice_5kg,215,44,60,5,1.0
rice_5kg,216,42,60,5,1.0
rice_5kg,217,45,60,5,1.0
rice_5kg,218,39,60,5,1.0
rice_5kg,219,37,60,5,1.0
rice_5kg,220,39,60,5,1.0
rice_5kg,221,41,60,5,1.0
rice_5kg,222,41,60,5,1.0
rice_5kg,223,36,60,5,1.0
rice_5kg,224,40,60,5,1.0
rice_5kg,225,41,60,5,1.0
rice_5kg,226,50,60,5,1.0
rice_5kg,227,48,60,5,1.0
rice_5kg,228,37,60,5,1.0
rice_5kg,229,39,60,5,1.0
rice_5kg,230,34,60,5,1.0
rice_5kg,231,38,60,5,1.0
rice_5kg,232,41,60,5,1.0
rice_5kg,233,45,60,5,1.0
rice_5kg,234,37,60,5,1.0
rice_5kg,235,37,60,5,1.0
rice_5kg,236,31,60,5,1.0
rice_5kg,237,39,60,5,1.0
rice_5kg,238,36,60,5,1.0
rice_5kg,239,38,60,5,1.0
rice_5kg,240,36,60,5,1.0
rice_5kg,241,40,60,5,1.0
rice_5kg,242,33,60,5,1.0
rice_5kg,243,34,60,5,1.0
rice_5kg,244,49,60,5,1.0
rice_5kg,245,35,60,5,1.0
rice_5kg,246,36,60,5,1.0
rice_5kg,247,47,60,5,1.0
rice_5kg,248,52,60,5,1.0
rice_5kg,249,35,60,5,1.0
rice_5kg,250,39,60,5,1.0
rice_5kg,251,41,60,5,1.0
rice_5kg,252,47,60,5,1.0
rice_5kg,253,36,60,5,1.0
rice_5kg,254,39,60,5,1.0
rice_5kg,255,43,60,5,1.0
rice_5kg,256,42,60,5,1.0
rice_5kg,257,38,60,5,1.0
rice_5kg,258,39,60,5,1.0
rice_5kg,259,35,60,5,1.0
rice_5kg,260,39,60,5,1.0
rice_5kg,261,39,60,5,1.0
rice_5kg,262,41,60,5,1.0
rice_5kg,263,38,60,5,1.0
rice_5kg,264,42,60,5,1.0
rice_5kg,265,44,60,5,1.0
rice_5kg,266,41,60,5,1.0
rice_5kg,267,41,60,5,1.0
rice_5kg,268,40,60,5,1.0
rice_5kg,269,40,60,5,1.0
rice_5kg,270,37,60,5,1.0
rice_5kg,271,41,60,5,1.0
rice_5kg,272,40,60,5,1.0
rice_5kg,273,48,60,5,1.0
rice_5kg,274,46,60,5,1.0
rice_5kg,275,42,60,5,1.0
rice_5kg,276,37,60,5,1.0
rice_5kg,277,36,60,5,1.0
rice_5kg,278,45,60,5,1.0
rice_5kg,279,41,60,5,1.0
rice_5kg,280,42,60,5,1.0
rice_5kg,281,33,60,5,1.0
rice_5kg,282,44,60,5,1.0
rice_5kg,283,42,60,5,1.0
rice_5kg,284,36,60,5,1.0
rice_5kg,285,38,60,5,1.0
rice_5kg,286,41,60,5,1.0
rice_5kg,287,40,60,5,1.0
rice_5kg,288,39,60,5,1.0
rice_5kg,289,40,60,5,1.0
rice_5kg,290,39,60,5,1.0
rice_5kg,291,41,60,5,1.0
rice_5kg,292,46,60,5,1.0
rice_5kg,293,30,60,5,1.0
rice_5kg,294,39,60,5,1.0
rice_5kg,295,41,60,5,1.0
rice_5kg,296,41,60,5,1.0
rice_5kg,297,39,60,5,1.0
rice_5kg,298,33,60,5,1.0
rice_5kg,299,41,60,5,1.0
rice_5kg,300,47,60,5,1.0
rice_5kg,301,34,60,5,1.0
rice_5kg,302,43,60,5,1.0
rice_5kg,303,39,60,5,1.0
rice_5kg,304,40,60,5,1.0
rice_5kg,305,36,60,5,1.0
rice_5kg,306,39,60,5,1.0
rice_5kg,307,45,60,5,1.0
rice_5kg,308,42,60,5,1.0
rice_5kg,309,47,60,5,1.0
rice_5kg,310,45,60,5,1.0
rice_5kg,311,42,60,5,1.0
rice_5kg,312,47,60,5,1.0
rice_5kg,313,42,60,5,1.0
rice_5kg,314,43,60,5,1.0
rice_5kg,315,39,60,5,1.0
rice_5kg,316,40,60,5,1.0
rice_5kg,317,37,60,5,1.0
rice_5kg,318,44,60,5,1.0
rice_5kg,319,35,60,5,1.0
rice_5kg,320,43,60,5,1.0
rice_5kg,321,39,60,5,1.0
rice_5kg,322,45,60,5,1.0
rice_5kg,323,43,60,5,1.0
rice_5kg,324,47,60,5,1.0
rice_5kg,325,43,60,5,1.0
rice_5kg,326,34,60,5,1.0
rice_5kg,327,40,60,5,1.0
rice_5kg,328,35,60,5,1.0
rice_5kg,329,38,60,5,1.0
rice_5kg,330,46,60,5,1.0
rice_5kg,331,43,60,5,1.0
rice_5kg,332,37,60,5,1.0
rice_5kg,333,36,60,5,1.0
rice_5kg,334,40,60,5,1.0
rice_5kg,335,35,60,5,1.0
rice_5kg,336,37,60,5,1.0
rice_5kg,337,41,60,5,1.0
rice_5kg,338,45,60,5,1.0
rice_5kg,339,42,60,5,1.0
rice_5kg,340,31,60,5,1.0
rice_5kg,341,41,60,5,1.0
rice_5kg,342,40,60,5,1.0
rice_5kg,343,42,60,5,1.0
rice_5kg,344,46,60,5,1.0
rice_5kg,345,32,60,5,1.0
rice_5kg,346,38,60,5,1.0
rice_5kg,347,42,60,5,1.0
rice_5kg,348,34,60,5,1.0
rice_5kg,349,46,60,5,1.0
rice_5kg,350,41,60,5,1.0
rice_5kg,351,43,60,5,1.0
rice_5kg,352,38,60,5,1.0
rice_5kg,353,43,60,5,1.0
rice_5kg,354,44,60,5,1.0
rice_5kg,355,41,60,5,1.0
rice_5kg,356,41,60,5,1.0
rice_5kg,357,41,60,5,1.0
rice_5kg,358,37,60,5,1.0
rice_5kg,359,39,60,5,1.0
rice_5kg,360,39,60,5,1.0
rice_5kg,361,42,60,5,1.0
rice_5kg,362,44,60,5,1.0
rice_5kg,363,36,60,5,1.0
rice_5kg,364,39,60,5,1.0
rice_5kg,365,46,60,5,1.0
rice_5kg,366,37,60,5,1.0
rice_5kg,367,37,60,5,1.0
rice_5kg,368,41,60,5,1.0
rice_5kg,369,43,60,5,1.0
rice_5kg,370,40,60,5,1.0
rice_5kg,371,45,60,5,1.0
rice_5kg,372,43,60,5,1.0
rice_5kg,373,43,60,5,1.0
rice_5kg,374,42,60,5,1.0
rice_5kg,375,49,60,5,1.0
rice_5kg,376,39,60,5,1.0
rice_5kg,377,32,60,5,1.0
rice_5kg,378,46,60,5,1.0
rice_5kg,379,38,60,5,1.0
rice_5kg,380,40,60,5,1.0
rice_5kg,381,45,60,5,1.0
rice_5kg,382,34,60,5,1.0
rice_5kg,383,35,60,5,1.0
rice_5kg,384,34,60,5,1.0
rice_5kg,385,37,60,5,1.0
rice_5kg,386,42,60,5,1.0
rice_5kg,387,42,60,5,1.0
rice_5kg,388,41,60,5,1.0
rice_5kg,389,34,60,5,1.0
rice_5kg,390,31,60,5,1.0
rice_5kg,391,40,60,5,1.0
rice_5kg,392,38,60,5,1.0
rice_5kg,393,42,60,5,1.0
rice_5kg,394,43,60,5,1.0
rice_5kg,395,41,60,5,1.0
rice_5kg,396,43,60,5,1.0
rice_5kg,397,41,60,5,1.0
rice_5kg,398,42,60,5,1.0
rice_5kg,399,37,60,5,1.0
rice_5kg,400,39,60,5,1.0
rice_5kg,401,41,60,5,1.0
rice_5kg,402,43,60,5,1.0
rice_5kg,403,38,60,5,1.0
rice_5kg,404,42,60,5,1.0
rice_5kg,405,39,60,5,1.0
rice_5kg,406,40,60,5,1.0
rice_5kg,407,43,60,5,1.0
rice_5kg,408,32,60,5,1.0
rice_5kg,409,35,60,5,1.0
rice_5kg,410,34,60,5,1.0
rice_5kg,411,31,60,5,1.0
rice_5kg,412,37,60,5,1.0
rice_5kg,413,43,60,5,1.0
rice_5kg,414,39,60,5,1.0
rice_5kg,415,41,60,5,1.0
rice_5kg,416,44,60,5,1.0
rice_5kg,417,45,60,5,1.0
rice_5kg,418,40,60,5,1.0
rice_5kg,419,45,60,5,1.0
rice_5kg,420,40,60,5,1.0
rice_5kg,421,37,60,5,1.0
rice_5kg,422,38,60,5,1.0
rice_5kg,423,34,60,5,1.0
rice_5kg,424,36,60,5,1.0
rice_5kg,425,39,60,5,1.0
rice_5kg,426,43,60,5,1.0
rice_5kg,427,47,60,5,1.0
rice_5kg,428,34,60,5,1.0
rice_5kg,429,42,60,5,1.0
rice_5kg,430,36,60,5,1.0
rice_5kg,431,42,60,5,1.0
rice_5kg,432,39,60,5,1.0
rice_5kg,433,33,60,5,1.0
rice_5kg,434,44,60,5,1.0
rice_5kg,435,38,60,5,1.0
rice_5kg,436,38,60,5,1.0
rice_5kg,437,36,60,5,1.0
rice_5kg,438,37,60,5,1.0
rice_5kg,439,42,60,5,1.0
rice_5kg,440,39,60,5,1.0
rice_5kg,441,41,60,5,1.0
rice_5kg,442,41,60,5,1.0
rice_5kg,443,45,60,5,1.0
rice_5kg,444,39,60,5,1.0
rice_5kg,445,34,60,5,1.0
rice_5kg,446,44,60,5,1.0
rice_5kg,447,39,60,5,1.0
rice_5kg,448,44,60,5,1.0
rice_5kg,449,42,60,5,1.0
rice_5kg,450,39,60,5,1.0
rice_5kg,451,41,60,5,1.0
rice_5kg,452,48,60,5,1.0
rice_5kg,453,48,60,5,1.0
rice_5kg,454,40,60,5,1.0
rice_5kg,455,41,60,5,1.0
rice_5kg,456,44,60,5,1.0
rice_5kg,457,37,60,5,1.0
rice_5kg,458,41,60,5,1.0
rice_5kg,459,40,60,5,1.0
rice_5kg,460,41,60,5,1.0
rice_5kg,461,37,60,5,1.0
rice_5kg,462,34,60,5,1.0
rice_5kg,463,32,60,5,1.0
rice_5kg,464,36,60,5,1.0
rice_5kg,465,38,60,5,1.0
rice_5kg,466,39,60,5,1.0
rice_5kg,467,48,60,5,1.0
rice_5kg,468,44,60,5,1.0
rice_5kg,469,36,60,5,1.0
rice_5kg,470,41,60,5,1.0
rice_5kg,471,38,60,5,1.0
rice_5kg,472,39,60,5,1.0
rice_5kg,473,41,60,5,1.0
rice_5kg,474,42,60,5,1.0
rice_5kg,475,39,60,5,1.0
rice_5kg,476,44,60,5,1.0
rice_5kg,477,35,60,5,1.0
rice_5kg,478,40,60,5,1.0
rice_5kg,479,50,60,5,1.0
rice_5kg,480,41,60,5,1.0
rice_5kg,481,46,60,5,1.0
rice_5kg,482,40,60,5,1.0
rice_5kg,483,42,60,5,1.0
rice_5kg,484,40,60,5,1.0
rice_5kg,485,39,60,5,1.0
rice_5kg,486,37,60,5,1.0
rice_5kg,487,42,60,5,1.0
rice_5kg,488,37,60,5,1.0
rice_5kg,489,43,60,5,1.0
rice_5kg,490,44,60,5,1.0
rice_5kg,491,41,60,5,1.0
rice_5kg,492,39,60,5,1.0
rice_5kg,493,42,60,5,1.0
rice_5kg,494,39,60,5,1.0
rice_5kg,495,44,60,5,1.0
rice_5kg,496,33,60,5,1.0
rice_5kg,497,39,60,5,1.0
rice_5kg,498,32,60,5,1.0
rice_5kg,499,34,60,5,1.0
rice_5kg,500,45,60,5,1.0
rice_5kg,501,44,60,5,1.0
rice_5kg,502,37,60,5,1.0
rice_5kg,503,34,60,5,1.0
rice_5kg,504,28,60,5,1.0
rice_5kg,505,38,60,5,1.0
rice_5kg,506,50,60,5,1.0
rice_5kg,507,42,60,5,1.0
rice_5kg,508,38,60,5,1.0
rice_5kg,509,42,60,5,1.0
rice_5kg,510,34,60,5,1.0
rice_5kg,511,39,60,5,1.0
rice_5kg,512,40,60,5,1.0
rice_5kg,513,40,60,5,1.0
rice_5kg,514,43,60,5,1.0
rice_5kg,515,41,60,5,1.0
rice_5kg,516,43,60,5,1.0
rice_5kg,517,37,60,5,1.0
rice_5kg,518,44,60,5,1.0
rice_5kg,519,47,60,5,1.0
rice_5kg,520,36,60,5,1.0
rice_5kg,521,36,60,5,1.0
rice_5kg,522,45,60,5,1.0
rice_5kg,523,39,60,5,1.0
rice_5kg,524,46,60,5,1.0
rice_5kg,525,38,60,5,1.0
rice_5kg,526,46,60,5,1.0
rice_5kg,527,41,60,5,1.0
rice_5kg,528,41,60,5,1.0
rice_5kg,529,46,60,5,1.0
rice_5kg,530,39,60,5,1.0
rice_5kg,531,36,60,5,1.0
rice_5kg,532,38,60,5,1.0
rice_5kg,533,42,60,5,1.0
rice_5kg,534,34,60,5,1.0
rice_5kg,535,43,60,5,1.0
rice_5kg,536,38,60,5,1.0
rice_5kg,537,45,60,5,1.0
rice_5kg,538,30,60,5,1.0
rice_5kg,539,37,60,5,1.0
rice_5kg,540,33,60,5,1.0
rice_5kg,541,37,60,5,1.0
rice_5kg,542,41,60,5,1.0
rice_5kg,543,39,60,5,1.0
rice_5kg,544,39,60,5,1.0
rice_5kg,545,39,60,5,1.0
rice_5kg,546,41,60,5,1.0
rice_5kg,547,36,60,5,1.0
rice_5kg,548,43,60,5,1.0
rice_5kg,549,43,60,5,1.0
rice_5kg,550,42,60,5,1.0
rice_5kg,551,42,60,5,1.0
rice_5kg,552,41,60,5,1.0
rice_5kg,553,48,60,5,1.0
rice_5kg,554,40,60,5,1.0
rice_5kg,555,39,60,5,1.0
rice_5kg,556,37,60,5,1.0
rice_5kg,557,36,60,5,1.0
rice_5kg,558,35,60,5,1.0
rice_5kg,559,36,60,5,1.0
rice_5kg,560,40,60,5,1.0
rice_5kg,561,41,60,5,1.0
rice_5kg,562,40,60,5,1.0
rice_5kg,563,37,60,5,1.0
rice_5kg,564,44,60,5,1.0
rice_5kg,565,43,60,5,1.0
rice_5kg,566,39,60,5,1.0
rice_5kg,567,37,60,5,1.0
rice_5kg,568,42,60,5,1.0
rice_5kg,569,41,60,5,1.0
rice_5kg,570,34,60,5,1.0
rice_5kg,571,40,60,5,1.0
rice_5kg,572,41,60,5,1.0
rice_5kg,573,36,60,5,1.0
rice_5kg,574,41,60,5,1.0
rice_5kg,575,34,60,5,1.0
rice_5kg,576,45,60,5,1.0
rice_5kg,577,45,60,5,1.0
rice_5kg,578,39,60,5,1.0
rice_5kg,579,41,60,5,1.0
rice_5kg,580,30,60,5,1.0
rice_5kg,581,35,60,5,1.0
rice_5kg,582,39,60,5,1.0
rice_5kg,583,36,60,5,1.0
rice_5kg,584,43,60,5,1.0
rice_5kg,585,48,60,5,1.0
rice_5kg,586,35,60,5,1.0
rice_5kg,587,37,60,5,1.0
rice_5kg,588,41,60,5,1.0
rice_5kg,589,46,60,5,1.0
rice_5kg,590,35,60,5,1.0
rice_5kg,591,41,60,5,1.0
rice_5kg,592,47,60,5,1.0
rice_5kg,593,33,60,5,1.0
rice_5kg,594,35,60,5,1.0
rice_5kg,595,38,60,5,1.0
rice_5kg,596,38,60,5,1.0
rice_5kg,597,43,60,5,1.0
rice_5kg,598,41,60,5,1.0
rice_5kg,599,33,60,5,1.0
rice_5kg,600,42,60,5,1.0
rice_5kg,601,38,60,5,1.0
rice_5kg,602,45,60,5,1.0
rice_5kg,603,37,60,5,1.0
rice_5kg,604,37,60,5,1.0
rice_5kg,605,42,60,5,1.0
rice_5kg,606,43,60,5,1.0
rice_5kg,607,42,60,5,1.0
rice_5kg,608,33,60,5,1.0
rice_5kg,609,42,60,5,1.0
rice_5kg,610,36,60,5,1.0
rice_5kg,611,41,60,5,1.0
rice_5kg,612,34,60,5,1.0
rice_5kg,613,42,60,5,1.0
rice_5kg,614,37,60,5,1.0
rice_5kg,615,35,60,5,1.0
rice_5kg,616,43,60,5,1.0
rice_5kg,617,41,60,5,1.0
rice_5kg,618,38,60,5,1.0
rice_5kg,619,46,60,5,1.0
rice_5kg,620,38,60,5,1.0
rice_5kg,621,40,60,5,1.0
rice_5kg,622,41,60,5,1.0
rice_5kg,623,38,60,5,1.0
rice_5kg,624,42,60,5,1.0
rice_5kg,625,38,60,5,1.0
rice_5kg,626,38,60,5,1.0
rice_5kg,627,45,60,5,1.0
rice_5kg,628,36,60,5,1.0
rice_5kg,629,30,60,5,1.0
rice_5kg,630,46,60,5,1.0
rice_5kg,631,50,60,5,1.0
rice_5kg,632,38,60,5,1.0
rice_5kg,633,32,60,5,1.0
rice_5kg,634,39,60,5,1.0
rice_5kg,635,39,60,5,1.0
rice_5kg,636,39,60,5,1.0
rice_5kg,637,36,60,5,1.0
rice_5kg,638,42,60,5,1.0
rice_5kg,639,42,60,5,1.0
rice_5kg,640,34,60,5,1.0
rice_5kg,641,43,60,5,1.0
rice_5kg,642,48,60,5,1.0
rice_5kg,643,41,60,5,1.0
rice_5kg,644,39,60,5,1.0
rice_5kg,645,39,60,5,1.0
rice_5kg,646,42,60,5,1.0
rice_5kg,647,33,60,5,1.0
rice_5kg,648,41,60,5,1.0
rice_5kg,649,38,60,5,1.0
rice_5kg,650,47,60,5,1.0
rice_5kg,651,39,60,5,1.0
rice_5kg,652,47,60,5,1.0
rice_5kg,653,36,60,5,1.0
rice_5kg,654,42,60,5,1.0
rice_5kg,655,41,60,5,1.0
rice_5kg,656,37,60,5,1.0
rice_5kg,657,41,60,5,1.0
rice_5kg,658,45,60,5,1.0
rice_5kg,659,39,60,5,1.0
rice_5kg,660,33,60,5,1.0
rice_5kg,661,40,60,5,1.0
rice_5kg,662,36,60,5,1.0
rice_5kg,663,39,60,5,1.0
rice_5kg,664,40,60,5,1.0
rice_5kg,665,33,60,5,1.0
rice_5kg,666,34,60,5,1.0
rice_5kg,667,42,60,5,1.0
rice_5kg,668,38,60,5,1.0
rice_5kg,669,30,60,5,1.0
rice_5kg,670,43,60,5,1.0
rice_5kg,671,41,60,5,1.0
rice_5kg,672,37,60,5,1.0
rice_5kg,673,35,60,5,1.0
rice_5kg,674,43,60,5,1.0
rice_5kg,675,41,60,5,1.0
rice_5kg,676,50,60,5,1.0
rice_5kg,677,42,60,5,1.0
rice_5kg,678,42,60,5,1.0
rice_5kg,679,39,60,5,1.0
rice_5kg,680,43,60,5,1.0
rice_5kg,681,43,60,5,1.0
rice_5kg,682,45,60,5,1.0
rice_5kg,683,38,60,5,1.0
rice_5kg,684,38,60,5,1.0
rice_5kg,685,38,60,5,1.0
rice_5kg,686,43,60,5,1.0
rice_5kg,687,46,60,5,1.0
rice_5kg,688,38,60,5,1.0
rice_5kg,689,38,60,5,1.0
rice_5kg,690,41,60,5,1.0
rice_5kg,691,39,60,5,1.0
rice_5kg,692,44,60,5,1.0
rice_5kg,693,31,60,5,1.0
rice_5kg,694,37,60,5,1.0
rice_5kg,695,37,60,5,1.0
rice_5kg,696,31,60,5,1.0
rice_5kg,697,36,60,5,1.0
rice_5kg,698,36,60,5,1.0
rice_5kg,699,39,60,5,1.0
rice_5kg,700,44,60,5,1.0
rice_5kg,701,39,60,5,1.0
rice_5kg,702,36,60,5,1.0
rice_5kg,703,40,60,5,1.0
rice_5kg,704,44,60,5,1.0
rice_5kg,705,36,60,5,1.0
rice_5kg,706,36,60,5,1.0
rice_5kg,707,42,60,5,1.0
rice_5kg,708,39,60,5,1.0
rice_5kg,709,43,60,5,1.0
rice_5kg,710,40,60,5,1.0
rice_5kg,711,43,60,5,1.0
rice_5kg,712,36,60,5,1.0
rice_5kg,713,40,60,5,1.0
rice_5kg,714,39,60,5,1.0
rice_5kg,715,35,60,5,1.0
rice_5kg,716,34,60,5,1.0
rice_5kg,717,43,60,5,1.0
rice_5kg,718,39,60,5,1.0
rice_5kg,719,36,60,5,1.0
rice_5kg,720,40,60,5,1.0
rice_5kg,721,45,60,5,1.0
rice_5kg,722,31,60,5,1.0
rice_5kg,723,34,60,5,1.0
rice_5kg,724,36,60,5,1.0
rice_5kg,725,46,60,5,1.0
rice_5kg,726,41,60,5,1.0
rice_5kg,727,43,60,5,1.0
rice_5kg,728,35,60,5,1.0
rice_5kg,729,36,60,5,1.0
cooking_oil_1L,0,32,90,4,1.0
cooking_oil_1L,1,30,90,4,1.0
cooking_oil_1L,2,32,90,4,1.0
cooking_oil_1L,3,29,90,4,1.0
cooking_oil_1L,4,31,90,4,1.0
cooking_oil_1L,5,31,90,4,1.0
cooking_oil_1L,6,33,90,4,1.0
cooking_oil_1L,7,34,90,4,1.0
cooking_oil_1L,8,23,90,4,1.0
cooking_oil_1L,9,20,90,4,1.0
cooking_oil_1L,10,35,90,4,1.0
cooking_oil_1L,11,35,90,4,1.0
cooking_oil_1L,12,25,90,4,1.0
cooking_oil_1L,13,22,90,4,1.0
cooking_oil_1L,14,30,90,4,1.0
cooking_oil_1L,15,34,90,4,1.0
cooking_oil_1L,16,38,90,4,1.0
cooking_oil_1L,17,32,90,4,1.0
cooking_oil_1L,18,28,90,4,1.0
cooking_oil_1L,19,26,90,4,1.0
cooking_oil_1L,20,30,90,4,1.0
cooking_oil_1L,21,29,90,4,1.0
cooking_oil_1L,22,25,90,4,1.0
cooking_oil_1L,23,39,90,4,1.0
cooking_oil_1L,24,38,90,4,1.0
cooking_oil_1L,25,35,90,4,1.0
cooking_oil_1L,26,26,90,4,1.0
cooking_oil_1L,27,34,90,4,1.0
cooking_oil_1L,28,33,90,4,1.0
cooking_oil_1L,29,32,90,4,1.0
cooking_oil_1L,30,36,90,4,1.0
cooking_oil_1L,31,33,90,4,1.0
cooking_oil_1L,32,33,90,4,1.0
cooking_oil_1L,33,33,90,4,1.0
cooking_oil_1L,34,32,90,4,1.0
cooking_oil_1L,35,22,90,4,1.0
cooking_oil_1L,36,30,90,4,1.0
cooking_oil_1L,37,27,90,4,1.0
cooking_oil_1L,38,24,90,4,1.0
cooking_oil_1L,39,38,90,4,1.0
cooking_oil_1L,40,38,90,4,1.0
cooking_oil_1L,41,36,90,4,1.0
cooking_oil_1L,42,31,90,4,1.0
cooking_oil_1L,43,36,90,4,1.0
cooking_oil_1L,44,30,90,4,1.0
cooking_oil_1L,45,31,90,4,1.0
cooking_oil_1L,46,25,90,4,1.0
cooking_oil_1L,47,32,90,4,1.0
cooking_oil_1L,48,30,90,4,1.0
cooking_oil_1L,49,24,90,4,1.0
cooking_oil_1L,50,30,90,4,1.0
cooking_oil_1L,51,30,90,4,1.0
cooking_oil_1L,52,38,90,4,1.0
cooking_oil_1L,53,34,90,4,1.0
cooking_oil_1L,54,30,90,4,1.0
cooking_oil_1L,55,31,90,4,1.0
cooking_oil_1L,56,30,90,4,1.0
cooking_oil_1L,57,29,90,4,1.0
cooking_oil_1L,58,25,90,4,1.0
cooking_oil_1L,59,29,90,4,1.0
cooking_oil_1L,60,27,90,4,1.0
cooking_oil_1L,61,24,90,4,1.0
cooking_oil_1L,62,32,90,4,1.0
cooking_oil_1L,63,32,90,4,1.0
cooking_oil_1L,64,22,90,4,1.0
cooking_oil_1L,65,29,90,4,1.0
cooking_oil_1L,66,34,90,4,1.0
cooking_oil_1L,67,35,90,4,1.0
cooking_oil_1L,68,35,90,4,1.0
cooking_oil_1L,69,30,90,4,1.0
cooking_oil_1L,70,26,90,4,1.0
cooking_oil_1L,71,25,90,4,1.0
cooking_oil_1L,72,32,90,4,1.0
cooking_oil_1L,73,32,90,4,1.0
cooking_oil_1L,74,36,90,4,1.0
cooking_oil_1L,75,35,90,4,1.0
cooking_oil_1L,76,29,90,4,1.0
cooking_oil_1L,77,24,90,4,1.0
cooking_oil_1L,78,29,90,4,1.0
cooking_oil_1L,79,31,90,4,1.0
cooking_oil_1L,80,29,90,4,1.0
cooking_oil_1L,81,27,90,4,1.0
cooking_oil_1L,82,31,90,4,1.0
cooking_oil_1L,83,28,90,4,1.0
cooking_oil_1L,84,27,90,4,1.0
cooking_oil_1L,85,31,90,4,1.0
cooking_oil_1L,86,28,90,4,1.0
cooking_oil_1L,87,31,90,4,1.0
cooking_oil_1L,88,31,90,4,1.0
cooking_oil_1L,89,25,90,4,1.0
cooking_oil_1L,90,28,90,4,1.0
cooking_oil_1L,91,36,90,4,1.0
cooking_oil_1L,92,25,90,4,1.0
cooking_oil_1L,93,20,90,4,1.0
cooking_oil_1L,94,22,90,4,1.0
cooking_oil_1L,95,30,90,4,1.0
cooking_oil_1L,96,30,90,4,1.0
cooking_oil_1L,97,29,90,4,1.0
cooking_oil_1L,98,35,90,4,1.0
cooking_oil_1L,99,18,90,4,1.0
cooking_oil_1L,100,32,90,4,1.0
cooking_oil_1L,101,37,90,4,1.0
cooking_oil_1L,102,25,90,4,1.0
cooking_oil_1L,103,28,90,4,1.0
cooking_oil_1L,104,27,90,4,1.0
cooking_oil_1L,105,26,90,4,1.0
cooking_oil_1L,106,29,90,4,1.0
cooking_oil_1L,107,36,90,4,1.0
cooking_oil_1L,108,38,90,4,1.0
cooking_oil_1L,109,28,90,4,1.0
cooking_oil_1L,110,39,90,4,1.0
cooking_oil_1L,111,30,90,4,1.0
cooking_oil_1L,112,38,90,4,1.0
cooking_oil_1L,113,30,90,4,1.0
cooking_oil_1L,114,31,90,4,1.0
cooking_oil_1L,115,32,90,4,1.0
cooking_oil_1L,116,44,90,4,1.0
cooking_oil_1L,117,34,90,4,1.0
cooking_oil_1L,118,27,90,4,1.0
cooking_oil_1L,119,34,90,4,1.0
cooking_oil_1L,120,28,90,4,1.0
cooking_oil_1L,121,28,90,4,1.0
cooking_oil_1L,122,34,90,4,1.0
cooking_oil_1L,123,30,90,4,1.0
cooking_oil_1L,124,31,90,4,1.0
cooking_oil_1L,125,30,90,4,1.0
cooking_oil_1L,126,32,90,4,1.0
cooking_oil_1L,127,32,90,4,1.0
cooking_oil_1L,128,21,90,4,1.0
cooking_oil_1L,129,33,90,4,1.0
cooking_oil_1L,130,26,90,4,1.0
cooking_oil_1L,131,24,90,4,1.0
cooking_oil_1L,132,30,90,4,1.0
cooking_oil_1L,133,30,90,4,1.0
cooking_oil_1L,134,27,90,4,1.0
cooking_oil_1L,135,34,90,4,1.0
cooking_oil_1L,136,24,90,4,1.0
cooking_oil_1L,137,28,90,4,1.0
cooking_oil_1L,138,27,90,4,1.0
cooking_oil_1L,139,30,90,4,1.0
cooking_oil_1L,140,31,90,4,1.0
cooking_oil_1L,141,25,90,4,1.0
cooking_oil_1L,142,33,90,4,1.0
cooking_oil_1L,143,30,90,4,1.0
cooking_oil_1L,144,21,90,4,1.0
cooking_oil_1L,145,21,90,4,1.0
cooking_oil_1L,146,30,90,4,1.0
cooking_oil_1L,147,29,90,4,1.0
cooking_oil_1L,148,30,90,4,1.0
cooking_oil_1L,149,30,90,4,1.0
cooking_oil_1L,150,31,90,4,1.0
cooking_oil_1L,151,34,90,4,1.0
cooking_oil_1L,152,25,90,4,1.0
cooking_oil_1L,153,25,90,4,1.0
cooking_oil_1L,154,25,90,4,1.0
cooking_oil_1L,155,31,90,4,1.0
cooking_oil_1L,156,36,90,4,1.0
cooking_oil_1L,157,28,90,4,1.0
cooking_oil_1L,158,19,90,4,1.0
cooking_oil_1L,159,22,90,4,1.0
cooking_oil_1L,160,26,90,4,1.0
cooking_oil_1L,161,27,90,4,1.0
cooking_oil_1L,162,28,90,4,1.0
cooking_oil_1L,163,30,90,4,1.0
cooking_oil_1L,164,29,90,4,1.0
cooking_oil_1L,165,35,90,4,1.0
cooking_oil_1L,166,27,90,4,1.0
cooking_oil_1L,167,26,90,4,1.0
cooking_oil_1L,168,32,90,4,1.0
cooking_oil_1L,169,23,90,4,1.0
cooking_oil_1L,170,32,90,4,1.0
cooking_oil_1L,171,30,90,4,1.0
cooking_oil_1L,172,29,90,4,1.0
cooking_oil_1L,173,37,90,4,1.0
cooking_oil_1L,174,27,90,4,1.0
cooking_oil_1L,175,39,90,4,1.0
cooking_oil_1L,176,29,90,4,1.0
cooking_oil_1L,177,24,90,4,1.0
cooking_oil_1L,178,30,90,4,1.0
cooking_oil_1L,179,25,90,4,1.0
cooking_oil_1L,180,27,90,4,1.0
cooking_oil_1L,181,32,90,4,1.0
cooking_oil_1L,182,33,90,4,1.0
cooking_oil_1L,183,27,90,4,1.0
cooking_oil_1L,184,34,90,4,1.0
cooking_oil_1L,185,35,90,4,1.0
cooking_oil_1L,186,36,90,4,1.0
cooking_oil_1L,187,32,90,4,1.0
cooking_oil_1L,188,36,90,4,1.0
cooking_oil_1L,189,22,90,4,1.0
cooking_oil_1L,190,29,90,4,1.0
cooking_oil_1L,191,26,90,4,1.0
cooking_oil_1L,192,31,90,4,1.0
cooking_oil_1L,193,27,90,4,1.0
cooking_oil_1L,194,29,90,4,1.0
cooking_oil_1L,195,38,90,4,1.0
cooking_oil_1L,196,29,90,4,1.0
cooking_oil_1L,197,32,90,4,1.0
cooking_oil_1L,198,29,90,4,1.0
cooking_oil_1L,199,30,90,4,1.0
cooking_oil_1L,200,30,90,4,1.0
cooking_oil_1L,201,32,90,4,1.0
cooking_oil_1L,202,35,90,4,1.0
cooking_oil_1L,203,37,90,4,1.0
cooking_oil_1L,204,31,90,4,1.0
cooking_oil_1L,205,33,90,4,1.0
cooking_oil_1L,206,25,90,4,1.0
cooking_oil_1L,207,30,90,4,1.0
cooking_oil_1L,208,34,90,4,1.0
cooking_oil_1L,209,34,90,4,1.0
cooking_oil_1L,210,31,90,4,1.0
cooking_oil_1L,211,34,90,4,1.0
cooking_oil_1L,212,32,90,4,1.0
cooking_oil_1L,213,35,90,4,1.0
cooking_oil_1L,214,31,90,4,1.0
cooking_oil_1L,215,28,90,4,1.0
cooking_oil_1L,216,32,90,4,1.0
cooking_oil_1L,217,17,90,4,1.0
cooking_oil_1L,218,32,90,4,1.0
cooking_oil_1L,219,14,90,4,1.0
cooking_oil_1L,220,22,90,4,1.0
cooking_oil_1L,221,32,90,4,1.0
cooking_oil_1L,222,32,90,4,1.0
cooking_oil_1L,223,25,90,4,1.0
cooking_oil_1L,224,27,90,4,1.0
cooking_oil_1L,225,36,90,4,1.0
cooking_oil_1L,226,28,90,4,1.0
cooking_oil_1L,227,40,90,4,1.0
cooking_oil_1L,228,30,90,4,1.0
cooking_oil_1L,229,32,90,4,1.0
cooking_oil_1L,230,37,90,4,1.0
cooking_oil_1L,231,31,90,4,1.0
cooking_oil_1L,232,25,90,4,1.0
cooking_oil_1L,233,30,90,4,1.0
cooking_oil_1L,234,30,90,4,1.0
cooking_oil_1L,235,24,90,4,1.0
cooking_oil_1L,236,29,90,4,1.0
cooking_oil_1L,237,27,90,4,1.0
cooking_oil_1L,238,34,90,4,1.0
cooking_oil_1L,239,30,90,4,1.0
cooking_oil_1L,240,29,90,4,1.0
cooking_oil_1L,241,30,90,4,1.0
cooking_oil_1L,242,31,90,4,1.0
cooking_oil_1L,243,33,90,4,1.0
cooking_oil_1L,244,26,90,4,1.0
cooking_oil_1L,245,25,90,4,1.0
cooking_oil_1L,246,35,90,4,1.0
cooking_oil_1L,247,28,90,4,1.0
cooking_oil_1L,248,24,90,4,1.0
cooking_oil_1L,249,32,90,4,1.0
cooking_oil_1L,250,32,90,4,1.0
cooking_oil_1L,251,23,90,4,1.0
cooking_oil_1L,252,31,90,4,1.0
cooking_oil_1L,253,33,90,4,1.0
cooking_oil_1L,254,32,90,4,1.0
cooking_oil_1L,255,33,90,4,1.0
cooking_oil_1L,256,24,90,4,1.0
cooking_oil_1L,257,31,90,4,1.0
cooking_oil_1L,258,29,90,4,1.0
cooking_oil_1L,259,28,90,4,1.0
cooking_oil_1L,260,34,90,4,1.0
cooking_oil_1L,261,37,90,4,1.0
cooking_oil_1L,262,38,90,4,1.0
cooking_oil_1L,263,36,90,4,1.0
cooking_oil_1L,264,30,90,4,1.0
cooking_oil_1L,265,32,90,4,1.0
cooking_oil_1L,266,33,90,4,1.0
cooking_oil_1L,267,31,90,4,1.0
cooking_oil_1L,268,31,90,4,1.0
cooking_oil_1L,269,34,90,4,1.0
cooking_oil_1L,270,30,90,4,1.0
cooking_oil_1L,271,27,90,4,1.0
cooking_oil_1L,272,28,90,4,1.0
cooking_oil_1L,273,33,90,4,1.0
cooking_oil_1L,274,30,90,4,1.0
cooking_oil_1L,275,32,90,4,1.0
cooking_oil_1L,276,33,90,4,1.0
cooking_oil_1L,277,28,90,4,1.0
cooking_oil_1L,278,33,90,4,1.0
cooking_oil_1L,279,32,90,4,1.0
cooking_oil_1L,280,24,90,4,1.0
cooking_oil_1L,281,36,90,4,1.0
cooking_oil_1L,282,28,90,4,1.0
cooking_oil_1L,283,23,90,4,1.0
cooking_oil_1L,284,25,90,4,1.0
cooking_oil_1L,285,25,90,4,1.0
cooking_oil_1L,286,30,90,4,1.0
cooking_oil_1L,287,29,90,4,1.0
cooking_oil_1L,288,28,90,4,1.0
cooking_oil_1L,289,33,90,4,1.0
cooking_oil_1L,290,32,90,4,1.0
cooking_oil_1L,291,31,90,4,1.0
cooking_oil_1L,292,32,90,4,1.0
cooking_oil_1L,293,33,90,4,1.0
cooking_oil_1L,294,21,90,4,1.0
cooking_oil_1L,295,28,90,4,1.0
cooking_oil_1L,296,20,90,4,1.0
cooking_oil_1L,297,30,90,4,1.0
cooking_oil_1L,298,30,90,4,1.0
cooking_oil_1L,299,35,90,4,1.0
cooking_oil_1L,300,35,90,4,1.0
cooking_oil_1L,301,31,90,4,1.0
cooking_oil_1L,302,28,90,4,1.0
cooking_oil_1L,303,32,90,4,1.0
cooking_oil_1L,304,28,90,4,1.0
cooking_oil_1L,305,30,90,4,1.0
cooking_oil_1L,306,34,90,4,1.0
cooking_oil_1L,307,27,90,4,1.0
cooking_oil_1L,308,34,90,4,1.0
cooking_oil_1L,309,33,90,4,1.0
cooking_oil_1L,310,26,90,4,1.0
cooking_oil_1L,311,34,90,4,1.0
cooking_oil_1L,312,33,90,4,1.0
cooking_oil_1L,313,30,90,4,1.0
cooking_oil_1L,314,27,90,4,1.0
cooking_oil_1L,315,26,90,4,1.0
cooking_oil_1L,316,28,90,4,1.0
cooking_oil_1L,317,32,90,4,1.0
cooking_oil_1L,318,26,90,4,1.0
cooking_oil_1L,319,32,90,4,1.0
cooking_oil_1L,320,24,90,4,1.0
cooking_oil_1L,321,29,90,4,1.0
cooking_oil_1L,322,30,90,4,1.0
cooking_oil_1L,323,41,90,4,1.0
cooking_oil_1L,324,24,90,4,1.0
cooking_oil_1L,325,37,90,4,1.0
cooking_oil_1L,326,31,90,4,1.0
cooking_oil_1L,327,32,90,4,1.0
cooking_oil_1L,328,31,90,4,1.0
cooking_oil_1L,329,32,90,4,1.0
cooking_oil_1L,330,29,90,4,1.0
cooking_oil_1L,331,37,90,4,1.0
cooking_oil_1L,332,28,90,4,1.0
cooking_oil_1L,333,35,90,4,1.0
cooking_oil_1L,334,27,90,4,1.0
cooking_oil_1L,335,30,90,4,1.0
cooking_oil_1L,336,25,90,4,1.0
cooking_oil_1L,337,32,90,4,1.0
cooking_oil_1L,338,37,90,4,1.0
cooking_oil_1L,339,30,90,4,1.0
cooking_oil_1L,340,29,90,4,1.0
cooking_oil_1L,341,25,90,4,1.0
cooking_oil_1L,342,29,90,4,1.0
cooking_oil_1L,343,23,90,4,1.0
cooking_oil_1L,344,26,90,4,1.0
cooking_oil_1L,345,31,90,4,1.0
cooking_oil_1L,346,36,90,4,1.0
cooking_oil_1L,347,43,90,4,1.0
cooking_oil_1L,348,27,90,4,1.0
cooking_oil_1L,349,36,90,4,1.0
cooking_oil_1L,350,31,90,4,1.0
cooking_oil_1L,351,29,90,4,1.0
cooking_oil_1L,352,32,90,4,1.0
cooking_oil_1L,353,30,90,4,1.0
cooking_oil_1L,354,30,90,4,1.0
cooking_oil_1L,355,28,90,4,1.0
cooking_oil_1L,356,24,90,4,1.0
cooking_oil_1L,357,23,90,4,1.0
cooking_oil_1L,358,33,90,4,1.0
cooking_oil_1L,359,29,90,4,1.0
cooking_oil_1L,360,27,90,4,1.0
cooking_oil_1L,361,30,90,4,1.0
cooking_oil_1L,362,34,90,4,1.0
cooking_oil_1L,363,31,90,4,1.0
cooking_oil_1L,364,27,90,4,1.0
cooking_oil_1L,365,36,90,4,1.0
cooking_oil_1L,366,37,90,4,1.0
cooking_oil_1L,367,32,90,4,1.0
cooking_oil_1L,368,34,90,4,1.0
cooking_oil_1L,369,36,90,4,1.0
cooking_oil_1L,370,35,90,4,1.0
cooking_oil_1L,371,33,90,4,1.0
cooking_oil_1L,372,33,90,4,1.0
cooking_oil_1L,373,32,90,4,1.0
cooking_oil_1L,374,25,90,4,1.0
cooking_oil_1L,375,33,90,4,1.0
cooking_oil_1L,376,24,90,4,1.0
cooking_oil_1L,377,26,90,4,1.0
cooking_oil_1L,378,36,90,4,1.0
cooking_oil_1L,379,34,90,4,1.0
cooking_oil_1L,380,37,90,4,1.0
cooking_oil_1L,381,29,90,4,1.0
cooking_oil_1L,382,25,90,4,1.0
cooking_oil_1L,383,29,90,4,1.0
cooking_oil_1L,384,30,90,4,1.0
cooking_oil_1L,385,30,90,4,1.0
cooking_oil_1L,386,35,90,4,1.0
cooking_oil_1L,387,28,90,4,1.0
cooking_oil_1L,388,32,90,4,1.0
cooking_oil_1L,389,26,90,4,1.0
cooking_oil_1L,390,32,90,4,1.0
cooking_oil_1L,391,30,90,4,1.0
cooking_oil_1L,392,27,90,4,1.0
cooking_oil_1L,393,29,90,4,1.0
cooking_oil_1L,394,29,90,4,1.0
cooking_oil_1L,395,29,90,4,1.0
cooking_oil_1L,396,38,90,4,1.0
cooking_oil_1L,397,30,90,4,1.0
cooking_oil_1L,398,29,90,4,1.0
cooking_oil_1L,399,21,90,4,1.0
cooking_oil_1L,400,26,90,4,1.0
cooking_oil_1L,401,29,90,4,1.0
cooking_oil_1L,402,27,90,4,1.0
cooking_oil_1L,403,36,90,4,1.0
cooking_oil_1L,404,29,90,4,1.0
cooking_oil_1L,405,36,90,4,1.0
cooking_oil_1L,406,30,90,4,1.0
cooking_oil_1L,407,30,90,4,1.0
cooking_oil_1L,408,30,90,4,1.0
cooking_oil_1L,409,30,90,4,1.0
cooking_oil_1L,410,38,90,4,1.0
cooking_oil_1L,411,20,90,4,1.0
cooking_oil_1L,412,21,90,4,1.0
cooking_oil_1L,413,28,90,4,1.0
cooking_oil_1L,414,30,90,4,1.0
cooking_oil_1L,415,33,90,4,1.0
cooking_oil_1L,416,32,90,4,1.0
cooking_oil_1L,417,28,90,4,1.0
cooking_oil_1L,418,35,90,4,1.0
cooking_oil_1L,419,35,90,4,1.0
cooking_oil_1L,420,31,90,4,1.0
cooking_oil_1L,421,34,90,4,1.0
cooking_oil_1L,422,31,90,4,1.0
cooking_oil_1L,423,27,90,4,1.0
cooking_oil_1L,424,33,90,4,1.0
cooking_oil_1L,425,30,90,4,1.0
cooking_oil_1L,426,30,90,4,1.0
cooking_oil_1L,427,37,90,4,1.0
cooking_oil_1L,428,19,90,4,1.0
cooking_oil_1L,429,24,90,4,1.0
cooking_oil_1L,430,25,90,4,1.0
cooking_oil_1L,431,28,90,4,1.0
cooking_oil_1L,432,29,90,4,1.0
cooking_oil_1L,433,23,90,4,1.0
cooking_oil_1L,434,26,90,4,1.0
cooking_oil_1L,435,26,90,4,1.0
cooking_oil_1L,436,41,90,4,1.0
cooking_oil_1L,437,38,90,4,1.0
cooking_oil_1L,438,28,90,4,1.0
cooking_oil_1L,439,28,90,4,1.0
cooking_oil_1L,440,25,90,4,1.0
cooking_oil_1L,441,21,90,4,1.0
cooking_oil_1L,442,29,90,4,1.0
cooking_oil_1L,443,26,90,4,1.0
cooking_oil_1L,444,30,90,4,1.0
cooking_oil_1L,445,23,90,4,1.0
cooking_oil_1L,446,27,90,4,1.0
cooking_oil_1L,447,31,90,4,1.0
cooking_oil_1L,448,32,90,4,1.0
cooking_oil_1L,449,32,90,4,1.0
cooking_oil_1L,450,24,90,4,1.0
cooking_oil_1L,451,34,90,4,1.0
cooking_oil_1L,452,26,90,4,1.0
cooking_oil_1L,453,33,90,4,1.0
cooking_oil_1L,454,30,90,4,1.0
cooking_oil_1L,455,24,90,4,1.0
cooking_oil_1L,456,29,90,4,1.0
cooking_oil_1L,457,32,90,4,1.0
cooking_oil_1L,458,33,90,4,1.0
cooking_oil_1L,459,29,90,4,1.0
cooking_oil_1L,460,37,90,4,1.0
cooking_oil_1L,461,35,90,4,1.0
cooking_oil_1L,462,29,90,4,1.0
cooking_oil_1L,463,33,90,4,1.0
cooking_oil_1L,464,39,90,4,1.0
cooking_oil_1L,465,39,90,4,1.0
cooking_oil_1L,466,24,90,4,1.0
cooking_oil_1L,467,26,90,4,1.0
cooking_oil_1L,468,37,90,4,1.0
cooking_oil_1L,469,25,90,4,1.0
cooking_oil_1L,470,24,90,4,1.0
cooking_oil_1L,471,28,90,4,1.0
cooking_oil_1L,472,32,90,4,1.0
cooking_oil_1L,473,30,90,4,1.0
cooking_oil_1L,474,27,90,4,1.0
cooking_oil_1L,475,27,90,4,1.0
cooking_oil_1L,476,27,90,4,1.0
cooking_oil_1L,477,26,90,4,1.0
cooking_oil_1L,478,40,90,4,1.0
cooking_oil_1L,479,31,90,4,1.0
cooking_oil_1L,480,34,90,4,1.0
cooking_oil_1L,481,28,90,4,1.0
cooking_oil_1L,482,29,90,4,1.0
cooking_oil_1L,483,27,90,4,1.0
cooking_oil_1L,484,18,90,4,1.0
cooking_oil_1L,485,24,90,4,1.0
cooking_oil_1L,486,22,90,4,1.0
cooking_oil_1L,487,20,90,4,1.0
cooking_oil_1L,488,25,90,4,1.0
cooking_oil_1L,489,36,90,4,1.0
cooking_oil_1L,490,30,90,4,1.0
cooking_oil_1L,491,36,90,4,1.0
cooking_oil_1L,492,32,90,4,1.0
cooking_oil_1L,493,34,90,4,1.0
cooking_oil_1L,494,26,90,4,1.0
cooking_oil_1L,495,32,90,4,1.0
cooking_oil_1L,496,33,90,4,1.0
cooking_oil_1L,497,27,90,4,1.0
cooking_oil_1L,498,33,90,4,1.0
cooking_oil_1L,499,33,90,4,1.0
cooking_oil_1L,500,28,90,4,1.0
cooking_oil_1L,501,25,90,4,1.0
cooking_oil_1L,502,25,90,4,1.0
cooking_oil_1L,503,30,90,4,1.0
cooking_oil_1L,504,31,90,4,1.0
cooking_oil_1L,505,26,90,4,1.0
cooking_oil_1L,506,30,90,4,1.0
cooking_oil_1L,507,33,90,4,1.0
cooking_oil_1L,508,33,90,4,1.0
cooking_oil_1L,509,37,90,4,1.0
cooking_oil_1L,510,36,90,4,1.0
cooking_oil_1L,511,25,90,4,1.0
cooking_oil_1L,512,38,90,4,1.0
cooking_oil_1L,513,28,90,4,1.0
cooking_oil_1L,514,35,90,4,1.0
cooking_oil_1L,515,30,90,4,1.0
cooking_oil_1L,516,28,90,4,1.0
cooking_oil_1L,517,22,90,4,1.0
cooking_oil_1L,518,29,90,4,1.0
cooking_oil_1L,519,23,90,4,1.0
cooking_oil_1L,520,34,90,4,1.0
cooking_oil_1L,521,37,90,4,1.0
cooking_oil_1L,522,26,90,4,1.0
cooking_oil_1L,523,31,90,4,1.0
cooking_oil_1L,524,27,90,4,1.0
cooking_oil_1L,525,27,90,4,1.0
cooking_oil_1L,526,33,90,4,1.0
cooking_oil_1L,527,30,90,4,1.0
cooking_oil_1L,528,38,90,4,1.0
cooking_oil_1L,529,28,90,4,1.0
cooking_oil_1L,530,34,90,4,1.0
cooking_oil_1L,531,30,90,4,1.0
cooking_oil_1L,532,34,90,4,1.0
cooking_oil_1L,533,28,90,4,1.0
cooking_oil_1L,534,30,90,4,1.0
cooking_oil_1L,535,29,90,4,1.0
cooking_oil_1L,536,26,90,4,1.0
cooking_oil_1L,537,33,90,4,1.0
cooking_oil_1L,538,33,90,4,1.0
cooking_oil_1L,539,33,90,4,1.0
cooking_oil_1L,540,37,90,4,1.0
cooking_oil_1L,541,37,90,4,1.0
cooking_oil_1L,542,28,90,4,1.0
cooking_oil_1L,543,32,90,4,1.0
cooking_oil_1L,544,27,90,4,1.0
cooking_oil_1L,545,30,90,4,1.0
cooking_oil_1L,546,27,90,4,1.0
cooking_oil_1L,547,37,90,4,1.0
cooking_oil_1L,548,32,90,4,1.0
cooking_oil_1L,549,29,90,4,1.0
cooking_oil_1L,550,35,90,4,1.0
cooking_oil_1L,551,20,90,4,1.0
cooking_oil_1L,552,21,90,4,1.0
cooking_oil_1L,553,34,90,4,1.0
cooking_oil_1L,554,30,90,4,1.0
cooking_oil_1L,555,31,90,4,1.0
cooking_oil_1L,556,24,90,4,1.0
cooking_oil_1L,557,30,90,4,1.0
cooking_oil_1L,558,39,90,4,1.0
cooking_oil_1L,559,34,90,4,1.0
cooking_oil_1L,560,31,90,4,1.0
cooking_oil_1L,561,28,90,4,1.0
cooking_oil_1L,562,28,90,4,1.0
cooking_oil_1L,563,20,90,4,1.0
cooking_oil_1L,564,31,90,4,1.0
cooking_oil_1L,565,34,90,4,1.0
cooking_oil_1L,566,23,90,4,1.0
cooking_oil_1L,567,27,90,4,1.0
cooking_oil_1L,568,25,90,4,1.0
cooking_oil_1L,569,26,90,4,1.0
cooking_oil_1L,570,30,90,4,1.0
cooking_oil_1L,571,21,90,4,1.0
cooking_oil_1L,572,33,90,4,1.0
cooking_oil_1L,573,33,90,4,1.0
cooking_oil_1L,574,29,90,4,1.0
cooking_oil_1L,575,19,90,4,1.0
cooking_oil_1L,576,26,90,4,1.0
cooking_oil_1L,577,36,90,4,1.0
cooking_oil_1L,578,17,90,4,1.0
cooking_oil_1L,579,28,90,4,1.0
cooking_oil_1L,580,25,90,4,1.0
cooking_oil_1L,581,34,90,4,1.0
cooking_oil_1L,582,27,90,4,1.0
cooking_oil_1L,583,32,90,4,1.0
cooking_oil_1L,584,33,90,4,1.0
cooking_oil_1L,585,38,90,4,1.0
cooking_oil_1L,586,29,90,4,1.0
cooking_oil_1L,587,32,90,4,1.0
cooking_oil_1L,588,23,90,4,1.0
cooking_oil_1L,589,35,90,4,1.0
cooking_oil_1L,590,27,90,4,1.0
cooking_oil_1L,591,27,90,4,1.0
cooking_oil_1L,592,30,90,4,1.0
cooking_oil_1L,593,23,90,4,1.0
cooking_oil_1L,594,31,90,4,1.0
cooking_oil_1L,595,34,90,4,1.0
cooking_oil_1L,596,31,90,4,1.0
cooking_oil_1L,597,23,90,4,1.0
cooking_oil_1L,598,29,90,4,1.0
cooking_oil_1L,599,33,90,4,1.0
cooking_oil_1L,600,22,90,4,1.0
cooking_oil_1L,601,25,90,4,1.0
cooking_oil_1L,602,34,90,4,1.0
cooking_oil_1L,603,31,90,4,1.0
cooking_oil_1L,604,32,90,4,1.0
cooking_oil_1L,605,38,90,4,1.0
cooking_oil_1L,606,32,90,4,1.0
cooking_oil_1L,607,33,90,4,1.0
cooking_oil_1L,608,42,90,4,1.0
cooking_oil_1L,609,29,90,4,1.0
cooking_oil_1L,610,26,90,4,1.0
cooking_oil_1L,611,32,90,4,1.0
cooking_oil_1L,612,32,90,4,1.0
cooking_oil_1L,613,28,90,4,1.0
cooking_oil_1L,614,25,90,4,1.0
cooking_oil_1L,615,40,90,4,1.0
cooking_oil_1L,616,31,90,4,1.0
cooking_oil_1L,617,27,90,4,1.0
cooking_oil_1L,618,34,90,4,1.0
cooking_oil_1L,619,30,90,4,1.0
cooking_oil_1L,620,29,90,4,1.0
cooking_oil_1L,621,33,90,4,1.0
cooking_oil_1L,622,24,90,4,1.0
cooking_oil_1L,623,32,90,4,1.0
cooking_oil_1L,624,39,90,4,1.0
cooking_oil_1L,625,32,90,4,1.0
cooking_oil_1L,626,28,90,4,1.0
cooking_oil_1L,627,28,90,4,1.0
cooking_oil_1L,628,28,90,4,1.0
cooking_oil_1L,629,29,90,4,1.0
cooking_oil_1L,630,28,90,4,1.0
cooking_oil_1L,631,34,90,4,1.0
cooking_oil_1L,632,22,90,4,1.0
cooking_oil_1L,633,34,90,4,1.0
cooking_oil_1L,634,28,90,4,1.0
cooking_oil_1L,635,32,90,4,1.0
cooking_oil_1L,636,25,90,4,1.0
cooking_oil_1L,637,36,90,4,1.0
cooking_oil_1L,638,36,90,4,1.0
cooking_oil_1L,639,34,90,4,1.0
cooking_oil_1L,640,23,90,4,1.0
cooking_oil_1L,641,34,90,4,1.0
cooking_oil_1L,642,32,90,4,1.0
cooking_oil_1L,643,23,90,4,1.0
cooking_oil_1L,644,30,90,4,1.0
cooking_oil_1L,645,32,90,4,1.0
cooking_oil_1L,646,33,90,4,1.0
cooking_oil_1L,647,31,90,4,1.0
cooking_oil_1L,648,31,90,4,1.0
cooking_oil_1L,649,37,90,4,1.0
cooking_oil_1L,650,36,90,4,1.0
cooking_oil_1L,651,17,90,4,1.0
cooking_oil_1L,652,29,90,4,1.0
cooking_oil_1L,653,29,90,4,1.0
cooking_oil_1L,654,22,90,4,1.0
cooking_oil_1L,655,30,90,4,1.0
cooking_oil_1L,656,36,90,4,1.0
cooking_oil_1L,657,25,90,4,1.0
cooking_oil_1L,658,32,90,4,1.0
cooking_oil_1L,659,26,90,4,1.0
cooking_oil_1L,660,27,90,4,1.0
cooking_oil_1L,661,37,90,4,1.0
cooking_oil_1L,662,28,90,4,1.0
cooking_oil_1L,663,32,90,4,1.0
cooking_oil_1L,664,22,90,4,1.0
cooking_oil_1L,665,38,90,4,1.0
cooking_oil_1L,666,33,90,4,1.0
cooking_oil_1L,667,29,90,4,1.0
cooking_oil_1L,668,33,90,4,1.0
cooking_oil_1L,669,24,90,4,1.0
cooking_oil_1L,670,35,90,4,1.0
cooking_oil_1L,671,29,90,4,1.0
cooking_oil_1L,672,29,90,4,1.0
cooking_oil_1L,673,28,90,4,1.0
cooking_oil_1L,674,27,90,4,1.0
cooking_oil_1L,675,33,90,4,1.0
cooking_oil_1L,676,31,90,4,1.0
cooking_oil_1L,677,33,90,4,1.0
cooking_oil_1L,678,30,90,4,1.0
cooking_oil_1L,679,32,90,4,1.0
cooking_oil_1L,680,28,90,4,1.0
cooking_oil_1L,681,40,90,4,1.0
cooking_oil_1L,682,23,90,4,1.0
cooking_oil_1L,683,36,90,4,1.0
cooking_oil_1L,684,36,90,4,1.0
cooking_oil_1L,685,26,90,4,1.0
cooking_oil_1L,686,40,90,4,1.0
cooking_oil_1L,687,34,90,4,1.0
cooking_oil_1L,688,34,90,4,1.0
cooking_oil_1L,689,30,90,4,1.0
cooking_oil_1L,690,29,90,4,1.0
cooking_oil_1L,691,29,90,4,1.0
cooking_oil_1L,692,32,90,4,1.0
cooking_oil_1L,693,36,90,4,1.0
cooking_oil_1L,694,31,90,4,1.0
cooking_oil_1L,695,26,90,4,1.0
cooking_oil_1L,696,34,90,4,1.0
cooking_oil_1L,697,34,90,4,1.0
cooking_oil_1L,698,33,90,4,1.0
cooking_oil_1L,699,33,90,4,1.0
cooking_oil_1L,700,29,90,4,1.0
cooking_oil_1L,701,26,90,4,1.0
cooking_oil_1L,702,26,90,4,1.0
cooking_oil_1L,703,23,90,4,1.0
cooking_oil_1L,704,31,90,4,1.0
cooking_oil_1L,705,30,90,4,1.0
cooking_oil_1L,706,28,90,4,1.0
cooking_oil_1L,707,17,90,4,1.0
cooking_oil_1L,708,24,90,4,1.0
cooking_oil_1L,709,35,90,4,1.0
cooking_oil_1L,710,27,90,4,1.0
cooking_oil_1L,711,32,90,4,1.0
cooking_oil_1L,712,24,90,4,1.0
cooking_oil_1L,713,36,90,4,1.0
cooking_oil_1L,714,29,90,4,1.0
cooking_oil_1L,715,31,90,4,1.0
cooking_oil_1L,716,40,90,4,1.0
cooking_oil_1L,717,37,90,4,1.0
cooking_oil_1L,718,29,90,4,1.0
cooking_oil_1L,719,27,90,4,1.0
cooking_oil_1L,720,29,90,4,1.0
cooking_oil_1L,721,32,90,4,1.0
cooking_oil_1L,722,30,90,4,1.0
cooking_oil_1L,723,28,90,4,1.0
cooking_oil_1L,724,37,90,4,1.0
cooking_oil_1L,725,29,90,4,1.0
cooking_oil_1L,726,40,90,4,1.0
cooking_oil_1L,727,30,90,4,1.0
cooking_oil_1L,728,38,90,4,1.0
cooking_oil_1L,729,32,90,4,1.0
wheat_flour_2kg,0,30,40,5,1.5
wheat_flour_2kg,1,21,40,5,1.5
wheat_flour_2kg,2,21,40,5,1.5
wheat_flour_2kg,3,27,40,5,1.5
wheat_flour_2kg,4,30,40,5,1.5
wheat_flour_2kg,5,25,40,5,1.5
wheat_flour_2kg,6,19,40,5,1.5
wheat_flour_2kg,7,18,40,5,1.5
wheat_flour_2kg,8,18,40,5,1.5
wheat_flour_2kg,9,16,40,5,1.5
wheat_flour_2kg,10,26,40,5,1.5
wheat_flour_2kg,11,31,40,5,1.5
wheat_flour_2kg,12,25,40,5,1.5
wheat_flour_2kg,13,14,40,5,1.5
wheat_flour_2kg,14,24,40,5,1.5
wheat_flour_2kg,15,24,40,5,1.5
wheat_flour_2kg,16,35,40,5,1.5
wheat_flour_2kg,17,18,40,5,1.5
wheat_flour_2kg,18,23,40,5,1.5
wheat_flour_2kg,19,34,40,5,1.5
wheat_flour_2kg,20,27,40,5,1.5
wheat_flour_2kg,21,28,40,5,1.5
wheat_flour_2kg,22,26,40,5,1.5
wheat_flour_2kg,23,27,40,5,1.5
wheat_flour_2kg,24,29,40,5,1.5
wheat_flour_2kg,25,21,40,5,1.5
wheat_flour_2kg,26,29,40,5,1.5
wheat_flour_2kg,27,18,40,5,1.5
wheat_flour_2kg,28,27,40,5,1.5
wheat_flour_2kg,29,26,40,5,1.5
wheat_flour_2kg,30,22,40,5,1.5
wheat_flour_2kg,31,25,40,5,1.5
wheat_flour_2kg,32,22,40,5,1.5
wheat_flour_2kg,33,20,40,5,1.5
wheat_flour_2kg,34,23,40,5,1.5
wheat_flour_2kg,35,19,40,5,1.5
wheat_flour_2kg,36,27,40,5,1.5
wheat_flour_2kg,37,19,40,5,1.5
wheat_flour_2kg,38,29,40,5,1.5
wheat_flour_2kg,39,19,40,5,1.5
wheat_flour_2kg,40,22,40,5,1.5
wheat_flour_2kg,41,22,40,5,1.5
wheat_flour_2kg,42,32,40,5,1.5
wheat_flour_2kg,43,27,40,5,1.5
wheat_flour_2kg,44,24,40,5,1.5
wheat_flour_2kg,45,27,40,5,1.5
wheat_flour_2kg,46,14,40,5,1.5
wheat_flour_2kg,47,25,40,5,1.5
wheat_flour_2kg,48,35,40,5,1.5
wheat_flour_2kg,49,26,40,5,1.5
wheat_flour_2kg,50,25,40,5,1.5
wheat_flour_2kg,51,28,40,5,1.5
wheat_flour_2kg,52,29,40,5,1.5
wheat_flour_2kg,53,15,40,5,1.5
wheat_flour_2kg,54,17,40,5,1.5
wheat_flour_2kg,55,26,40,5,1.5
wheat_flour_2kg,56,21,40,5,1.5
wheat_flour_2kg,57,32,40,5,1.5
wheat_flour_2kg,58,23,40,5,1.5
wheat_flour_2kg,59,15,40,5,1.5
wheat_flour_2kg,60,19,40,5,1.5
wheat_flour_2kg,61,11,40,5,1.5
wheat_flour_2kg,62,24,40,5,1.5
wheat_flour_2kg,63,24,40,5,1.5
wheat_flour_2kg,64,23,40,5,1.5
wheat_flour_2kg,65,30,40,5,1.5
wheat_flour_2kg,66,31,40,5,1.5
wheat_flour_2kg,67,24,40,5,1.5
wheat_flour_2kg,68,14,40,5,1.5
wheat_flour_2kg,69,28,40,5,1.5
wheat_flour_2kg,70,28,40,5,1.5
wheat_flour_2kg,71,27,40,5,1.5
wheat_flour_2kg,72,30,40,5,1.5
wheat_flour_2kg,73,19,40,5,1.5
wheat_flour_2kg,74,35,40,5,1.5
wheat_flour_2kg,75,20,40,5,1.5
wheat_flour_2kg,76,29,40,5,1.5
wheat_flour_2kg,77,17,40,5,1.5
wheat_flour_2kg,78,20,40,5,1.5
wheat_flour_2kg,79,33,40,5,1.5
wheat_flour_2kg,80,24,40,5,1.5
wheat_flour_2kg,81,29,40,5,1.5
wheat_flour_2kg,82,26,40,5,1.5
wheat_flour_2kg,83,24,40,5,1.5
wheat_flour_2kg,84,32,40,5,1.5
wheat_flour_2kg,85,24,40,5,1.5
wheat_flour_2kg,86,16,40,5,1.5
wheat_flour_2kg,87,21,40,5,1.5
wheat_flour_2kg,88,28,40,5,1.5
wheat_flour_2kg,89,27,40,5,1.5
wheat_flour_2kg,90,17,40,5,1.5
wheat_flour_2kg,91,21,40,5,1.5
wheat_flour_2kg,92,22,40,5,1.5
wheat_flour_2kg,93,23,40,5,1.5
wheat_flour_2kg,94,18,40,5,1.5
wheat_flour_2kg,95,22,40,5,1.5
wheat_flour_2kg,96,21,40,5,1.5
wheat_flour_2kg,97,29,40,5,1.5
wheat_flour_2kg,98,29,40,5,1.5
wheat_flour_2kg,99,24,40,5,1.5
wheat_flour_2kg,100,23,40,5,1.5
wheat_flour_2kg,101,26,40,5,1.5
wheat_flour_2kg,102,21,40,5,1.5
wheat_flour_2kg,103,19,40,5,1.5
wheat_flour_2kg,104,20,40,5,1.5
wheat_flour_2kg,105,22,40,5,1.5
wheat_flour_2kg,106,19,40,5,1.5
wheat_flour_2kg,107,26,40,5,1.5
wheat_flour_2kg,108,29,40,5,1.5
wheat_flour_2kg,109,17,40,5,1.5
wheat_flour_2kg,110,25,40,5,1.5
wheat_flour_2kg,111,24,40,5,1.5
wheat_flour_2kg,112,27,40,5,1.5
wheat_flour_2kg,113,25,40,5,1.5
wheat_flour_2kg,114,18,40,5,1.5
wheat_flour_2kg,115,19,40,5,1.5
wheat_flour_2kg,116,25,40,5,1.5
wheat_flour_2kg,117,30,40,5,1.5
wheat_flour_2kg,118,14,40,5,1.5
wheat_flour_2kg,119,27,40,5,1.5
wheat_flour_2kg,120,31,40,5,1.5
wheat_flour_2kg,121,24,40,5,1.5
wheat_flour_2kg,122,28,40,5,1.5
wheat_flour_2kg,123,21,40,5,1.5
wheat_flour_2kg,124,24,40,5,1.5
wheat_flour_2kg,125,17,40,5,1.5
wheat_flour_2kg,126,13,40,5,1.5
wheat_flour_2kg,127,30,40,5,1.5
wheat_flour_2kg,128,20,40,5,1.5
wheat_flour_2kg,129,23,40,5,1.5
wheat_flour_2kg,130,18,40,5,1.5
wheat_flour_2kg,131,18,40,5,1.5
wheat_flour_2kg,132,24,40,5,1.5
wheat_flour_2kg,133,21,40,5,1.5
wheat_flour_2kg,134,27,40,5,1.5
wheat_flour_2kg,135,27,40,5,1.5
wheat_flour_2kg,136,27,40,5,1.5
wheat_flour_2kg,137,26,40,5,1.5
wheat_flour_2kg,138,33,40,5,1.5
wheat_flour_2kg,139,20,40,5,1.5
wheat_flour_2kg,140,25,40,5,1.5
wheat_flour_2kg,141,31,40,5,1.5
wheat_flour_2kg,142,31,40,5,1.5
wheat_flour_2kg,143,18,40,5,1.5
wheat_flour_2kg,144,23,40,5,1.5
wheat_flour_2kg,145,32,40,5,1.5
wheat_flour_2kg,146,28,40,5,1.5
wheat_flour_2kg,147,26,40,5,1.5
wheat_flour_2kg,148,24,40,5,1.5
wheat_flour_2kg,149,23,40,5,1.5
wheat_flour_2kg,150,26,40,5,1.5
wheat_flour_2kg,151,24,40,5,1.5
wheat_flour_2kg,152,25,40,5,1.5
wheat_flour_2kg,153,25,40,5,1.5
wheat_flour_2kg,154,22,40,5,1.5
wheat_flour_2kg,155,28,40,5,1.5
wheat_flour_2kg,156,40,40,5,1.5
wheat_flour_2kg,157,16,40,5,1.5
wheat_flour_2kg,158,27,40,5,1.5
wheat_flour_2kg,159,21,40,5,1.5
wheat_flour_2kg,160,28,40,5,1.5
wheat_flour_2kg,161,25,40,5,1.5
wheat_flour_2kg,162,29,40,5,1.5
wheat_flour_2kg,163,31,40,5,1.5
wheat_flour_2kg,164,26,40,5,1.5
wheat_flour_2kg,165,31,40,5,1.5
wheat_flour_2kg,166,13,40,5,1.5
wheat_flour_2kg,167,33,40,5,1.5
wheat_flour_2kg,168,27,40,5,1.5
wheat_flour_2kg,169,30,40,5,1.5
wheat_flour_2kg,170,19,40,5,1.5
wheat_flour_2kg,171,21,40,5,1.5
wheat_flour_2kg,172,26,40,5,1.5
wheat_flour_2kg,173,25,40,5,1.5
wheat_flour_2kg,174,26,40,5,1.5
wheat_flour_2kg,175,30,40,5,1.5
wheat_flour_2kg,176,16,40,5,1.5
wheat_flour_2kg,177,30,40,5,1.5
wheat_flour_2kg,178,25,40,5,1.5
wheat_flour_2kg,179,24,40,5,1.5
wheat_flour_2kg,180,18,40,5,1.5
wheat_flour_2kg,181,28,40,5,1.5
wheat_flour_2kg,182,13,40,5,1.5
wheat_flour_2kg,183,28,40,5,1.5
wheat_flour_2kg,184,18,40,5,1.5
wheat_flour_2kg,185,25,40,5,1.5
wheat_flour_2kg,186,24,40,5,1.5
wheat_flour_2kg,187,31,40,5,1.5
wheat_flour_2kg,188,24,40,5,1.5
wheat_flour_2kg,189,22,40,5,1.5
wheat_flour_2kg,190,22,40,5,1.5
wheat_flour_2kg,191,31,40,5,1.5
wheat_flour_2kg,192,28,40,5,1.5
wheat_flour_2kg,193,23,40,5,1.5
wheat_flour_2kg,194,24,40,5,1.5
wheat_flour_2kg,195,17,40,5,1.5
wheat_flour_2kg,196,27,40,5,1.5
wheat_flour_2kg,197,16,40,5,1.5
wheat_flour_2kg,198,29,40,5,1.5
wheat_flour_2kg,199,26,40,5,1.5
wheat_flour_2kg,200,37,40,5,1.5
wheat_flour_2kg,201,19,40,5,1.5
wheat_flour_2kg,202,24,40,5,1.5
wheat_flour_2kg,203,34,40,5,1.5
wheat_flour_2kg,204,31,40,5,1.5
wheat_flour_2kg,205,22,40,5,1.5
wheat_flour_2kg,206,26,40,5,1.5
wheat_flour_2kg,207,25,40,5,1.5
wheat_flour_2kg,208,26,40,5,1.5
wheat_flour_2kg,209,22,40,5,1.5
wheat_flour_2kg,210,25,40,5,1.5
wheat_flour_2kg,211,17,40,5,1.5
wheat_flour_2kg,212,26,40,5,1.5
wheat_flour_2kg,213,27,40,5,1.5
wheat_flour_2kg,214,24,40,5,1.5
wheat_flour_2kg,215,17,40,5,1.5
wheat_flour_2kg,216,30,40,5,1.5
wheat_flour_2kg,217,27,40,5,1.5
wheat_flour_2kg,218,21,40,5,1.5
wheat_flour_2kg,219,24,40,5,1.5
wheat_flour_2kg,220,17,40,5,1.5
wheat_flour_2kg,221,20,40,5,1.5
wheat_flour_2kg,222,22,40,5,1.5
wheat_flour_2kg,223,31,40,5,1.5
wheat_flour_2kg,224,22,40,5,1.5
wheat_flour_2kg,225,28,40,5,1.5
wheat_flour_2kg,226,22,40,5,1.5
wheat_flour_2kg,227,26,40,5,1.5
wheat_flour_2kg,228,24,40,5,1.5
wheat_flour_2kg,229,29,40,5,1.5
wheat_flour_2kg,230,22,40,5,1.5
wheat_flour_2kg,231,17,40,5,1.5
wheat_flour_2kg,232,18,40,5,1.5
wheat_flour_2kg,233,22,40,5,1.5
wheat_flour_2kg,234,19,40,5,1.5
wheat_flour_2kg,235,27,40,5,1.5
wheat_flour_2kg,236,23,40,5,1.5
wheat_flour_2kg,237,37,40,5,1.5
wheat_flour_2kg,238,16,40,5,1.5
wheat_flour_2kg,239,26,40,5,1.5
wheat_flour_2kg,240,19,40,5,1.5
wheat_flour_2kg,241,23,40,5,1.5
wheat_flour_2kg,242,26,40,5,1.5
wheat_flour_2kg,243,13,40,5,1.5
wheat_flour_2kg,244,26,40,5,1.5
wheat_flour_2kg,245,35,40,5,1.5
wheat_flour_2kg,246,23,40,5,1.5
wheat_flour_2kg,247,26,40,5,1.5
wheat_flour_2kg,248,30,40,5,1.5
wheat_flour_2kg,249,24,40,5,1.5
wheat_flour_2kg,250,22,40,5,1.5
wheat_flour_2kg,251,14,40,5,1.5
wheat_flour_2kg,252,28,40,5,1.5
wheat_flour_2kg,253,24,40,5,1.5
wheat_flour_2kg,254,20,40,5,1.5
wheat_flour_2kg,255,26,40,5,1.5
wheat_flour_2kg,256,22,40,5,1.5
wheat_flour_2kg,257,22,40,5,1.5
wheat_flour_2kg,258,28,40,5,1.5
wheat_flour_2kg,259,18,40,5,1.5
wheat_flour_2kg,260,30,40,5,1.5
wheat_flour_2kg,261,18,40,5,1.5
wheat_flour_2kg,262,22,40,5,1.5
wheat_flour_2kg,263,35,40,5,1.5
wheat_flour_2kg,264,31,40,5,1.5
wheat_flour_2kg,265,25,40,5,1.5
wheat_flour_2kg,266,20,40,5,1.5
wheat_flour_2kg,267,22,40,5,1.5
wheat_flour_2kg,268,25,40,5,1.5
wheat_flour_2kg,269,25,40,5,1.5
wheat_flour_2kg,270,25,40,5,1.5
wheat_flour_2kg,271,25,40,5,1.5
wheat_flour_2kg,272,24,40,5,1.5
wheat_flour_2kg,273,18,40,5,1.5
wheat_flour_2kg,274,22,40,5,1.5
wheat_flour_2kg,275,30,40,5,1.5
wheat_flour_2kg,276,18,40,5,1.5
wheat_flour_2kg,277,24,40,5,1.5
wheat_flour_2kg,278,21,40,5,1.5
wheat_flour_2kg,279,26,40,5,1.5
wheat_flour_2kg,280,23,40,5,1.5
wheat_flour_2kg,281,32,40,5,1.5
wheat_flour_2kg,282,28,40,5,1.5
wheat_flour_2kg,283,18,40,5,1.5
wheat_flour_2kg,284,28,40,5,1.5
wheat_flour_2kg,285,21,40,5,1.5
wheat_flour_2kg,286,22,40,5,1.5
wheat_flour_2kg,287,27,40,5,1.5
wheat_flour_2kg,288,23,40,5,1.5
wheat_flour_2kg,289,29,40,5,1.5
wheat_flour_2kg,290,21,40,5,1.5
wheat_flour_2kg,291,22,40,5,1.5
wheat_flour_2kg,292,22,40,5,1.5
wheat_flour_2kg,293,22,40,5,1.5
wheat_flour_2kg,294,30,40,5,1.5
wheat_flour_2kg,295,28,40,5,1.5
wheat_flour_2kg,296,34,40,5,1.5
wheat_flour_2kg,297,36,40,5,1.5
wheat_flour_2kg,298,20,40,5,1.5
wheat_flour_2kg,299,25,40,5,1.5
wheat_flour_2kg,300,19,40,5,1.5
wheat_flour_2kg,301,21,40,5,1.5
wheat_flour_2kg,302,22,40,5,1.5
wheat_flour_2kg,303,20,40,5,1.5
wheat_flour_2kg,304,20,40,5,1.5
wheat_flour_2kg,305,24,40,5,1.5
wheat_flour_2kg,306,19,40,5,1.5
wheat_flour_2kg,307,29,40,5,1.5
wheat_flour_2kg,308,20,40,5,1.5
wheat_flour_2kg,309,39,40,5,1.5
wheat_flour_2kg,310,23,40,5,1.5
wheat_flour_2kg,311,25,40,5,1.5
wheat_flour_2kg,312,19,40,5,1.5
wheat_flour_2kg,313,34,40,5,1.5
wheat_flour_2kg,314,31,40,5,1.5
wheat_flour_2kg,315,26,40,5,1.5
wheat_flour_2kg,316,18,40,5,1.5
wheat_flour_2kg,317,26,40,5,1.5
wheat_flour_2kg,318,19,40,5,1.5
wheat_flour_2kg,319,32,40,5,1.5
wheat_flour_2kg,320,29,40,5,1.5
wheat_flour_2kg,321,25,40,5,1.5
wheat_flour_2kg,322,13,40,5,1.5
wheat_flour_2kg,323,20,40,5,1.5
wheat_flour_2kg,324,28,40,5,1.5
wheat_flour_2kg,325,31,40,5,1.5
wheat_flour_2kg,326,31,40,5,1.5
wheat_flour_2kg,327,17,40,5,1.5
wheat_flour_2kg,328,27,40,5,1.5
wheat_flour_2kg,329,30,40,5,1.5
wheat_flour_2kg,330,17,40,5,1.5
wheat_flour_2kg,331,25,40,5,1.5
wheat_flour_2kg,332,26,40,5,1.5
wheat_flour_2kg,333,23,40,5,1.5
wheat_flour_2kg,334,16,40,5,1.5
wheat_flour_2kg,335,23,40,5,1.5
wheat_flour_2kg,336,23,40,5,1.5
wheat_flour_2kg,337,24,40,5,1.5
wheat_flour_2kg,338,22,40,5,1.5
wheat_flour_2kg,339,23,40,5,1.5
wheat_flour_2kg,340,25,40,5,1.5
wheat_flour_2kg,341,27,40,5,1.5
wheat_flour_2kg,342,23,40,5,1.5
wheat_flour_2kg,343,23,40,5,1.5
wheat_flour_2kg,344,25,40,5,1.5
wheat_flour_2kg,345,15,40,5,1.5
wheat_flour_2kg,346,27,40,5,1.5
wheat_flour_2kg,347,25,40,5,1.5
wheat_flour_2kg,348,25,40,5,1.5
wheat_flour_2kg,349,30,40,5,1.5
wheat_flour_2kg,350,15,40,5,1.5
wheat_flour_2kg,351,15,40,5,1.5
wheat_flour_2kg,352,26,40,5,1.5
wheat_flour_2kg,353,25,40,5,1.5
wheat_flour_2kg,354,26,40,5,1.5
wheat_flour_2kg,355,23,40,5,1.5
wheat_flour_2kg,356,28,40,5,1.5
wheat_flour_2kg,357,30,40,5,1.5
wheat_flour_2kg,358,27,40,5,1.5
wheat_flour_2kg,359,24,40,5,1.5
wheat_flour_2kg,360,14,40,5,1.5
wheat_flour_2kg,361,29,40,5,1.5
wheat_flour_2kg,362,31,40,5,1.5
wheat_flour_2kg,363,28,40,5,1.5
wheat_flour_2kg,364,21,40,5,1.5
wheat_flour_2kg,365,28,40,5,1.5
wheat_flour_2kg,366,29,40,5,1.5
wheat_flour_2kg,367,33,40,5,1.5
wheat_flour_2kg,368,21,40,5,1.5
wheat_flour_2kg,369,24,40,5,1.5
wheat_flour_2kg,370,29,40,5,1.5
wheat_flour_2kg,371,25,40,5,1.5
wheat_flour_2kg,372,19,40,5,1.5
wheat_flour_2kg,373,27,40,5,1.5
wheat_flour_2kg,374,28,40,5,1.5
wheat_flour_2kg,375,25,40,5,1.5
wheat_flour_2kg,376,26,40,5,1.5
wheat_flour_2kg,377,24,40,5,1.5
wheat_flour_2kg,378,32,40,5,1.5
wheat_flour_2kg,379,20,40,5,1.5
wheat_flour_2kg,380,22,40,5,1.5
wheat_flour_2kg,381,25,40,5,1.5
wheat_flour_2kg,382,29,40,5,1.5
wheat_flour_2kg,383,18,40,5,1.5
wheat_flour_2kg,384,18,40,5,1.5
wheat_flour_2kg,385,15,40,5,1.5
wheat_flour_2kg,386,25,40,5,1.5
wheat_flour_2kg,387,19,40,5,1.5
wheat_flour_2kg,388,23,40,5,1.5
wheat_flour_2kg,389,28,40,5,1.5
wheat_flour_2kg,390,22,40,5,1.5
wheat_flour_2kg,391,26,40,5,1.5
wheat_flour_2kg,392,24,40,5,1.5
wheat_flour_2kg,393,28,40,5,1.5
wheat_flour_2kg,394,27,40,5,1.5
wheat_flour_2kg,395,22,40,5,1.5
wheat_flour_2kg,396,24,40,5,1.5
wheat_flour_2kg,397,30,40,5,1.5
wheat_flour_2kg,398,27,40,5,1.5
wheat_flour_2kg,399,18,40,5,1.5
wheat_flour_2kg,400,28,40,5,1.5
wheat_flour_2kg,401,20,40,5,1.5
wheat_flour_2kg,402,32,40,5,1.5
wheat_flour_2kg,403,30,40,5,1.5
wheat_flour_2kg,404,26,40,5,1.5
wheat_flour_2kg,405,26,40,5,1.5
wheat_flour_2kg,406,24,40,5,1.5
wheat_flour_2kg,407,28,40,5,1.5
wheat_flour_2kg,408,23,40,5,1.5
wheat_flour_2kg,409,26,40,5,1.5
wheat_flour_2kg,410,29,40,5,1.5
wheat_flour_2kg,411,22,40,5,1.5
wheat_flour_2kg,412,22,40,5,1.5
wheat_flour_2kg,413,19,40,5,1.5
wheat_flour_2kg,414,20,40,5,1.5
wheat_flour_2kg,415,16,40,5,1.5
wheat_flour_2kg,416,29,40,5,1.5
wheat_flour_2kg,417,34,40,5,1.5
wheat_flour_2kg,418,32,40,5,1.5
wheat_flour_2kg,419,17,40,5,1.5
wheat_flour_2kg,420,29,40,5,1.5
wheat_flour_2kg,421,32,40,5,1.5
wheat_flour_2kg,422,23,40,5,1.5
wheat_flour_2kg,423,26,40,5,1.5
wheat_flour_2kg,424,15,40,5,1.5
wheat_flour_2kg,425,26,40,5,1.5
wheat_flour_2kg,426,20,40,5,1.5
wheat_flour_2kg,427,26,40,5,1.5
wheat_flour_2kg,428,17,40,5,1.5
wheat_flour_2kg,429,28,40,5,1.5
wheat_flour_2kg,430,30,40,5,1.5
wheat_flour_2kg,431,21,40,5,1.5
wheat_flour_2kg,432,19,40,5,1.5
wheat_flour_2kg,433,14,40,5,1.5
wheat_flour_2kg,434,24,40,5,1.5
wheat_flour_2kg,435,22,40,5,1.5
wheat_flour_2kg,436,17,40,5,1.5
wheat_flour_2kg,437,27,40,5,1.5
wheat_flour_2kg,438,23,40,5,1.5
wheat_flour_2kg,439,20,40,5,1.5
wheat_flour_2kg,440,22,40,5,1.5
wheat_flour_2kg,441,30,40,5,1.5
wheat_flour_2kg,442,28,40,5,1.5
wheat_flour_2kg,443,24,40,5,1.5
wheat_flour_2kg,444,28,40,5,1.5
wheat_flour_2kg,445,19,40,5,1.5
wheat_flour_2kg,446,25,40,5,1.5
wheat_flour_2kg,447,26,40,5,1.5
wheat_flour_2kg,448,23,40,5,1.5
wheat_flour_2kg,449,27,40,5,1.5
wheat_flour_2kg,450,21,40,5,1.5
wheat_flour_2kg,451,28,40,5,1.5
wheat_flour_2kg,452,28,40,5,1.5
wheat_flour_2kg,453,10,40,5,1.5
wheat_flour_2kg,454,31,40,5,1.5
wheat_flour_2kg,455,10,40,5,1.5
wheat_flour_2kg,456,22,40,5,1.5
wheat_flour_2kg,457,30,40,5,1.5
wheat_flour_2kg,458,23,40,5,1.5
wheat_flour_2kg,459,18,40,5,1.5
wheat_flour_2kg,460,20,40,5,1.5
wheat_flour_2kg,461,30,40,5,1.5
wheat_flour_2kg,462,15,40,5,1.5
wheat_flour_2kg,463,31,40,5,1.5
wheat_flour_2kg,464,25,40,5,1.5
wheat_flour_2kg,465,19,40,5,1.5
wheat_flour_2kg,466,22,40,5,1.5
wheat_flour_2kg,467,20,40,5,1.5
wheat_flour_2kg,468,29,40,5,1.5
wheat_flour_2kg,469,29,40,5,1.5
wheat_flour_2kg,470,16,40,5,1.5
wheat_flour_2kg,471,23,40,5,1.5
wheat_flour_2kg,472,21,40,5,1.5
wheat_flour_2kg,473,31,40,5,1.5
wheat_flour_2kg,474,18,40,5,1.5
wheat_flour_2kg,475,33,40,5,1.5
wheat_flour_2kg,476,25,40,5,1.5
wheat_flour_2kg,477,19,40,5,1.5
wheat_flour_2kg,478,22,40,5,1.5
wheat_flour_2kg,479,21,40,5,1.5
wheat_flour_2kg,480,19,40,5,1.5
wheat_flour_2kg,481,25,40,5,1.5
wheat_flour_2kg,482,19,40,5,1.5
wheat_flour_2kg,483,14,40,5,1.5
wheat_flour_2kg,484,23,40,5,1.5
wheat_flour_2kg,485,16,40,5,1.5
wheat_flour_2kg,486,21,40,5,1.5
wheat_flour_2kg,487,20,40,5,1.5
wheat_flour_2kg,488,21,40,5,1.5
wheat_flour_2kg,489,35,40,5,1.5
wheat_flour_2kg,490,25,40,5,1.5
wheat_flour_2kg,491,26,40,5,1.5
wheat_flour_2kg,492,16,40,5,1.5
wheat_flour_2kg,493,22,40,5,1.5
wheat_flour_2kg,494,26,40,5,1.5
wheat_flour_2kg,495,20,40,5,1.5
wheat_flour_2kg,496,30,40,5,1.5
wheat_flour_2kg,497,19,40,5,1.5
wheat_flour_2kg,498,24,40,5,1.5
wheat_flour_2kg,499,22,40,5,1.5
wheat_flour_2kg,500,26,40,5,1.5
wheat_flour_2kg,501,22,40,5,1.5
wheat_flour_2kg,502,24,40,5,1.5
wheat_flour_2kg,503,24,40,5,1.5
wheat_flour_2kg,504,21,40,5,1.5
wheat_flour_2kg,505,27,40,5,1.5
wheat_flour_2kg,506,26,40,5,1.5
wheat_flour_2kg,507,25,40,5,1.5
wheat_flour_2kg,508,23,40,5,1.5
wheat_flour_2kg,509,29,40,5,1.5
wheat_flour_2kg,510,24,40,5,1.5
wheat_flour_2kg,511,23,40,5,1.5
wheat_flour_2kg,512,26,40,5,1.5
wheat_flour_2kg,513,33,40,5,1.5
wheat_flour_2kg,514,18,40,5,1.5
wheat_flour_2kg,515,29,40,5,1.5
wheat_flour_2kg,516,16,40,5,1.5
wheat_flour_2kg,517,26,40,5,1.5
wheat_flour_2kg,518,33,40,5,1.5
wheat_flour_2kg,519,27,40,5,1.5
wheat_flour_2kg,520,26,40,5,1.5
wheat_flour_2kg,521,22,40,5,1.5
wheat_flour_2kg,522,25,40,5,1.5
wheat_flour_2kg,523,24,40,5,1.5
wheat_flour_2kg,524,21,40,5,1.5
wheat_flour_2kg,525,24,40,5,1.5
wheat_flour_2kg,526,26,40,5,1.5
wheat_flour_2kg,527,21,40,5,1.5
wheat_flour_2kg,528,21,40,5,1.5
wheat_flour_2kg,529,18,40,5,1.5
wheat_flour_2kg,530,27,40,5,1.5
wheat_flour_2kg,531,28,40,5,1.5
wheat_flour_2kg,532,26,40,5,1.5
wheat_flour_2kg,533,30,40,5,1.5
wheat_flour_2kg,534,25,40,5,1.5
wheat_flour_2kg,535,27,40,5,1.5
wheat_flour_2kg,536,27,40,5,1.5
wheat_flour_2kg,537,25,40,5,1.5
wheat_flour_2kg,538,22,40,5,1.5
wheat_flour_2kg,539,36,40,5,1.5
wheat_flour_2kg,540,23,40,5,1.5
wheat_flour_2kg,541,22,40,5,1.5
wheat_flour_2kg,542,27,40,5,1.5
wheat_flour_2kg,543,26,40,5,1.5
wheat_flour_2kg,544,18,40,5,1.5
wheat_flour_2kg,545,31,40,5,1.5
wheat_flour_2kg,546,25,40,5,1.5
wheat_flour_2kg,547,19,40,5,1.5
wheat_flour_2kg,548,31,40,5,1.5
wheat_flour_2kg,549,28,40,5,1.5
wheat_flour_2kg,550,19,40,5,1.5
wheat_flour_2kg,551,34,40,5,1.5
wheat_flour_2kg,552,28,40,5,1.5
wheat_flour_2kg,553,25,40,5,1.5
wheat_flour_2kg,554,33,40,5,1.5
wheat_flour_2kg,555,26,40,5,1.5
wheat_flour_2kg,556,25,40,5,1.5
wheat_flour_2kg,557,22,40,5,1.5
wheat_flour_2kg,558,28,40,5,1.5
wheat_flour_2kg,559,27,40,5,1.5
wheat_flour_2kg,560,25,40,5,1.5
wheat_flour_2kg,561,21,40,5,1.5
wheat_flour_2kg,562,26,40,5,1.5
wheat_flour_2kg,563,25,40,5,1.5
wheat_flour_2kg,564,18,40,5,1.5
wheat_flour_2kg,565,18,40,5,1.5
wheat_flour_2kg,566,28,40,5,1.5
wheat_flour_2kg,567,12,40,5,1.5
wheat_flour_2kg,568,26,40,5,1.5
wheat_flour_2kg,569,23,40,5,1.5
wheat_flour_2kg,570,32,40,5,1.5
wheat_flour_2kg,571,23,40,5,1.5
wheat_flour_2kg,572,28,40,5,1.5
wheat_flour_2kg,573,23,40,5,1.5
wheat_flour_2kg,574,26,40,5,1.5
wheat_flour_2kg,575,29,40,5,1.5
wheat_flour_2kg,576,23,40,5,1.5
wheat_flour_2kg,577,30,40,5,1.5
wheat_flour_2kg,578,20,40,5,1.5
wheat_flour_2kg,579,26,40,5,1.5
wheat_flour_2kg,580,30,40,5,1.5
wheat_flour_2kg,581,28,40,5,1.5
wheat_flour_2kg,582,35,40,5,1.5
wheat_flour_2kg,583,21,40,5,1.5
wheat_flour_2kg,584,18,40,5,1.5
wheat_flour_2kg,585,20,40,5,1.5
wheat_flour_2kg,586,28,40,5,1.5
wheat_flour_2kg,587,27,40,5,1.5
wheat_flour_2kg,588,26,40,5,1.5
wheat_flour_2kg,589,19,40,5,1.5
wheat_flour_2kg,590,29,40,5,1.5
wheat_flour_2kg,591,19,40,5,1.5
wheat_flour_2kg,592,31,40,5,1.5
wheat_flour_2kg,593,39,40,5,1.5
wheat_flour_2kg,594,27,40,5,1.5
wheat_flour_2kg,595,28,40,5,1.5
wheat_flour_2kg,596,23,40,5,1.5
wheat_flour_2kg,597,16,40,5,1.5
wheat_flour_2kg,598,22,40,5,1.5
wheat_flour_2kg,599,20,40,5,1.5
wheat_flour_2kg,600,18,40,5,1.5
wheat_flour_2kg,601,34,40,5,1.5
wheat_flour_2kg,602,26,40,5,1.5
wheat_flour_2kg,603,27,40,5,1.5
wheat_flour_2kg,604,23,40,5,1.5
wheat_flour_2kg,605,24,40,5,1.5
wheat_flour_2kg,606,30,40,5,1.5
wheat_flour_2kg,607,25,40,5,1.5
wheat_flour_2kg,608,28,40,5,1.5
wheat_flour_2kg,609,24,40,5,1.5
wheat_flour_2kg,610,23,40,5,1.5
wheat_flour_2kg,611,18,40,5,1.5
wheat_flour_2kg,612,15,40,5,1.5
wheat_flour_2kg,613,24,40,5,1.5
wheat_flour_2kg,614,25,40,5,1.5
wheat_flour_2kg,615,19,40,5,1.5
wheat_flour_2kg,616,25,40,5,1.5
wheat_flour_2kg,617,25,40,5,1.5
wheat_flour_2kg,618,14,40,5,1.5
wheat_flour_2kg,619,20,40,5,1.5
wheat_flour_2kg,620,27,40,5,1.5
wheat_flour_2kg,621,27,40,5,1.5
wheat_flour_2kg,622,19,40,5,1.5
wheat_flour_2kg,623,26,40,5,1.5
wheat_flour_2kg,624,30,40,5,1.5
wheat_flour_2kg,625,29,40,5,1.5
wheat_flour_2kg,626,25,40,5,1.5
wheat_flour_2kg,627,23,40,5,1.5
wheat_flour_2kg,628,22,40,5,1.5
wheat_flour_2kg,629,27,40,5,1.5
wheat_flour_2kg,630,26,40,5,1.5
wheat_flour_2kg,631,28,40,5,1.5
wheat_flour_2kg,632,26,40,5,1.5
wheat_flour_2kg,633,29,40,5,1.5
wheat_flour_2kg,634,25,40,5,1.5
wheat_flour_2kg,635,29,40,5,1.5
wheat_flour_2kg,636,29,40,5,1.5
wheat_flour_2kg,637,21,40,5,1.5
wheat_flour_2kg,638,16,40,5,1.5
wheat_flour_2kg,639,33,40,5,1.5
wheat_flour_2kg,640,26,40,5,1.5
wheat_flour_2kg,641,16,40,5,1.5
wheat_flour_2kg,642,21,40,5,1.5
wheat_flour_2kg,643,29,40,5,1.5
wheat_flour_2kg,644,24,40,5,1.5
wheat_flour_2kg,645,22,40,5,1.5
wheat_flour_2kg,646,32,40,5,1.5
wheat_flour_2kg,647,20,40,5,1.5
wheat_flour_2kg,648,21,40,5,1.5
wheat_flour_2kg,649,26,40,5,1.5
wheat_flour_2kg,650,27,40,5,1.5
wheat_flour_2kg,651,27,40,5,1.5
wheat_flour_2kg,652,30,40,5,1.5
wheat_flour_2kg,653,26,40,5,1.5
wheat_flour_2kg,654,27,40,5,1.5
wheat_flour_2kg,655,24,40,5,1.5
wheat_flour_2kg,656,25,40,5,1.5
wheat_flour_2kg,657,26,40,5,1.5
wheat_flour_2kg,658,26,40,5,1.5
wheat_flour_2kg,659,29,40,5,1.5
wheat_flour_2kg,660,28,40,5,1.5
wheat_flour_2kg,661,25,40,5,1.5
wheat_flour_2kg,662,21,40,5,1.5
wheat_flour_2kg,663,25,40,5,1.5
wheat_flour_2kg,664,25,40,5,1.5
wheat_flour_2kg,665,26,40,5,1.5
wheat_flour_2kg,666,36,40,5,1.5
wheat_flour_2kg,667,22,40,5,1.5
wheat_flour_2kg,668,27,40,5,1.5
wheat_flour_2kg,669,30,40,5,1.5
wheat_flour_2kg,670,25,40,5,1.5
wheat_flour_2kg,671,37,40,5,1.5
wheat_flour_2kg,672,23,40,5,1.5
wheat_flour_2kg,673,27,40,5,1.5
wheat_flour_2kg,674,21,40,5,1.5
wheat_flour_2kg,675,23,40,5,1.5
wheat_flour_2kg,676,26,40,5,1.5
wheat_flour_2kg,677,29,40,5,1.5
wheat_flour_2kg,678,27,40,5,1.5
wheat_flour_2kg,679,31,40,5,1.5
wheat_flour_2kg,680,25,40,5,1.5
wheat_flour_2kg,681,23,40,5,1.5
wheat_flour_2kg,682,39,40,5,1.5
wheat_flour_2kg,683,27,40,5,1.5
wheat_flour_2kg,684,21,40,5,1.5
wheat_flour_2kg,685,22,40,5,1.5
wheat_flour_2kg,686,20,40,5,1.5
wheat_flour_2kg,687,30,40,5,1.5
wheat_flour_2kg,688,23,40,5,1.5
wheat_flour_2kg,689,26,40,5,1.5
wheat_flour_2kg,690,25,40,5,1.5
wheat_flour_2kg,691,29,40,5,1.5
wheat_flour_2kg,692,21,40,5,1.5
wheat_flour_2kg,693,20,40,5,1.5
wheat_flour_2kg,694,26,40,5,1.5
wheat_flour_2kg,695,28,40,5,1.5
wheat_flour_2kg,696,27,40,5,1.5
wheat_flour_2kg,697,21,40,5,1.5
wheat_flour_2kg,698,28,40,5,1.5
wheat_flour_2kg,699,21,40,5,1.5
wheat_flour_2kg,700,22,40,5,1.5
wheat_flour_2kg,701,20,40,5,1.5
wheat_flour_2kg,702,32,40,5,1.5
wheat_flour_2kg,703,28,40,5,1.5
wheat_flour_2kg,704,28,40,5,1.5
wheat_flour_2kg,705,31,40,5,1.5
wheat_flour_2kg,706,39,40,5,1.5
wheat_flour_2kg,707,16,40,5,1.5
wheat_flour_2kg,708,21,40,5,1.5
wheat_flour_2kg,709,22,40,5,1.5
wheat_flour_2kg,710,21,40,5,1.5
wheat_flour_2kg,711,20,40,5,1.5
wheat_flour_2kg,712,24,40,5,1.5
wheat_flour_2kg,713,19,40,5,1.5
wheat_flour_2kg,714,27,40,5,1.5
wheat_flour_2kg,715,25,40,5,1.5
wheat_flour_2kg,716,27,40,5,1.5
wheat_flour_2kg,717,28,40,5,1.5
wheat_flour_2kg,718,28,40,5,1.5
wheat_flour_2kg,719,23,40,5,1.5
wheat_flour_2kg,720,36,40,5,1.5
wheat_flour_2kg,721,26,40,5,1.5
wheat_flour_2kg,722,16,40,5,1.5
wheat_flour_2kg,723,20,40,5,1.5
wheat_flour_2kg,724,16,40,5,1.5
wheat_flour_2kg,725,25,40,5,1.5
wheat_flour_2kg,726,24,40,5,1.5
wheat_flour_2kg,727,23,40,5,1.5
wheat_flour_2kg,728,35,40,5,1.5
wheat_flour_2kg,729,28,40,5,1.5
sugar_1kg,0,24,55,4,1.0
sugar_1kg,1,14,55,4,1.0
sugar_1kg,2,14,55,4,1.0
sugar_1kg,3,20,55,4,1.0
sugar_1kg,4,21,55,4,1.0
sugar_1kg,5,9,55,4,1.0
sugar_1kg,6,19,55,4,1.0
sugar_1kg,7,20,55,4,1.0
sugar_1kg,8,19,55,4,1.0
sugar_1kg,9,15,55,4,1.0
sugar_1kg,10,17,55,4,1.0
sugar_1kg,11,19,55,4,1.0
sugar_1kg,12,21,55,4,1.0
sugar_1kg,13,24,55,4,1.0
sugar_1kg,14,26,55,4,1.0
sugar_1kg,15,18,55,4,1.0
sugar_1kg,16,17,55,4,1.0
sugar_1kg,17,23,55,4,1.0
sugar_1kg,18,24,55,4,1.0
sugar_1kg,19,17,55,4,1.0
sugar_1kg,20,25,55,4,1.0
sugar_1kg,21,26,55,4,1.0
sugar_1kg,22,28,55,4,1.0
sugar_1kg,23,31,55,4,1.0
sugar_1kg,24,15,55,4,1.0
sugar_1kg,25,20,55,4,1.0
sugar_1kg,26,20,55,4,1.0
sugar_1kg,27,19,55,4,1.0
sugar_1kg,28,16,55,4,1.0
sugar_1kg,29,11,55,4,1.0
sugar_1kg,30,21,55,4,1.0
sugar_1kg,31,15,55,4,1.0
sugar_1kg,32,21,55,4,1.0
sugar_1kg,33,15,55,4,1.0
sugar_1kg,34,13,55,4,1.0
sugar_1kg,35,21,55,4,1.0
sugar_1kg,36,21,55,4,1.0
sugar_1kg,37,23,55,4,1.0
sugar_1kg,38,33,55,4,1.0
sugar_1kg,39,22,55,4,1.0
sugar_1kg,40,23,55,4,1.0
sugar_1kg,41,14,55,4,1.0
sugar_1kg,42,12,55,4,1.0
sugar_1kg,43,29,55,4,1.0
sugar_1kg,44,14,55,4,1.0
sugar_1kg,45,14,55,4,1.0
sugar_1kg,46,20,55,4,1.0
sugar_1kg,47,19,55,4,1.0
sugar_1kg,48,15,55,4,1.0
sugar_1kg,49,18,55,4,1.0
sugar_1kg,50,27,55,4,1.0
sugar_1kg,51,15,55,4,1.0
sugar_1kg,52,12,55,4,1.0
sugar_1kg,53,26,55,4,1.0
sugar_1kg,54,23,55,4,1.0
sugar_1kg,55,16,55,4,1.0
sugar_1kg,56,11,55,4,1.0
sugar_1kg,57,16,55,4,1.0
sugar_1kg,58,20,55,4,1.0
sugar_1kg,59,27,55,4,1.0
sugar_1kg,60,14,55,4,1.0
sugar_1kg,61,19,55,4,1.0
sugar_1kg,62,24,55,4,1.0
sugar_1kg,63,6,55,4,1.0
sugar_1kg,64,26,55,4,1.0
sugar_1kg,65,13,55,4,1.0
sugar_1kg,66,22,55,4,1.0
sugar_1kg,67,21,55,4,1.0
sugar_1kg,68,27,55,4,1.0
sugar_1kg,69,23,55,4,1.0
sugar_1kg,70,6,55,4,1.0
sugar_1kg,71,15,55,4,1.0
sugar_1kg,72,21,55,4,1.0
sugar_1kg,73,19,55,4,1.0
sugar_1kg,74,23,55,4,1.0
sugar_1kg,75,25,55,4,1.0
sugar_1kg,76,24,55,4,1.0
sugar_1kg,77,19,55,4,1.0
sugar_1kg,78,9,55,4,1.0
sugar_1kg,79,17,55,4,1.0
sugar_1kg,80,22,55,4,1.0
sugar_1kg,81,13,55,4,1.0
sugar_1kg,82,24,55,4,1.0
sugar_1kg,83,25,55,4,1.0
sugar_1kg,84,21,55,4,1.0
sugar_1kg,85,2,55,4,1.0
sugar_1kg,86,12,55,4,1.0
sugar_1kg,87,31,55,4,1.0
sugar_1kg,88,17,55,4,1.0
sugar_1kg,89,8,55,4,1.0
sugar_1kg,90,27,55,4,1.0
sugar_1kg,91,20,55,4,1.0
sugar_1kg,92,27,55,4,1.0
sugar_1kg,93,22,55,4,1.0
sugar_1kg,94,23,55,4,1.0
sugar_1kg,95,22,55,4,1.0
sugar_1kg,96,24,55,4,1.0
sugar_1kg,97,34,55,4,1.0
sugar_1kg,98,26,55,4,1.0
sugar_1kg,99,11,55,4,1.0
sugar_1kg,100,23,55,4,1.0
sugar_1kg,101,27,55,4,1.0
sugar_1kg,102,27,55,4,1.0
sugar_1kg,103,17,55,4,1.0
sugar_1kg,104,27,55,4,1.0
sugar_1kg,105,26,55,4,1.0
sugar_1kg,106,35,55,4,1.0
sugar_1kg,107,15,55,4,1.0
sugar_1kg,108,17,55,4,1.0
sugar_1kg,109,18,55,4,1.0
sugar_1kg,110,17,55,4,1.0
sugar_1kg,111,15,55,4,1.0
sugar_1kg,112,3,55,4,1.0
sugar_1kg,113,17,55,4,1.0
sugar_1kg,114,22,55,4,1.0
sugar_1kg,115,17,55,4,1.0
sugar_1kg,116,32,55,4,1.0
sugar_1kg,117,20,55,4,1.0
sugar_1kg,118,28,55,4,1.0
sugar_1kg,119,22,55,4,1.0
sugar_1kg,120,25,55,4,1.0
sugar_1kg,121,22,55,4,1.0
sugar_1kg,122,28,55,4,1.0
sugar_1kg,123,20,55,4,1.0
sugar_1kg,124,23,55,4,1.0
sugar_1kg,125,22,55,4,1.0
sugar_1kg,126,18,55,4,1.0
sugar_1kg,127,22,55,4,1.0
sugar_1kg,128,33,55,4,1.0
sugar_1kg,129,18,55,4,1.0
sugar_1kg,130,23,55,4,1.0
sugar_1kg,131,28,55,4,1.0
sugar_1kg,132,27,55,4,1.0
sugar_1kg,133,20,55,4,1.0
sugar_1kg,134,6,55,4,1.0
sugar_1kg,135,23,55,4,1.0
sugar_1kg,136,7,55,4,1.0
sugar_1kg,137,29,55,4,1.0
sugar_1kg,138,21,55,4,1.0
sugar_1kg,139,26,55,4,1.0
sugar_1kg,140,15,55,4,1.0
sugar_1kg,141,11,55,4,1.0
sugar_1kg,142,22,55,4,1.0
sugar_1kg,143,20,55,4,1.0
sugar_1kg,144,17,55,4,1.0
sugar_1kg,145,21,55,4,1.0
sugar_1kg,146,37,55,4,1.0
sugar_1kg,147,25,55,4,1.0
sugar_1kg,148,26,55,4,1.0
sugar_1kg,149,25,55,4,1.0
sugar_1kg,150,29,55,4,1.0
sugar_1kg,151,19,55,4,1.0
sugar_1kg,152,8,55,4,1.0
sugar_1kg,153,19,55,4,1.0
sugar_1kg,154,25,55,4,1.0
sugar_1kg,155,14,55,4,1.0
sugar_1kg,156,19,55,4,1.0
sugar_1kg,157,16,55,4,1.0
sugar_1kg,158,29,55,4,1.0
sugar_1kg,159,24,55,4,1.0
sugar_1kg,160,24,55,4,1.0
sugar_1kg,161,24,55,4,1.0
sugar_1kg,162,20,55,4,1.0
sugar_1kg,163,21,55,4,1.0
sugar_1kg,164,13,55,4,1.0
sugar_1kg,165,7,55,4,1.0
sugar_1kg,166,21,55,4,1.0
sugar_1kg,167,22,55,4,1.0
sugar_1kg,168,27,55,4,1.0
sugar_1kg,169,29,55,4,1.0
sugar_1kg,170,29,55,4,1.0
sugar_1kg,171,14,55,4,1.0
sugar_1kg,172,18,55,4,1.0
sugar_1kg,173,23,55,4,1.0
sugar_1kg,174,35,55,4,1.0
sugar_1kg,175,29,55,4,1.0
sugar_1kg,176,27,55,4,1.0
sugar_1kg,177,18,55,4,1.0
sugar_1kg,178,15,55,4,1.0
sugar_1kg,179,25,55,4,1.0
sugar_1kg,180,13,55,4,1.0
sugar_1kg,181,19,55,4,1.0
sugar_1kg,182,19,55,4,1.0
sugar_1kg,183,30,55,4,1.0
sugar_1kg,184,18,55,4,1.0
sugar_1kg,185,5,55,4,1.0
sugar_1kg,186,23,55,4,1.0
sugar_1kg,187,16,55,4,1.0
sugar_1kg,188,20,55,4,1.0
sugar_1kg,189,19,55,4,1.0
sugar_1kg,190,18,55,4,1.0
sugar_1kg,191,25,55,4,1.0
sugar_1kg,192,11,55,4,1.0
sugar_1kg,193,17,55,4,1.0
sugar_1kg,194,24,55,4,1.0
sugar_1kg,195,16,55,4,1.0
sugar_1kg,196,10,55,4,1.0
sugar_1kg,197,24,55,4,1.0
sugar_1kg,198,27,55,4,1.0
sugar_1kg,199,20,55,4,1.0
sugar_1kg,200,8,55,4,1.0
sugar_1kg,201,24,55,4,1.0
sugar_1kg,202,10,55,4,1.0
sugar_1kg,203,22,55,4,1.0
sugar_1kg,204,15,55,4,1.0
sugar_1kg,205,13,55,4,1.0
sugar_1kg,206,17,55,4,1.0
sugar_1kg,207,19,55,4,1.0
sugar_1kg,208,16,55,4,1.0
sugar_1kg,209,24,55,4,1.0
sugar_1kg,210,17,55,4,1.0
sugar_1kg,211,26,55,4,1.0
sugar_1kg,212,22,55,4,1.0
sugar_1kg,213,16,55,4,1.0
sugar_1kg,214,15,55,4,1.0
sugar_1kg,215,10,55,4,1.0
sugar_1kg,216,22,55,4,1.0
sugar_1kg,217,18,55,4,1.0
sugar_1kg,218,6,55,4,1.0
sugar_1kg,219,17,55,4,1.0
sugar_1kg,220,15,55,4,1.0
sugar_1kg,221,29,55,4,1.0
sugar_1kg,222,10,55,4,1.0
sugar_1kg,223,11,55,4,1.0
sugar_1kg,224,27,55,4,1.0
sugar_1kg,225,28,55,4,1.0
sugar_1kg,226,16,55,4,1.0
sugar_1kg,227,16,55,4,1.0
sugar_1kg,228,24,55,4,1.0
sugar_1kg,229,6,55,4,1.0
sugar_1kg,230,9,55,4,1.0
sugar_1kg,231,18,55,4,1.0
sugar_1kg,232,29,55,4,1.0
sugar_1kg,233,17,55,4,1.0
sugar_1kg,234,21,55,4,1.0
sugar_1kg,235,27,55,4,1.0
sugar_1kg,236,33,55,4,1.0
sugar_1kg,237,17,55,4,1.0
sugar_1kg,238,20,55,4,1.0
sugar_1kg,239,31,55,4,1.0
sugar_1kg,240,11,55,4,1.0
sugar_1kg,241,26,55,4,1.0
sugar_1kg,242,14,55,4,1.0
sugar_1kg,243,21,55,4,1.0
sugar_1kg,244,19,55,4,1.0
sugar_1kg,245,14,55,4,1.0
sugar_1kg,246,14,55,4,1.0
sugar_1kg,247,22,55,4,1.0
sugar_1kg,248,26,55,4,1.0
sugar_1kg,249,19,55,4,1.0
sugar_1kg,250,20,55,4,1.0
sugar_1kg,251,23,55,4,1.0
sugar_1kg,252,14,55,4,1.0
sugar_1kg,253,24,55,4,1.0
sugar_1kg,254,25,55,4,1.0
sugar_1kg,255,36,55,4,1.0
sugar_1kg,256,18,55,4,1.0
sugar_1kg,257,17,55,4,1.0
sugar_1kg,258,25,55,4,1.0
sugar_1kg,259,25,55,4,1.0
sugar_1kg,260,17,55,4,1.0
sugar_1kg,261,18,55,4,1.0
sugar_1kg,262,23,55,4,1.0
sugar_1kg,263,15,55,4,1.0
sugar_1kg,264,18,55,4,1.0
sugar_1kg,265,21,55,4,1.0
sugar_1kg,266,26,55,4,1.0
sugar_1kg,267,16,55,4,1.0
sugar_1kg,268,9,55,4,1.0
sugar_1kg,269,9,55,4,1.0
sugar_1kg,270,12,55,4,1.0
sugar_1kg,271,12,55,4,1.0
sugar_1kg,272,19,55,4,1.0
sugar_1kg,273,13,55,4,1.0
sugar_1kg,274,16,55,4,1.0
sugar_1kg,275,15,55,4,1.0
sugar_1kg,276,17,55,4,1.0
sugar_1kg,277,28,55,4,1.0
sugar_1kg,278,24,55,4,1.0
sugar_1kg,279,20,55,4,1.0
sugar_1kg,280,17,55,4,1.0
sugar_1kg,281,17,55,4,1.0
sugar_1kg,282,22,55,4,1.0
sugar_1kg,283,24,55,4,1.0
sugar_1kg,284,15,55,4,1.0
sugar_1kg,285,20,55,4,1.0
sugar_1kg,286,8,55,4,1.0
sugar_1kg,287,21,55,4,1.0
sugar_1kg,288,25,55,4,1.0
sugar_1kg,289,18,55,4,1.0
sugar_1kg,290,31,55,4,1.0
sugar_1kg,291,15,55,4,1.0
sugar_1kg,292,21,55,4,1.0
sugar_1kg,293,20,55,4,1.0
sugar_1kg,294,19,55,4,1.0
sugar_1kg,295,19,55,4,1.0
sugar_1kg,296,21,55,4,1.0
sugar_1kg,297,25,55,4,1.0
sugar_1kg,298,28,55,4,1.0
sugar_1kg,299,20,55,4,1.0
sugar_1kg,300,25,55,4,1.0
sugar_1kg,301,16,55,4,1.0
sugar_1kg,302,25,55,4,1.0
sugar_1kg,303,15,55,4,1.0
sugar_1kg,304,27,55,4,1.0
sugar_1kg,305,33,55,4,1.0
sugar_1kg,306,19,55,4,1.0
sugar_1kg,307,7,55,4,1.0
sugar_1kg,308,17,55,4,1.0
sugar_1kg,309,27,55,4,1.0
sugar_1kg,310,23,55,4,1.0
sugar_1kg,311,21,55,4,1.0
sugar_1kg,312,26,55,4,1.0
sugar_1kg,313,23,55,4,1.0
sugar_1kg,314,27,55,4,1.0
sugar_1kg,315,26,55,4,1.0
sugar_1kg,316,29,55,4,1.0
sugar_1kg,317,22,55,4,1.0
sugar_1kg,318,25,55,4,1.0
sugar_1kg,319,18,55,4,1.0
sugar_1kg,320,16,55,4,1.0
sugar_1kg,321,30,55,4,1.0
sugar_1kg,322,21,55,4,1.0
sugar_1kg,323,25,55,4,1.0
sugar_1kg,324,21,55,4,1.0
sugar_1kg,325,16,55,4,1.0
sugar_1kg,326,20,55,4,1.0
sugar_1kg,327,29,55,4,1.0
sugar_1kg,328,23,55,4,1.0
sugar_1kg,329,10,55,4,1.0
sugar_1kg,330,19,55,4,1.0
sugar_1kg,331,31,55,4,1.0
sugar_1kg,332,19,55,4,1.0
sugar_1kg,333,9,55,4,1.0
sugar_1kg,334,31,55,4,1.0
sugar_1kg,335,24,55,4,1.0
sugar_1kg,336,20,55,4,1.0
sugar_1kg,337,18,55,4,1.0
sugar_1kg,338,26,55,4,1.0
sugar_1kg,339,17,55,4,1.0
sugar_1kg,340,27,55,4,1.0
sugar_1kg,341,23,55,4,1.0
sugar_1kg,342,21,55,4,1.0
sugar_1kg,343,21,55,4,1.0
sugar_1kg,344,19,55,4,1.0
sugar_1kg,345,26,55,4,1.0
sugar_1kg,346,15,55,4,1.0
sugar_1kg,347,10,55,4,1.0
sugar_1kg,348,24,55,4,1.0
sugar_1kg,349,24,55,4,1.0
sugar_1kg,350,23,55,4,1.0
sugar_1kg,351,22,55,4,1.0
sugar_1kg,352,18,55,4,1.0
sugar_1kg,353,25,55,4,1.0
sugar_1kg,354,20,55,4,1.0
sugar_1kg,355,17,55,4,1.0
sugar_1kg,356,18,55,4,1.0
sugar_1kg,357,32,55,4,1.0
sugar_1kg,358,10,55,4,1.0
sugar_1kg,359,23,55,4,1.0
sugar_1kg,360,10,55,4,1.0
sugar_1kg,361,19,55,4,1.0
sugar_1kg,362,17,55,4,1.0
sugar_1kg,363,7,55,4,1.0
sugar_1kg,364,22,55,4,1.0
sugar_1kg,365,18,55,4,1.0
sugar_1kg,366,7,55,4,1.0
sugar_1kg,367,25,55,4,1.0
sugar_1kg,368,29,55,4,1.0
sugar_1kg,369,29,55,4,1.0
sugar_1kg,370,22,55,4,1.0
sugar_1kg,371,20,55,4,1.0
sugar_1kg,372,28,55,4,1.0
sugar_1kg,373,30,55,4,1.0
sugar_1kg,374,27,55,4,1.0
sugar_1kg,375,14,55,4,1.0
sugar_1kg,376,21,55,4,1.0
sugar_1kg,377,23,55,4,1.0
sugar_1kg,378,9,55,4,1.0
sugar_1kg,379,23,55,4,1.0
sugar_1kg,380,34,55,4,1.0
sugar_1kg,381,24,55,4,1.0
sugar_1kg,382,29,55,4,1.0
sugar_1kg,383,21,55,4,1.0
sugar_1kg,384,20,55,4,1.0
sugar_1kg,385,22,55,4,1.0
sugar_1kg,386,15,55,4,1.0
sugar_1kg,387,14,55,4,1.0
sugar_1kg,388,28,55,4,1.0
sugar_1kg,389,28,55,4,1.0
sugar_1kg,390,14,55,4,1.0
sugar_1kg,391,26,55,4,1.0
sugar_1kg,392,19,55,4,1.0
sugar_1kg,393,22,55,4,1.0
sugar_1kg,394,23,55,4,1.0
sugar_1kg,395,26,55,4,1.0
sugar_1kg,396,20,55,4,1.0
sugar_1kg,397,28,55,4,1.0
sugar_1kg,398,22,55,4,1.0
sugar_1kg,399,24,55,4,1.0
sugar_1kg,400,15,55,4,1.0
sugar_1kg,401,33,55,4,1.0
sugar_1kg,402,23,55,4,1.0
sugar_1kg,403,24,55,4,1.0
sugar_1kg,404,10,55,4,1.0
sugar_1kg,405,15,55,4,1.0
sugar_1kg,406,27,55,4,1.0
sugar_1kg,407,22,55,4,1.0
sugar_1kg,408,9,55,4,1.0
sugar_1kg,409,26,55,4,1.0
sugar_1kg,410,17,55,4,1.0
sugar_1kg,411,28,55,4,1.0
sugar_1kg,412,19,55,4,1.0
sugar_1kg,413,21,55,4,1.0
sugar_1kg,414,27,55,4,1.0
sugar_1kg,415,15,55,4,1.0
sugar_1kg,416,14,55,4,1.0
sugar_1kg,417,19,55,4,1.0
sugar_1kg,418,25,55,4,1.0
sugar_1kg,419,12,55,4,1.0
sugar_1kg,420,10,55,4,1.0
sugar_1kg,421,25,55,4,1.0
sugar_1kg,422,16,55,4,1.0
sugar_1kg,423,18,55,4,1.0
sugar_1kg,424,9,55,4,1.0
sugar_1kg,425,16,55,4,1.0
sugar_1kg,426,20,55,4,1.0
sugar_1kg,427,26,55,4,1.0
sugar_1kg,428,15,55,4,1.0
sugar_1kg,429,30,55,4,1.0
sugar_1kg,430,16,55,4,1.0
sugar_1kg,431,16,55,4,1.0
sugar_1kg,432,29,55,4,1.0
sugar_1kg,433,21,55,4,1.0
sugar_1kg,434,17,55,4,1.0
sugar_1kg,435,19,55,4,1.0
sugar_1kg,436,28,55,4,1.0
sugar_1kg,437,29,55,4,1.0
sugar_1kg,438,15,55,4,1.0
sugar_1kg,439,20,55,4,1.0
sugar_1kg,440,21,55,4,1.0
sugar_1kg,441,14,55,4,1.0
sugar_1kg,442,20,55,4,1.0
sugar_1kg,443,20,55,4,1.0
sugar_1kg,444,27,55,4,1.0
sugar_1kg,445,27,55,4,1.0
sugar_1kg,446,18,55,4,1.0
sugar_1kg,447,19,55,4,1.0
sugar_1kg,448,24,55,4,1.0
sugar_1kg,449,16,55,4,1.0
sugar_1kg,450,24,55,4,1.0
sugar_1kg,451,19,55,4,1.0
sugar_1kg,452,14,55,4,1.0
sugar_1kg,453,14,55,4,1.0
sugar_1kg,454,29,55,4,1.0
sugar_1kg,455,19,55,4,1.0
sugar_1kg,456,30,55,4,1.0
sugar_1kg,457,17,55,4,1.0
sugar_1kg,458,22,55,4,1.0
sugar_1kg,459,34,55,4,1.0
sugar_1kg,460,14,55,4,1.0
sugar_1kg,461,9,55,4,1.0
sugar_1kg,462,28,55,4,1.0
sugar_1kg,463,15,55,4,1.0
sugar_1kg,464,20,55,4,1.0
sugar_1kg,465,16,55,4,1.0
sugar_1kg,466,22,55,4,1.0
sugar_1kg,467,14,55,4,1.0
sugar_1kg,468,19,55,4,1.0
sugar_1kg,469,23,55,4,1.0
sugar_1kg,470,14,55,4,1.0
sugar_1kg,471,16,55,4,1.0
sugar_1kg,472,18,55,4,1.0
sugar_1kg,473,11,55,4,1.0
sugar_1kg,474,17,55,4,1.0
sugar_1kg,475,21,55,4,1.0
sugar_1kg,476,18,55,4,1.0
sugar_1kg,477,18,55,4,1.0
sugar_1kg,478,20,55,4,1.0
sugar_1kg,479,16,55,4,1.0
sugar_1kg,480,24,55,4,1.0
sugar_1kg,481,29,55,4,1.0
sugar_1kg,482,17,55,4,1.0
sugar_1kg,483,23,55,4,1.0
sugar_1kg,484,19,55,4,1.0
sugar_1kg,485,22,55,4,1.0
sugar_1kg,486,29,55,4,1.0
sugar_1kg,487,23,55,4,1.0
sugar_1kg,488,9,55,4,1.0
sugar_1kg,489,23,55,4,1.0
sugar_1kg,490,27,55,4,1.0
sugar_1kg,491,19,55,4,1.0
sugar_1kg,492,26,55,4,1.0
sugar_1kg,493,16,55,4,1.0
sugar_1kg,494,11,55,4,1.0
sugar_1kg,495,21,55,4,1.0
sugar_1kg,496,9,55,4,1.0
sugar_1kg,497,19,55,4,1.0
sugar_1kg,498,28,55,4,1.0
sugar_1kg,499,9,55,4,1.0
sugar_1kg,500,12,55,4,1.0
sugar_1kg,501,14,55,4,1.0
sugar_1kg,502,20,55,4,1.0
sugar_1kg,503,18,55,4,1.0
sugar_1kg,504,28,55,4,1.0
sugar_1kg,505,26,55,4,1.0
sugar_1kg,506,23,55,4,1.0
sugar_1kg,507,21,55,4,1.0
sugar_1kg,508,22,55,4,1.0
sugar_1kg,509,15,55,4,1.0
sugar_1kg,510,25,55,4,1.0
sugar_1kg,511,13,55,4,1.0
sugar_1kg,512,25,55,4,1.0
sugar_1kg,513,27,55,4,1.0
sugar_1kg,514,21,55,4,1.0
sugar_1kg,515,19,55,4,1.0
sugar_1kg,516,22,55,4,1.0
sugar_1kg,517,3,55,4,1.0
sugar_1kg,518,22,55,4,1.0
sugar_1kg,519,19,55,4,1.0
sugar_1kg,520,20,55,4,1.0
sugar_1kg,521,24,55,4,1.0
sugar_1kg,522,20,55,4,1.0
sugar_1kg,523,13,55,4,1.0
sugar_1kg,524,19,55,4,1.0
sugar_1kg,525,20,55,4,1.0
sugar_1kg,526,21,55,4,1.0
sugar_1kg,527,21,55,4,1.0
sugar_1kg,528,26,55,4,1.0
sugar_1kg,529,13,55,4,1.0
sugar_1kg,530,21,55,4,1.0
sugar_1kg,531,28,55,4,1.0
sugar_1kg,532,10,55,4,1.0
sugar_1kg,533,21,55,4,1.0
sugar_1kg,534,16,55,4,1.0
sugar_1kg,535,18,55,4,1.0
sugar_1kg,536,15,55,4,1.0
sugar_1kg,537,19,55,4,1.0
sugar_1kg,538,31,55,4,1.0
sugar_1kg,539,12,55,4,1.0
sugar_1kg,540,13,55,4,1.0
sugar_1kg,541,12,55,4,1.0
sugar_1kg,542,30,55,4,1.0
sugar_1kg,543,17,55,4,1.0
sugar_1kg,544,20,55,4,1.0
sugar_1kg,545,18,55,4,1.0
sugar_1kg,546,14,55,4,1.0
sugar_1kg,547,19,55,4,1.0
sugar_1kg,548,35,55,4,1.0
sugar_1kg,549,28,55,4,1.0
sugar_1kg,550,15,55,4,1.0
sugar_1kg,551,24,55,4,1.0
sugar_1kg,552,15,55,4,1.0
sugar_1kg,553,9,55,4,1.0
sugar_1kg,554,26,55,4,1.0
sugar_1kg,555,27,55,4,1.0
sugar_1kg,556,26,55,4,1.0
sugar_1kg,557,17,55,4,1.0
sugar_1kg,558,19,55,4,1.0
sugar_1kg,559,24,55,4,1.0
sugar_1kg,560,22,55,4,1.0
sugar_1kg,561,18,55,4,1.0
sugar_1kg,562,10,55,4,1.0
sugar_1kg,563,21,55,4,1.0
sugar_1kg,564,26,55,4,1.0
sugar_1kg,565,13,55,4,1.0
sugar_1kg,566,24,55,4,1.0
sugar_1kg,567,22,55,4,1.0
sugar_1kg,568,25,55,4,1.0
sugar_1kg,569,25,55,4,1.0
sugar_1kg,570,16,55,4,1.0
sugar_1kg,571,10,55,4,1.0
sugar_1kg,572,17,55,4,1.0
sugar_1kg,573,25,55,4,1.0
sugar_1kg,574,17,55,4,1.0
sugar_1kg,575,16,55,4,1.0
sugar_1kg,576,9,55,4,1.0
sugar_1kg,577,31,55,4,1.0
sugar_1kg,578,25,55,4,1.0
sugar_1kg,579,25,55,4,1.0
sugar_1kg,580,26,55,4,1.0
sugar_1kg,581,23,55,4,1.0
sugar_1kg,582,19,55,4,1.0
sugar_1kg,583,19,55,4,1.0
sugar_1kg,584,17,55,4,1.0
sugar_1kg,585,36,55,4,1.0
sugar_1kg,586,23,55,4,1.0
sugar_1kg,587,17,55,4,1.0
sugar_1kg,588,23,55,4,1.0
sugar_1kg,589,14,55,4,1.0
sugar_1kg,590,29,55,4,1.0
sugar_1kg,591,16,55,4,1.0
sugar_1kg,592,23,55,4,1.0
sugar_1kg,593,26,55,4,1.0
sugar_1kg,594,22,55,4,1.0
sugar_1kg,595,21,55,4,1.0
sugar_1kg,596,20,55,4,1.0
sugar_1kg,597,20,55,4,1.0
sugar_1kg,598,17,55,4,1.0
sugar_1kg,599,17,55,4,1.0
sugar_1kg,600,29,55,4,1.0
sugar_1kg,601,19,55,4,1.0
sugar_1kg,602,15,55,4,1.0
sugar_1kg,603,17,55,4,1.0
sugar_1kg,604,27,55,4,1.0
sugar_1kg,605,24,55,4,1.0
sugar_1kg,606,23,55,4,1.0
sugar_1kg,607,18,55,4,1.0
sugar_1kg,608,23,55,4,1.0
sugar_1kg,609,16,55,4,1.0
sugar_1kg,610,18,55,4,1.0
sugar_1kg,611,26,55,4,1.0
sugar_1kg,612,25,55,4,1.0
sugar_1kg,613,14,55,4,1.0
sugar_1kg,614,15,55,4,1.0
sugar_1kg,615,21,55,4,1.0
sugar_1kg,616,30,55,4,1.0
sugar_1kg,617,9,55,4,1.0
sugar_1kg,618,22,55,4,1.0
sugar_1kg,619,12,55,4,1.0
sugar_1kg,620,16,55,4,1.0
sugar_1kg,621,18,55,4,1.0
sugar_1kg,622,17,55,4,1.0
sugar_1kg,623,17,55,4,1.0
sugar_1kg,624,20,55,4,1.0
sugar_1kg,625,17,55,4,1.0
sugar_1kg,626,11,55,4,1.0
sugar_1kg,627,25,55,4,1.0
sugar_1kg,628,25,55,4,1.0
sugar_1kg,629,25,55,4,1.0
sugar_1kg,630,11,55,4,1.0
sugar_1kg,631,22,55,4,1.0
sugar_1kg,632,24,55,4,1.0
sugar_1kg,633,14,55,4,1.0
sugar_1kg,634,20,55,4,1.0
sugar_1kg,635,19,55,4,1.0
sugar_1kg,636,31,55,4,1.0
sugar_1kg,637,32,55,4,1.0
sugar_1kg,638,10,55,4,1.0
sugar_1kg,639,35,55,4,1.0
sugar_1kg,640,15,55,4,1.0
sugar_1kg,641,26,55,4,1.0
sugar_1kg,642,26,55,4,1.0
sugar_1kg,643,14,55,4,1.0
sugar_1kg,644,23,55,4,1.0
sugar_1kg,645,19,55,4,1.0
sugar_1kg,646,23,55,4,1.0
sugar_1kg,647,21,55,4,1.0
sugar_1kg,648,27,55,4,1.0
sugar_1kg,649,20,55,4,1.0
sugar_1kg,650,19,55,4,1.0
sugar_1kg,651,27,55,4,1.0
sugar_1kg,652,23,55,4,1.0
sugar_1kg,653,24,55,4,1.0
sugar_1kg,654,16,55,4,1.0
sugar_1kg,655,14,55,4,1.0
sugar_1kg,656,17,55,4,1.0
sugar_1kg,657,16,55,4,1.0
sugar_1kg,658,25,55,4,1.0
sugar_1kg,659,26,55,4,1.0
sugar_1kg,660,19,55,4,1.0
sugar_1kg,661,29,55,4,1.0
sugar_1kg,662,28,55,4,1.0
sugar_1kg,663,21,55,4,1.0
sugar_1kg,664,15,55,4,1.0
sugar_1kg,665,29,55,4,1.0
sugar_1kg,666,20,55,4,1.0
sugar_1kg,667,21,55,4,1.0
sugar_1kg,668,18,55,4,1.0
sugar_1kg,669,15,55,4,1.0
sugar_1kg,670,11,55,4,1.0
sugar_1kg,671,24,55,4,1.0
sugar_1kg,672,15,55,4,1.0
sugar_1kg,673,38,55,4,1.0
sugar_1kg,674,13,55,4,1.0
sugar_1kg,675,12,55,4,1.0
sugar_1kg,676,23,55,4,1.0
sugar_1kg,677,29,55,4,1.0
sugar_1kg,678,20,55,4,1.0
sugar_1kg,679,23,55,4,1.0
sugar_1kg,680,9,55,4,1.0
sugar_1kg,681,16,55,4,1.0
sugar_1kg,682,14,55,4,1.0
sugar_1kg,683,9,55,4,1.0
sugar_1kg,684,21,55,4,1.0
sugar_1kg,685,7,55,4,1.0
sugar_1kg,686,12,55,4,1.0
sugar_1kg,687,17,55,4,1.0
sugar_1kg,688,15,55,4,1.0
sugar_1kg,689,22,55,4,1.0
sugar_1kg,690,22,55,4,1.0
sugar_1kg,691,25,55,4,1.0
sugar_1kg,692,25,55,4,1.0
sugar_1kg,693,27,55,4,1.0
sugar_1kg,694,20,55,4,1.0
sugar_1kg,695,22,55,4,1.0
sugar_1kg,696,23,55,4,1.0
sugar_1kg,697,21,55,4,1.0
sugar_1kg,698,18,55,4,1.0
sugar_1kg,699,18,55,4,1.0
sugar_1kg,700,15,55,4,1.0
sugar_1kg,701,23,55,4,1.0
sugar_1kg,702,19,55,4,1.0
sugar_1kg,703,16,55,4,1.0
sugar_1kg,704,16,55,4,1.0
sugar_1kg,705,13,55,4,1.0
sugar_1kg,706,26,55,4,1.0
sugar_1kg,707,20,55,4,1.0
sugar_1kg,708,15,55,4,1.0
sugar_1kg,709,25,55,4,1.0
sugar_1kg,710,17,55,4,1.0
sugar_1kg,711,12,55,4,1.0
sugar_1kg,712,26,55,4,1.0
sugar_1kg,713,17,55,4,1.0
sugar_1kg,714,18,55,4,1.0
sugar_1kg,715,20,55,4,1.0
sugar_1kg,716,27,55,4,1.0
sugar_1kg,717,20,55,4,1.0
sugar_1kg,718,13,55,4,1.0
sugar_1kg,719,23,55,4,1.0
sugar_1kg,720,17,55,4,1.0
sugar_1kg,721,31,55,4,1.0
sugar_1kg,722,20,55,4,1.0
sugar_1kg,723,7,55,4,1.0
sugar_1kg,724,22,55,4,1.0
sugar_1kg,725,32,55,4,1.0
sugar_1kg,726,29,55,4,1.0
sugar_1kg,727,31,55,4,1.0
sugar_1kg,728,14,55,4,1.0
sugar_1kg,729,25,55,4,1.0
eid_gift_pack,0,2,800,10,3.0
eid_gift_pack,1,1,800,10,3.0
eid_gift_pack,2,1,800,10,3.0
eid_gift_pack,3,3,800,10,3.0
eid_gift_pack,4,1,800,10,3.0
eid_gift_pack,5,2,800,10,3.0
eid_gift_pack,6,1,800,10,3.0
eid_gift_pack,7,1,800,10,3.0
eid_gift_pack,8,2,800,10,3.0
eid_gift_pack,9,0,800,10,3.0
eid_gift_pack,10,0,800,10,3.0
eid_gift_pack,11,1,800,10,3.0
eid_gift_pack,12,0,800,10,3.0
eid_gift_pack,13,1,800,10,3.0
eid_gift_pack,14,1,800,10,3.0
eid_gift_pack,15,0,800,10,3.0
eid_gift_pack,16,0,800,10,3.0
eid_gift_pack,17,0,800,10,3.0
eid_gift_pack,18,0,800,10,3.0
eid_gift_pack,19,1,800,10,3.0
eid_gift_pack,20,0,800,10,3.0
eid_gift_pack,21,0,800,10,3.0
eid_gift_pack,22,0,800,10,3.0
eid_gift_pack,23,1,800,10,3.0
eid_gift_pack,24,1,800,10,3.0
eid_gift_pack,25,0,800,10,3.0
eid_gift_pack,26,0,800,10,3.0
eid_gift_pack,27,0,800,10,3.0
eid_gift_pack,28,1,800,10,3.0
eid_gift_pack,29,0,800,10,3.0
eid_gift_pack,30,1,800,10,3.0
eid_gift_pack,31,3,800,10,3.0
eid_gift_pack,32,1,800,10,3.0
eid_gift_pack,33,1,800,10,3.0
eid_gift_pack,34,2,800,10,3.0
eid_gift_pack,35,2,800,10,3.0
eid_gift_pack,36,0,800,10,3.0
eid_gift_pack,37,2,800,10,3.0
eid_gift_pack,38,0,800,10,3.0
eid_gift_pack,39,1,800,10,3.0
eid_gift_pack,40,0,800,10,3.0
eid_gift_pack,41,0,800,10,3.0
eid_gift_pack,42,0,800,10,3.0
eid_gift_pack,43,1,800,10,3.0
eid_gift_pack,44,1,800,10,3.0
eid_gift_pack,45,0,800,10,3.0
eid_gift_pack,46,0,800,10,3.0
eid_gift_pack,47,0,800,10,3.0
eid_gift_pack,48,0,800,10,3.0
eid_gift_pack,49,0,800,10,3.0
eid_gift_pack,50,21,800,10,3.0
eid_gift_pack,51,0,800,10,3.0
eid_gift_pack,52,0,800,10,3.0
eid_gift_pack,53,1,800,10,3.0
eid_gift_pack,54,2,800,10,3.0
eid_gift_pack,55,0,800,10,3.0
eid_gift_pack,56,1,800,10,3.0
eid_gift_pack,57,0,800,10,3.0
eid_gift_pack,58,0,800,10,3.0
eid_gift_pack,59,0,800,10,3.0
eid_gift_pack,60,0,800,10,3.0
eid_gift_pack,61,2,800,10,3.0
eid_gift_pack,62,1,800,10,3.0
eid_gift_pack,63,0,800,10,3.0
eid_gift_pack,64,1,800,10,3.0
eid_gift_pack,65,0,800,10,3.0
eid_gift_pack,66,0,800,10,3.0
eid_gift_pack,67,2,800,10,3.0
eid_gift_pack,68,1,800,10,3.0
eid_gift_pack,69,0,800,10,3.0
eid_gift_pack,70,0,800,10,3.0
eid_gift_pack,71,0,800,10,3.0
eid_gift_pack,72,1,800,10,3.0
eid_gift_pack,73,1,800,10,3.0
eid_gift_pack,74,1,800,10,3.0
eid_gift_pack,75,1,800,10,3.0
eid_gift_pack,76,1,800,10,3.0
eid_gift_pack,77,1,800,10,3.0
eid_gift_pack,78,0,800,10,3.0
eid_gift_pack,79,0,800,10,3.0
eid_gift_pack,80,0,800,10,3.0
eid_gift_pack,81,0,800,10,3.0
eid_gift_pack,82,0,800,10,3.0
eid_gift_pack,83,20,800,10,3.0
eid_gift_pack,84,1,800,10,3.0
eid_gift_pack,85,1,800,10,3.0
eid_gift_pack,86,1,800,10,3.0
eid_gift_pack,87,0,800,10,3.0
eid_gift_pack,88,0,800,10,3.0
eid_gift_pack,89,1,800,10,3.0
eid_gift_pack,90,1,800,10,3.0
eid_gift_pack,91,1,800,10,3.0
eid_gift_pack,92,1,800,10,3.0
eid_gift_pack,93,0,800,10,3.0
eid_gift_pack,94,0,800,10,3.0
eid_gift_pack,95,0,800,10,3.0
eid_gift_pack,96,0,800,10,3.0
eid_gift_pack,97,1,800,10,3.0
eid_gift_pack,98,0,800,10,3.0
eid_gift_pack,99,1,800,10,3.0
eid_gift_pack,100,0,800,10,3.0
eid_gift_pack,101,2,800,10,3.0
eid_gift_pack,102,0,800,10,3.0
eid_gift_pack,103,1,800,10,3.0
eid_gift_pack,104,3,800,10,3.0
eid_gift_pack,105,0,800,10,3.0
eid_gift_pack,106,1,800,10,3.0
eid_gift_pack,107,0,800,10,3.0
eid_gift_pack,108,24,800,10,3.0
eid_gift_pack,109,0,800,10,3.0
eid_gift_pack,110,0,800,10,3.0
eid_gift_pack,111,0,800,10,3.0
eid_gift_pack,112,0,800,10,3.0
eid_gift_pack,113,2,800,10,3.0
eid_gift_pack,114,0,800,10,3.0
eid_gift_pack,115,1,800,10,3.0
eid_gift_pack,116,1,800,10,3.0
eid_gift_pack,117,1,800,10,3.0
eid_gift_pack,118,0,800,10,3.0
eid_gift_pack,119,1,800,10,3.0
eid_gift_pack,120,0,800,10,3.0
eid_gift_pack,121,0,800,10,3.0
eid_gift_pack,122,0,800,10,3.0
eid_gift_pack,123,0,800,10,3.0
eid_gift_pack,124,1,800,10,3.0
eid_gift_pack,125,0,800,10,3.0
eid_gift_pack,126,1,800,10,3.0
eid_gift_pack,127,1,800,10,3.0
eid_gift_pack,128,1,800,10,3.0
eid_gift_pack,129,1,800,10,3.0
eid_gift_pack,130,1,800,10,3.0
eid_gift_pack,131,1,800,10,3.0
eid_gift_pack,132,0,800,10,3.0
eid_gift_pack,133,0,800,10,3.0
eid_gift_pack,134,0,800,10,3.0
eid_gift_pack,135,0,800,10,3.0
eid_gift_pack,136,1,800,10,3.0
eid_gift_pack,137,0,800,10,3.0
eid_gift_pack,138,0,800,10,3.0
eid_gift_pack,139,0,800,10,3.0
eid_gift_pack,140,0,800,10,3.0
eid_gift_pack,141,1,800,10,3.0
eid_gift_pack,142,1,800,10,3.0
eid_gift_pack,143,0,800,10,3.0
eid_gift_pack,144,1,800,10,3.0
eid_gift_pack,145,0,800,10,3.0
eid_gift_pack,146,18,800,10,3.0
eid_gift_pack,147,3,800,10,3.0
eid_gift_pack,148,0,800,10,3.0
eid_gift_pack,149,0,800,10,3.0
eid_gift_pack,150,0,800,10,3.0
eid_gift_pack,151,1,800,10,3.0
eid_gift_pack,152,0,800,10,3.0
eid_gift_pack,153,0,800,10,3.0
eid_gift_pack,154,0,800,10,3.0
eid_gift_pack,155,0,800,10,3.0
eid_gift_pack,156,0,800,10,3.0
eid_gift_pack,157,0,800,10,3.0
eid_gift_pack,158,1,800,10,3.0
eid_gift_pack,159,0,800,10,3.0
eid_gift_pack,160,0,800,10,3.0
eid_gift_pack,161,0,800,10,3.0
eid_gift_pack,162,0,800,10,3.0
eid_gift_pack,163,23,800,10,3.0
eid_gift_pack,164,0,800,10,3.0
eid_gift_pack,165,0,800,10,3.0
eid_gift_pack,166,1,800,10,3.0
eid_gift_pack,167,0,800,10,3.0
eid_gift_pack,168,1,800,10,3.0
eid_gift_pack,169,0,800,10,3.0
eid_gift_pack,170,0,800,10,3.0
eid_gift_pack,171,0,800,10,3.0
eid_gift_pack,172,0,800,10,3.0
eid_gift_pack,173,3,800,10,3.0
eid_gift_pack,174,0,800,10,3.0
eid_gift_pack,175,0,800,10,3.0
eid_gift_pack,176,0,800,10,3.0
eid_gift_pack,177,0,800,10,3.0
eid_gift_pack,178,0,800,10,3.0
eid_gift_pack,179,0,800,10,3.0
eid_gift_pack,180,0,800,10,3.0
eid_gift_pack,181,0,800,10,3.0
eid_gift_pack,182,1,800,10,3.0
eid_gift_pack,183,1,800,10,3.0
eid_gift_pack,184,0,800,10,3.0
eid_gift_pack,185,0,800,10,3.0
eid_gift_pack,186,0,800,10,3.0
eid_gift_pack,187,0,800,10,3.0
eid_gift_pack,188,23,800,10,3.0
eid_gift_pack,189,1,800,10,3.0
eid_gift_pack,190,0,800,10,3.0
eid_gift_pack,191,23,800,10,3.0
eid_gift_pack,192,1,800,10,3.0
eid_gift_pack,193,0,800,10,3.0
eid_gift_pack,194,0,800,10,3.0
eid_gift_pack,195,0,800,10,3.0
eid_gift_pack,196,1,800,10,3.0
eid_gift_pack,197,0,800,10,3.0
eid_gift_pack,198,0,800,10,3.0
eid_gift_pack,199,3,800,10,3.0
eid_gift_pack,200,1,800,10,3.0
eid_gift_pack,201,1,800,10,3.0
eid_gift_pack,202,0,800,10,3.0
eid_gift_pack,203,1,800,10,3.0
eid_gift_pack,204,21,800,10,3.0
eid_gift_pack,205,0,800,10,3.0
eid_gift_pack,206,0,800,10,3.0
eid_gift_pack,207,1,800,10,3.0
eid_gift_pack,208,1,800,10,3.0
eid_gift_pack,209,1,800,10,3.0
eid_gift_pack,210,1,800,10,3.0
eid_gift_pack,211,0,800,10,3.0
eid_gift_pack,212,0,800,10,3.0
eid_gift_pack,213,0,800,10,3.0
eid_gift_pack,214,0,800,10,3.0
eid_gift_pack,215,2,800,10,3.0
eid_gift_pack,216,0,800,10,3.0
eid_gift_pack,217,0,800,10,3.0
eid_gift_pack,218,2,800,10,3.0
eid_gift_pack,219,16,800,10,3.0
eid_gift_pack,220,2,800,10,3.0
eid_gift_pack,221,0,800,10,3.0
eid_gift_pack,222,1,800,10,3.0
eid_gift_pack,223,1,800,10,3.0
eid_gift_pack,224,2,800,10,3.0
eid_gift_pack,225,0,800,10,3.0
eid_gift_pack,226,1,800,10,3.0
eid_gift_pack,227,0,800,10,3.0
eid_gift_pack,228,0,800,10,3.0
eid_gift_pack,229,0,800,10,3.0
eid_gift_pack,230,20,800,10,3.0
eid_gift_pack,231,0,800,10,3.0
eid_gift_pack,232,0,800,10,3.0
eid_gift_pack,233,0,800,10,3.0
eid_gift_pack,234,0,800,10,3.0
eid_gift_pack,235,1,800,10,3.0
eid_gift_pack,236,0,800,10,3.0
eid_gift_pack,237,1,800,10,3.0
eid_gift_pack,238,1,800,10,3.0
eid_gift_pack,239,0,800,10,3.0
eid_gift_pack,240,0,800,10,3.0
eid_gift_pack,241,2,800,10,3.0
eid_gift_pack,242,0,800,10,3.0
eid_gift_pack,243,0,800,10,3.0
eid_gift_pack,244,1,800,10,3.0
eid_gift_pack,245,2,800,10,3.0
eid_gift_pack,246,1,800,10,3.0
eid_gift_pack,247,0,800,10,3.0
eid_gift_pack,248,1,800,10,3.0
eid_gift_pack,249,1,800,10,3.0
eid_gift_pack,250,1,800,10,3.0
eid_gift_pack,251,0,800,10,3.0
eid_gift_pack,252,2,800,10,3.0
eid_gift_pack,253,1,800,10,3.0
eid_gift_pack,254,1,800,10,3.0
eid_gift_pack,255,0,800,10,3.0
eid_gift_pack,256,0,800,10,3.0
eid_gift_pack,257,3,800,10,3.0
eid_gift_pack,258,1,800,10,3.0
eid_gift_pack,259,0,800,10,3.0
eid_gift_pack,260,0,800,10,3.0
eid_gift_pack,261,2,800,10,3.0
eid_gift_pack,262,1,800,10,3.0
eid_gift_pack,263,0,800,10,3.0
eid_gift_pack,264,0,800,10,3.0
eid_gift_pack,265,0,800,10,3.0
eid_gift_pack,266,0,800,10,3.0
eid_gift_pack,267,19,800,10,3.0
eid_gift_pack,268,0,800,10,3.0
eid_gift_pack,269,0,800,10,3.0
eid_gift_pack,270,0,800,10,3.0
eid_gift_pack,271,0,800,10,3.0
eid_gift_pack,272,16,800,10,3.0
eid_gift_pack,273,0,800,10,3.0
eid_gift_pack,274,0,800,10,3.0
eid_gift_pack,275,1,800,10,3.0
eid_gift_pack,276,0,800,10,3.0
eid_gift_pack,277,0,800,10,3.0
eid_gift_pack,278,0,800,10,3.0
eid_gift_pack,279,0,800,10,3.0
eid_gift_pack,280,0,800,10,3.0
eid_gift_pack,281,1,800,10,3.0
eid_gift_pack,282,1,800,10,3.0
eid_gift_pack,283,0,800,10,3.0
eid_gift_pack,284,0,800,10,3.0
eid_gift_pack,285,0,800,10,3.0
eid_gift_pack,286,0,800,10,3.0
eid_gift_pack,287,1,800,10,3.0
eid_gift_pack,288,1,800,10,3.0
eid_gift_pack,289,0,800,10,3.0
eid_gift_pack,290,0,800,10,3.0
eid_gift_pack,291,0,800,10,3.0
eid_gift_pack,292,0,800,10,3.0
eid_gift_pack,293,3,800,10,3.0
eid_gift_pack,294,16,800,10,3.0
eid_gift_pack,295,2,800,10,3.0
eid_gift_pack,296,2,800,10,3.0
eid_gift_pack,297,1,800,10,3.0
eid_gift_pack,298,2,800,10,3.0
eid_gift_pack,299,0,800,10,3.0
eid_gift_pack,300,0,800,10,3.0
eid_gift_pack,301,0,800,10,3.0
eid_gift_pack,302,0,800,10,3.0
eid_gift_pack,303,1,800,10,3.0
eid_gift_pack,304,1,800,10,3.0
eid_gift_pack,305,0,800,10,3.0
eid_gift_pack,306,0,800,10,3.0
eid_gift_pack,307,1,800,10,3.0
eid_gift_pack,308,0,800,10,3.0
eid_gift_pack,309,0,800,10,3.0
eid_gift_pack,310,1,800,10,3.0
eid_gift_pack,311,1,800,10,3.0
eid_gift_pack,312,23,800,10,3.0
eid_gift_pack,313,0,800,10,3.0
eid_gift_pack,314,0,800,10,3.0
eid_gift_pack,315,0,800,10,3.0
eid_gift_pack,316,1,800,10,3.0
eid_gift_pack,317,0,800,10,3.0
eid_gift_pack,318,26,800,10,3.0
eid_gift_pack,319,1,800,10,3.0
eid_gift_pack,320,23,800,10,3.0
eid_gift_pack,321,2,800,10,3.0
eid_gift_pack,322,0,800,10,3.0
eid_gift_pack,323,0,800,10,3.0
eid_gift_pack,324,0,800,10,3.0
eid_gift_pack,325,0,800,10,3.0
eid_gift_pack,326,1,800,10,3.0
eid_gift_pack,327,0,800,10,3.0
eid_gift_pack,328,1,800,10,3.0
eid_gift_pack,329,1,800,10,3.0
eid_gift_pack,330,2,800,10,3.0
eid_gift_pack,331,0,800,10,3.0
eid_gift_pack,332,0,800,10,3.0
eid_gift_pack,333,18,800,10,3.0
eid_gift_pack,334,1,800,10,3.0
eid_gift_pack,335,1,800,10,3.0
eid_gift_pack,336,0,800,10,3.0
eid_gift_pack,337,1,800,10,3.0
eid_gift_pack,338,1,800,10,3.0
eid_gift_pack,339,0,800,10,3.0
eid_gift_pack,340,1,800,10,3.0
eid_gift_pack,341,0,800,10,3.0
eid_gift_pack,342,0,800,10,3.0
eid_gift_pack,343,0,800,10,3.0
eid_gift_pack,344,1,800,10,3.0
eid_gift_pack,345,23,800,10,3.0
eid_gift_pack,346,0,800,10,3.0
eid_gift_pack,347,1,800,10,3.0
eid_gift_pack,348,2,800,10,3.0
eid_gift_pack,349,2,800,10,3.0
eid_gift_pack,350,0,800,10,3.0
eid_gift_pack,351,2,800,10,3.0
eid_gift_pack,352,1,800,10,3.0
eid_gift_pack,353,2,800,10,3.0
eid_gift_pack,354,0,800,10,3.0
eid_gift_pack,355,0,800,10,3.0
eid_gift_pack,356,1,800,10,3.0
eid_gift_pack,357,1,800,10,3.0
eid_gift_pack,358,0,800,10,3.0
eid_gift_pack,359,1,800,10,3.0
eid_gift_pack,360,1,800,10,3.0
eid_gift_pack,361,1,800,10,3.0
eid_gift_pack,362,2,800,10,3.0
eid_gift_pack,363,27,800,10,3.0
eid_gift_pack,364,0,800,10,3.0
eid_gift_pack,365,16,800,10,3.0
eid_gift_pack,366,0,800,10,3.0
eid_gift_pack,367,0,800,10,3.0
eid_gift_pack,368,1,800,10,3.0
eid_gift_pack,369,1,800,10,3.0
eid_gift_pack,370,2,800,10,3.0
eid_gift_pack,371,0,800,10,3.0
eid_gift_pack,372,0,800,10,3.0
eid_gift_pack,373,1,800,10,3.0
eid_gift_pack,374,2,800,10,3.0
eid_gift_pack,375,1,800,10,3.0
eid_gift_pack,376,1,800,10,3.0
eid_gift_pack,377,2,800,10,3.0
eid_gift_pack,378,1,800,10,3.0
eid_gift_pack,379,1,800,10,3.0
eid_gift_pack,380,1,800,10,3.0
eid_gift_pack,381,0,800,10,3.0
eid_gift_pack,382,1,800,10,3.0
eid_gift_pack,383,3,800,10,3.0
eid_gift_pack,384,28,800,10,3.0
eid_gift_pack,385,0,800,10,3.0
eid_gift_pack,386,1,800,10,3.0
eid_gift_pack,387,0,800,10,3.0
eid_gift_pack,388,0,800,10,3.0
eid_gift_pack,389,24,800,10,3.0
eid_gift_pack,390,1,800,10,3.0
eid_gift_pack,391,0,800,10,3.0
eid_gift_pack,392,1,800,10,3.0
eid_gift_pack,393,2,800,10,3.0
eid_gift_pack,394,1,800,10,3.0
eid_gift_pack,395,1,800,10,3.0
eid_gift_pack,396,0,800,10,3.0
eid_gift_pack,397,1,800,10,3.0
eid_gift_pack,398,3,800,10,3.0
eid_gift_pack,399,0,800,10,3.0
eid_gift_pack,400,1,800,10,3.0
eid_gift_pack,401,0,800,10,3.0
eid_gift_pack,402,2,800,10,3.0
eid_gift_pack,403,0,800,10,3.0
eid_gift_pack,404,0,800,10,3.0
eid_gift_pack,405,1,800,10,3.0
eid_gift_pack,406,25,800,10,3.0
eid_gift_pack,407,0,800,10,3.0
eid_gift_pack,408,0,800,10,3.0
eid_gift_pack,409,0,800,10,3.0
eid_gift_pack,410,0,800,10,3.0
eid_gift_pack,411,1,800,10,3.0
eid_gift_pack,412,1,800,10,3.0
eid_gift_pack,413,1,800,10,3.0
eid_gift_pack,414,0,800,10,3.0
eid_gift_pack,415,0,800,10,3.0
eid_gift_pack,416,0,800,10,3.0
eid_gift_pack,417,0,800,10,3.0
eid_gift_pack,418,2,800,10,3.0
eid_gift_pack,419,0,800,10,3.0
eid_gift_pack,420,1,800,10,3.0
eid_gift_pack,421,0,800,10,3.0
eid_gift_pack,422,1,800,10,3.0
eid_gift_pack,423,1,800,10,3.0
eid_gift_pack,424,0,800,10,3.0
eid_gift_pack,425,0,800,10,3.0
eid_gift_pack,426,1,800,10,3.0
eid_gift_pack,427,2,800,10,3.0
eid_gift_pack,428,0,800,10,3.0
eid_gift_pack,429,0,800,10,3.0
eid_gift_pack,430,0,800,10,3.0
eid_gift_pack,431,1,800,10,3.0
eid_gift_pack,432,0,800,10,3.0
eid_gift_pack,433,1,800,10,3.0
eid_gift_pack,434,0,800,10,3.0
eid_gift_pack,435,0,800,10,3.0
eid_gift_pack,436,1,800,10,3.0
eid_gift_pack,437,0,800,10,3.0
eid_gift_pack,438,1,800,10,3.0
eid_gift_pack,439,0,800,10,3.0
eid_gift_pack,440,0,800,10,3.0
eid_gift_pack,441,0,800,10,3.0
eid_gift_pack,442,0,800,10,3.0
eid_gift_pack,443,0,800,10,3.0
eid_gift_pack,444,1,800,10,3.0
eid_gift_pack,445,1,800,10,3.0
eid_gift_pack,446,0,800,10,3.0
eid_gift_pack,447,0,800,10,3.0
eid_gift_pack,448,0,800,10,3.0
eid_gift_pack,449,0,800,10,3.0
eid_gift_pack,450,0,800,10,3.0
eid_gift_pack,451,28,800,10,3.0
eid_gift_pack,452,1,800,10,3.0
eid_gift_pack,453,1,800,10,3.0
eid_gift_pack,454,0,800,10,3.0
eid_gift_pack,455,28,800,10,3.0
eid_gift_pack,456,0,800,10,3.0
eid_gift_pack,457,0,800,10,3.0
eid_gift_pack,458,2,800,10,3.0
eid_gift_pack,459,0,800,10,3.0
eid_gift_pack,460,0,800,10,3.0
eid_gift_pack,461,0,800,10,3.0
eid_gift_pack,462,1,800,10,3.0
eid_gift_pack,463,2,800,10,3.0
eid_gift_pack,464,1,800,10,3.0
eid_gift_pack,465,25,800,10,3.0
eid_gift_pack,466,14,800,10,3.0
eid_gift_pack,467,1,800,10,3.0
eid_gift_pack,468,1,800,10,3.0
eid_gift_pack,469,0,800,10,3.0
eid_gift_pack,470,0,800,10,3.0
eid_gift_pack,471,18,800,10,3.0
eid_gift_pack,472,0,800,10,3.0
eid_gift_pack,473,0,800,10,3.0
eid_gift_pack,474,2,800,10,3.0
eid_gift_pack,475,32,800,10,3.0
eid_gift_pack,476,1,800,10,3.0
eid_gift_pack,477,0,800,10,3.0
eid_gift_pack,478,1,800,10,3.0
eid_gift_pack,479,0,800,10,3.0
eid_gift_pack,480,2,800,10,3.0
eid_gift_pack,481,1,800,10,3.0
eid_gift_pack,482,0,800,10,3.0
eid_gift_pack,483,1,800,10,3.0
eid_gift_pack,484,1,800,10,3.0
eid_gift_pack,485,0,800,10,3.0
eid_gift_pack,486,0,800,10,3.0
eid_gift_pack,487,0,800,10,3.0
eid_gift_pack,488,2,800,10,3.0
eid_gift_pack,489,0,800,10,3.0
eid_gift_pack,490,0,800,10,3.0
eid_gift_pack,491,0,800,10,3.0
eid_gift_pack,492,0,800,10,3.0
eid_gift_pack,493,2,800,10,3.0
eid_gift_pack,494,0,800,10,3.0
eid_gift_pack,495,1,800,10,3.0
eid_gift_pack,496,0,800,10,3.0
eid_gift_pack,497,0,800,10,3.0
eid_gift_pack,498,0,800,10,3.0
eid_gift_pack,499,0,800,10,3.0
eid_gift_pack,500,1,800,10,3.0
eid_gift_pack,501,1,800,10,3.0
eid_gift_pack,502,1,800,10,3.0
eid_gift_pack,503,0,800,10,3.0
eid_gift_pack,504,23,800,10,3.0
eid_gift_pack,505,0,800,10,3.0
eid_gift_pack,506,0,800,10,3.0
eid_gift_pack,507,1,800,10,3.0
eid_gift_pack,508,0,800,10,3.0
eid_gift_pack,509,0,800,10,3.0
eid_gift_pack,510,2,800,10,3.0
eid_gift_pack,511,1,800,10,3.0
eid_gift_pack,512,1,800,10,3.0
eid_gift_pack,513,1,800,10,3.0
eid_gift_pack,514,0,800,10,3.0
eid_gift_pack,515,36,800,10,3.0
eid_gift_pack,516,0,800,10,3.0
eid_gift_pack,517,0,800,10,3.0
eid_gift_pack,518,2,800,10,3.0
eid_gift_pack,519,0,800,10,3.0
eid_gift_pack,520,0,800,10,3.0
eid_gift_pack,521,0,800,10,3.0
eid_gift_pack,522,1,800,10,3.0
eid_gift_pack,523,0,800,10,3.0
eid_gift_pack,524,0,800,10,3.0
eid_gift_pack,525,1,800,10,3.0
eid_gift_pack,526,1,800,10,3.0
eid_gift_pack,527,0,800,10,3.0
eid_gift_pack,528,1,800,10,3.0
eid_gift_pack,529,1,800,10,3.0
eid_gift_pack,530,2,800,10,3.0
eid_gift_pack,531,0,800,10,3.0
eid_gift_pack,532,2,800,10,3.0
eid_gift_pack,533,0,800,10,3.0
eid_gift_pack,534,1,800,10,3.0
eid_gift_pack,535,1,800,10,3.0
eid_gift_pack,536,0,800,10,3.0
eid_gift_pack,537,1,800,10,3.0
eid_gift_pack,538,0,800,10,3.0
eid_gift_pack,539,1,800,10,3.0
eid_gift_pack,540,0,800,10,3.0
eid_gift_pack,541,1,800,10,3.0
eid_gift_pack,542,1,800,10,3.0
eid_gift_pack,543,18,800,10,3.0
eid_gift_pack,544,22,800,10,3.0
eid_gift_pack,545,1,800,10,3.0
eid_gift_pack,546,3,800,10,3.0
eid_gift_pack,547,0,800,10,3.0
eid_gift_pack,548,2,800,10,3.0
eid_gift_pack,549,0,800,10,3.0
eid_gift_pack,550,0,800,10,3.0
eid_gift_pack,551,1,800,10,3.0
eid_gift_pack,552,0,800,10,3.0
eid_gift_pack,553,1,800,10,3.0
eid_gift_pack,554,0,800,10,3.0
eid_gift_pack,555,0,800,10,3.0
eid_gift_pack,556,0,800,10,3.0
eid_gift_pack,557,3,800,10,3.0
eid_gift_pack,558,1,800,10,3.0
eid_gift_pack,559,1,800,10,3.0
eid_gift_pack,560,0,800,10,3.0
eid_gift_pack,561,2,800,10,3.0
eid_gift_pack,562,1,800,10,3.0
eid_gift_pack,563,0,800,10,3.0
eid_gift_pack,564,0,800,10,3.0
eid_gift_pack,565,0,800,10,3.0
eid_gift_pack,566,1,800,10,3.0
eid_gift_pack,567,0,800,10,3.0
eid_gift_pack,568,0,800,10,3.0
eid_gift_pack,569,2,800,10,3.0
eid_gift_pack,570,0,800,10,3.0
eid_gift_pack,571,1,800,10,3.0
eid_gift_pack,572,0,800,10,3.0
eid_gift_pack,573,0,800,10,3.0
eid_gift_pack,574,0,800,10,3.0
eid_gift_pack,575,0,800,10,3.0
eid_gift_pack,576,0,800,10,3.0
eid_gift_pack,577,0,800,10,3.0
eid_gift_pack,578,0,800,10,3.0
eid_gift_pack,579,1,800,10,3.0
eid_gift_pack,580,0,800,10,3.0
eid_gift_pack,581,1,800,10,3.0
eid_gift_pack,582,0,800,10,3.0
eid_gift_pack,583,0,800,10,3.0
eid_gift_pack,584,0,800,10,3.0
eid_gift_pack,585,0,800,10,3.0
eid_gift_pack,586,0,800,10,3.0
eid_gift_pack,587,0,800,10,3.0
eid_gift_pack,588,2,800,10,3.0
eid_gift_pack,589,0,800,10,3.0
eid_gift_pack,590,0,800,10,3.0
eid_gift_pack,591,2,800,10,3.0
eid_gift_pack,592,0,800,10,3.0
eid_gift_pack,593,0,800,10,3.0
eid_gift_pack,594,2,800,10,3.0
eid_gift_pack,595,1,800,10,3.0
eid_gift_pack,596,2,800,10,3.0
eid_gift_pack,597,0,800,10,3.0
eid_gift_pack,598,1,800,10,3.0
eid_gift_pack,599,1,800,10,3.0
eid_gift_pack,600,1,800,10,3.0
eid_gift_pack,601,0,800,10,3.0
eid_gift_pack,602,0,800,10,3.0
eid_gift_pack,603,0,800,10,3.0
eid_gift_pack,604,0,800,10,3.0
eid_gift_pack,605,1,800,10,3.0
eid_gift_pack,606,0,800,10,3.0
eid_gift_pack,607,24,800,10,3.0
eid_gift_pack,608,0,800,10,3.0
eid_gift_pack,609,2,800,10,3.0
eid_gift_pack,610,3,800,10,3.0
eid_gift_pack,611,0,800,10,3.0
eid_gift_pack,612,0,800,10,3.0
eid_gift_pack,613,2,800,10,3.0
eid_gift_pack,614,0,800,10,3.0
eid_gift_pack,615,2,800,10,3.0
eid_gift_pack,616,1,800,10,3.0
eid_gift_pack,617,0,800,10,3.0
eid_gift_pack,618,18,800,10,3.0
eid_gift_pack,619,2,800,10,3.0
eid_gift_pack,620,0,800,10,3.0
eid_gift_pack,621,0,800,10,3.0
eid_gift_pack,622,0,800,10,3.0
eid_gift_pack,623,0,800,10,3.0
eid_gift_pack,624,0,800,10,3.0
eid_gift_pack,625,0,800,10,3.0
eid_gift_pack,626,0,800,10,3.0
eid_gift_pack,627,0,800,10,3.0
eid_gift_pack,628,1,800,10,3.0
eid_gift_pack,629,2,800,10,3.0
eid_gift_pack,630,0,800,10,3.0
eid_gift_pack,631,0,800,10,3.0
eid_gift_pack,632,1,800,10,3.0
eid_gift_pack,633,0,800,10,3.0
eid_gift_pack,634,0,800,10,3.0
eid_gift_pack,635,0,800,10,3.0
eid_gift_pack,636,0,800,10,3.0
eid_gift_pack,637,1,800,10,3.0
eid_gift_pack,638,0,800,10,3.0
eid_gift_pack,639,1,800,10,3.0
eid_gift_pack,640,1,800,10,3.0
eid_gift_pack,641,0,800,10,3.0
eid_gift_pack,642,1,800,10,3.0
eid_gift_pack,643,0,800,10,3.0
eid_gift_pack,644,2,800,10,3.0
eid_gift_pack,645,0,800,10,3.0
eid_gift_pack,646,0,800,10,3.0
eid_gift_pack,647,1,800,10,3.0
eid_gift_pack,648,0,800,10,3.0
eid_gift_pack,649,1,800,10,3.0
eid_gift_pack,650,0,800,10,3.0
eid_gift_pack,651,0,800,10,3.0
eid_gift_pack,652,0,800,10,3.0
eid_gift_pack,653,1,800,10,3.0
eid_gift_pack,654,17,800,10,3.0
eid_gift_pack,655,0,800,10,3.0
eid_gift_pack,656,0,800,10,3.0
eid_gift_pack,657,0,800,10,3.0
eid_gift_pack,658,0,800,10,3.0
eid_gift_pack,659,1,800,10,3.0
eid_gift_pack,660,0,800,10,3.0
eid_gift_pack,661,1,800,10,3.0
eid_gift_pack,662,1,800,10,3.0
eid_gift_pack,663,0,800,10,3.0
eid_gift_pack,664,1,800,10,3.0
eid_gift_pack,665,0,800,10,3.0
eid_gift_pack,666,0,800,10,3.0
eid_gift_pack,667,1,800,10,3.0
eid_gift_pack,668,0,800,10,3.0
eid_gift_pack,669,1,800,10,3.0
eid_gift_pack,670,0,800,10,3.0
eid_gift_pack,671,0,800,10,3.0
eid_gift_pack,672,0,800,10,3.0
eid_gift_pack,673,0,800,10,3.0
eid_gift_pack,674,0,800,10,3.0
eid_gift_pack,675,0,800,10,3.0
eid_gift_pack,676,0,800,10,3.0
eid_gift_pack,677,0,800,10,3.0
eid_gift_pack,678,1,800,10,3.0
eid_gift_pack,679,2,800,10,3.0
eid_gift_pack,680,2,800,10,3.0
eid_gift_pack,681,1,800,10,3.0
eid_gift_pack,682,1,800,10,3.0
eid_gift_pack,683,0,800,10,3.0
eid_gift_pack,684,0,800,10,3.0
eid_gift_pack,685,1,800,10,3.0
eid_gift_pack,686,0,800,10,3.0
eid_gift_pack,687,0,800,10,3.0
eid_gift_pack,688,0,800,10,3.0
eid_gift_pack,689,2,800,10,3.0
eid_gift_pack,690,0,800,10,3.0
eid_gift_pack,691,0,800,10,3.0
eid_gift_pack,692,0,800,10,3.0
eid_gift_pack,693,2,800,10,3.0
eid_gift_pack,694,1,800,10,3.0
eid_gift_pack,695,1,800,10,3.0
eid_gift_pack,696,1,800,10,3.0
eid_gift_pack,697,1,800,10,3.0
eid_gift_pack,698,0,800,10,3.0
eid_gift_pack,699,0,800,10,3.0
eid_gift_pack,700,0,800,10,3.0
eid_gift_pack,701,0,800,10,3.0
eid_gift_pack,702,1,800,10,3.0
eid_gift_pack,703,20,800,10,3.0
eid_gift_pack,704,1,800,10,3.0
eid_gift_pack,705,0,800,10,3.0
eid_gift_pack,706,0,800,10,3.0
eid_gift_pack,707,0,800,10,3.0
eid_gift_pack,708,0,800,10,3.0
eid_gift_pack,709,2,800,10,3.0
eid_gift_pack,710,17,800,10,3.0
eid_gift_pack,711,27,800,10,3.0
eid_gift_pack,712,0,800,10,3.0
eid_gift_pack,713,1,800,10,3.0
eid_gift_pack,714,0,800,10,3.0
eid_gift_pack,715,0,800,10,3.0
eid_gift_pack,716,0,800,10,3.0
eid_gift_pack,717,1,800,10,3.0
eid_gift_pack,718,0,800,10,3.0
eid_gift_pack,719,0,800,10,3.0
eid_gift_pack,720,0,800,10,3.0
eid_gift_pack,721,0,800,10,3.0
eid_gift_pack,722,0,800,10,3.0
eid_gift_pack,723,1,800,10,3.0
eid_gift_pack,724,1,800,10,3.0
eid_gift_pack,725,2,800,10,3.0
eid_gift_pack,726,0,800,10,3.0
eid_gift_pack,727,1,800,10,3.0
eid_gift_pack,728,1,800,10,3.0
eid_gift_pack,729,0,800,10,3.0
premium_perfume,0,0,1200,12,4.0
premium_perfume,1,0,1200,12,4.0
premium_perfume,2,0,1200,12,4.0
premium_perfume,3,1,1200,12,4.0
premium_perfume,4,1,1200,12,4.0
premium_perfume,5,0,1200,12,4.0
premium_perfume,6,2,1200,12,4.0
premium_perfume,7,0,1200,12,4.0
premium_perfume,8,0,1200,12,4.0
premium_perfume,9,0,1200,12,4.0
premium_perfume,10,0,1200,12,4.0
premium_perfume,11,0,1200,12,4.0
premium_perfume,12,1,1200,12,4.0
premium_perfume,13,0,1200,12,4.0
premium_perfume,14,0,1200,12,4.0
premium_perfume,15,1,1200,12,4.0
premium_perfume,16,0,1200,12,4.0
premium_perfume,17,0,1200,12,4.0
premium_perfume,18,15,1200,12,4.0
premium_perfume,19,1,1200,12,4.0
premium_perfume,20,1,1200,12,4.0
premium_perfume,21,0,1200,12,4.0
premium_perfume,22,0,1200,12,4.0
premium_perfume,23,0,1200,12,4.0
premium_perfume,24,0,1200,12,4.0
premium_perfume,25,0,1200,12,4.0
premium_perfume,26,1,1200,12,4.0
premium_perfume,27,1,1200,12,4.0
premium_perfume,28,0,1200,12,4.0
premium_perfume,29,2,1200,12,4.0
premium_perfume,30,1,1200,12,4.0
premium_perfume,31,0,1200,12,4.0
premium_perfume,32,0,1200,12,4.0
premium_perfume,33,0,1200,12,4.0
premium_perfume,34,0,1200,12,4.0
premium_perfume,35,0,1200,12,4.0
premium_perfume,36,2,1200,12,4.0
premium_perfume,37,1,1200,12,4.0
premium_perfume,38,0,1200,12,4.0
premium_perfume,39,0,1200,12,4.0
premium_perfume,40,0,1200,12,4.0
premium_perfume,41,0,1200,12,4.0
premium_perfume,42,0,1200,12,4.0
premium_perfume,43,0,1200,12,4.0
premium_perfume,44,0,1200,12,4.0
premium_perfume,45,0,1200,12,4.0
premium_perfume,46,0,1200,12,4.0
premium_perfume,47,0,1200,12,4.0
premium_perfume,48,1,1200,12,4.0
premium_perfume,49,1,1200,12,4.0
premium_perfume,50,0,1200,12,4.0
premium_perfume,51,0,1200,12,4.0
premium_perfume,52,0,1200,12,4.0
premium_perfume,53,0,1200,12,4.0
premium_perfume,54,0,1200,12,4.0
premium_perfume,55,2,1200,12,4.0
premium_perfume,56,0,1200,12,4.0
premium_perfume,57,0,1200,12,4.0
premium_perfume,58,1,1200,12,4.0
premium_perfume,59,0,1200,12,4.0
premium_perfume,60,1,1200,12,4.0
premium_perfume,61,0,1200,12,4.0
premium_perfume,62,0,1200,12,4.0
premium_perfume,63,0,1200,12,4.0
premium_perfume,64,0,1200,12,4.0
premium_perfume,65,0,1200,12,4.0
premium_perfume,66,19,1200,12,4.0
premium_perfume,67,1,1200,12,4.0
premium_perfume,68,1,1200,12,4.0
premium_perfume,69,1,1200,12,4.0
premium_perfume,70,1,1200,12,4.0
premium_perfume,71,0,1200,12,4.0
premium_perfume,72,0,1200,12,4.0
premium_perfume,73,0,1200,12,4.0
premium_perfume,74,3,1200,12,4.0
premium_perfume,75,1,1200,12,4.0
premium_perfume,76,18,1200,12,4.0
premium_perfume,77,0,1200,12,4.0
premium_perfume,78,0,1200,12,4.0
premium_perfume,79,0,1200,12,4.0
premium_perfume,80,0,1200,12,4.0
premium_perfume,81,1,1200,12,4.0
premium_perfume,82,0,1200,12,4.0
premium_perfume,83,18,1200,12,4.0
premium_perfume,84,2,1200,12,4.0
premium_perfume,85,0,1200,12,4.0
premium_perfume,86,0,1200,12,4.0
premium_perfume,87,0,1200,12,4.0
premium_perfume,88,0,1200,12,4.0
premium_perfume,89,0,1200,12,4.0
premium_perfume,90,10,1200,12,4.0
premium_perfume,91,0,1200,12,4.0
premium_perfume,92,1,1200,12,4.0
premium_perfume,93,0,1200,12,4.0
premium_perfume,94,0,1200,12,4.0
premium_perfume,95,0,1200,12,4.0
premium_perfume,96,0,1200,12,4.0
premium_perfume,97,0,1200,12,4.0
premium_perfume,98,0,1200,12,4.0
premium_perfume,99,0,1200,12,4.0
premium_perfume,100,18,1200,12,4.0
premium_perfume,101,1,1200,12,4.0
premium_perfume,102,0,1200,12,4.0
premium_perfume,103,0,1200,12,4.0
premium_perfume,104,0,1200,12,4.0
premium_perfume,105,0,1200,12,4.0
premium_perfume,106,0,1200,12,4.0
premium_perfume,107,0,1200,12,4.0
premium_perfume,108,0,1200,12,4.0
premium_perfume,109,1,1200,12,4.0
premium_perfume,110,1,1200,12,4.0
premium_perfume,111,0,1200,12,4.0
premium_perfume,112,1,1200,12,4.0
premium_perfume,113,0,1200,12,4.0
premium_perfume,114,1,1200,12,4.0
premium_perfume,115,0,1200,12,4.0
premium_perfume,116,0,1200,12,4.0
premium_perfume,117,0,1200,12,4.0
premium_perfume,118,0,1200,12,4.0
premium_perfume,119,0,1200,12,4.0
premium_perfume,120,1,1200,12,4.0
premium_perfume,121,0,1200,12,4.0
premium_perfume,122,0,1200,12,4.0
premium_perfume,123,1,1200,12,4.0
premium_perfume,124,0,1200,12,4.0
premium_perfume,125,0,1200,12,4.0
premium_perfume,126,3,1200,12,4.0
premium_perfume,127,0,1200,12,4.0
premium_perfume,128,0,1200,12,4.0
premium_perfume,129,0,1200,12,4.0
premium_perfume,130,1,1200,12,4.0
premium_perfume,131,0,1200,12,4.0
premium_perfume,132,2,1200,12,4.0
premium_perfume,133,1,1200,12,4.0
premium_perfume,134,0,1200,12,4.0
premium_perfume,135,0,1200,12,4.0
premium_perfume,136,2,1200,12,4.0
premium_perfume,137,0,1200,12,4.0
premium_perfume,138,0,1200,12,4.0
premium_perfume,139,0,1200,12,4.0
premium_perfume,140,1,1200,12,4.0
premium_perfume,141,1,1200,12,4.0
premium_perfume,142,0,1200,12,4.0
premium_perfume,143,0,1200,12,4.0
premium_perfume,144,1,1200,12,4.0
premium_perfume,145,0,1200,12,4.0
premium_perfume,146,0,1200,12,4.0
premium_perfume,147,2,1200,12,4.0
premium_perfume,148,0,1200,12,4.0
premium_perfume,149,1,1200,12,4.0
premium_perfume,150,1,1200,12,4.0
premium_perfume,151,0,1200,12,4.0
premium_perfume,152,2,1200,12,4.0
premium_perfume,153,0,1200,12,4.0
premium_perfume,154,3,1200,12,4.0
premium_perfume,155,0,1200,12,4.0
premium_perfume,156,2,1200,12,4.0
premium_perfume,157,0,1200,12,4.0
premium_perfume,158,0,1200,12,4.0
premium_perfume,159,0,1200,12,4.0
premium_perfume,160,1,1200,12,4.0
premium_perfume,161,1,1200,12,4.0
premium_perfume,162,1,1200,12,4.0
premium_perfume,163,19,1200,12,4.0
premium_perfume,164,0,1200,12,4.0
premium_perfume,165,0,1200,12,4.0
premium_perfume,166,17,1200,12,4.0
premium_perfume,167,2,1200,12,4.0
premium_perfume,168,1,1200,12,4.0
premium_perfume,169,1,1200,12,4.0
premium_perfume,170,0,1200,12,4.0
premium_perfume,171,0,1200,12,4.0
premium_perfume,172,0,1200,12,4.0
premium_perfume,173,0,1200,12,4.0
premium_perfume,174,1,1200,12,4.0
premium_perfume,175,0,1200,12,4.0
premium_perfume,176,0,1200,12,4.0
premium_perfume,177,1,1200,12,4.0
premium_perfume,178,1,1200,12,4.0
premium_perfume,179,0,1200,12,4.0
premium_perfume,180,0,1200,12,4.0
premium_perfume,181,0,1200,12,4.0
premium_perfume,182,0,1200,12,4.0
premium_perfume,183,1,1200,12,4.0
premium_perfume,184,0,1200,12,4.0
premium_perfume,185,0,1200,12,4.0
premium_perfume,186,0,1200,12,4.0
premium_perfume,187,0,1200,12,4.0
premium_perfume,188,1,1200,12,4.0
premium_perfume,189,1,1200,12,4.0
premium_perfume,190,0,1200,12,4.0
premium_perfume,191,0,1200,12,4.0
premium_perfume,192,1,1200,12,4.0
premium_perfume,193,1,1200,12,4.0
premium_perfume,194,0,1200,12,4.0
premium_perfume,195,1,1200,12,4.0
premium_perfume,196,0,1200,12,4.0
premium_perfume,197,0,1200,12,4.0
premium_perfume,198,1,1200,12,4.0
premium_perfume,199,1,1200,12,4.0
premium_perfume,200,0,1200,12,4.0
premium_perfume,201,0,1200,12,4.0
premium_perfume,202,0,1200,12,4.0
premium_perfume,203,4,1200,12,4.0
premium_perfume,204,0,1200,12,4.0
premium_perfume,205,1,1200,12,4.0
premium_perfume,206,1,1200,12,4.0
premium_perfume,207,19,1200,12,4.0
premium_perfume,208,0,1200,12,4.0
premium_perfume,209,0,1200,12,4.0
premium_perfume,210,0,1200,12,4.0
premium_perfume,211,0,1200,12,4.0
premium_perfume,212,0,1200,12,4.0
premium_perfume,213,0,1200,12,4.0
premium_perfume,214,0,1200,12,4.0
premium_perfume,215,0,1200,12,4.0
premium_perfume,216,17,1200,12,4.0
premium_perfume,217,0,1200,12,4.0
premium_perfume,218,0,1200,12,4.0
premium_perfume,219,0,1200,12,4.0
premium_perfume,220,0,1200,12,4.0
premium_perfume,221,0,1200,12,4.0
premium_perfume,222,0,1200,12,4.0
premium_perfume,223,0,1200,12,4.0
premium_perfume,224,0,1200,12,4.0
premium_perfume,225,0,1200,12,4.0
premium_perfume,226,0,1200,12,4.0
premium_perfume,227,0,1200,12,4.0
premium_perfume,228,0,1200,12,4.0
premium_perfume,229,1,1200,12,4.0
premium_perfume,230,0,1200,12,4.0
premium_perfume,231,0,1200,12,4.0
premium_perfume,232,0,1200,12,4.0
premium_perfume,233,0,1200,12,4.0
premium_perfume,234,1,1200,12,4.0
premium_perfume,235,0,1200,12,4.0
premium_perfume,236,0,1200,12,4.0
premium_perfume,237,15,1200,12,4.0
premium_perfume,238,0,1200,12,4.0
premium_perfume,239,1,1200,12,4.0
premium_perfume,240,0,1200,12,4.0
premium_perfume,241,0,1200,12,4.0
premium_perfume,242,0,1200,12,4.0
premium_perfume,243,0,1200,12,4.0
premium_perfume,244,0,1200,12,4.0
premium_perfume,245,0,1200,12,4.0
premium_perfume,246,0,1200,12,4.0
premium_perfume,247,0,1200,12,4.0
premium_perfume,248,1,1200,12,4.0
premium_perfume,249,1,1200,12,4.0
premium_perfume,250,0,1200,12,4.0
premium_perfume,251,0,1200,12,4.0
premium_perfume,252,0,1200,12,4.0
premium_perfume,253,0,1200,12,4.0
premium_perfume,254,2,1200,12,4.0
premium_perfume,255,0,1200,12,4.0
premium_perfume,256,0,1200,12,4.0
premium_perfume,257,0,1200,12,4.0
premium_perfume,258,0,1200,12,4.0
premium_perfume,259,2,1200,12,4.0
premium_perfume,260,2,1200,12,4.0
premium_perfume,261,1,1200,12,4.0
premium_perfume,262,0,1200,12,4.0
premium_perfume,263,0,1200,12,4.0
premium_perfume,264,0,1200,12,4.0
premium_perfume,265,0,1200,12,4.0
premium_perfume,266,1,1200,12,4.0
premium_perfume,267,0,1200,12,4.0
premium_perfume,268,0,1200,12,4.0
premium_perfume,269,0,1200,12,4.0
premium_perfume,270,1,1200,12,4.0
premium_perfume,271,2,1200,12,4.0
premium_perfume,272,0,1200,12,4.0
premium_perfume,273,0,1200,12,4.0
premium_perfume,274,1,1200,12,4.0
premium_perfume,275,0,1200,12,4.0
premium_perfume,276,0,1200,12,4.0
premium_perfume,277,1,1200,12,4.0
premium_perfume,278,1,1200,12,4.0
premium_perfume,279,0,1200,12,4.0
premium_perfume,280,0,1200,12,4.0
premium_perfume,281,0,1200,12,4.0
premium_perfume,282,0,1200,12,4.0
premium_perfume,283,1,1200,12,4.0
premium_perfume,284,1,1200,12,4.0
premium_perfume,285,0,1200,12,4.0
premium_perfume,286,1,1200,12,4.0
premium_perfume,287,0,1200,12,4.0
premium_perfume,288,0,1200,12,4.0
premium_perfume,289,0,1200,12,4.0
premium_perfume,290,1,1200,12,4.0
premium_perfume,291,1,1200,12,4.0
premium_perfume,292,0,1200,12,4.0
premium_perfume,293,0,1200,12,4.0
premium_perfume,294,1,1200,12,4.0
premium_perfume,295,0,1200,12,4.0
premium_perfume,296,0,1200,12,4.0
premium_perfume,297,1,1200,12,4.0
premium_perfume,298,0,1200,12,4.0
premium_perfume,299,1,1200,12,4.0
premium_perfume,300,0,1200,12,4.0
premium_perfume,301,0,1200,12,4.0
premium_perfume,302,1,1200,12,4.0
premium_perfume,303,0,1200,12,4.0
premium_perfume,304,0,1200,12,4.0
premium_perfume,305,0,1200,12,4.0
premium_perfume,306,0,1200,12,4.0
premium_perfume,307,1,1200,12,4.0
premium_perfume,308,0,1200,12,4.0
premium_perfume,309,0,1200,12,4.0
premium_perfume,310,0,1200,12,4.0
premium_perfume,311,0,1200,12,4.0
premium_perfume,312,1,1200,12,4.0
premium_perfume,313,1,1200,12,4.0
premium_perfume,314,1,1200,12,4.0
premium_perfume,315,14,1200,12,4.0
premium_perfume,316,0,1200,12,4.0
premium_perfume,317,1,1200,12,4.0
premium_perfume,318,0,1200,12,4.0
premium_perfume,319,0,1200,12,4.0
premium_perfume,320,1,1200,12,4.0
premium_perfume,321,0,1200,12,4.0
premium_perfume,322,1,1200,12,4.0
premium_perfume,323,0,1200,12,4.0
premium_perfume,324,0,1200,12,4.0
premium_perfume,325,0,1200,12,4.0
premium_perfume,326,0,1200,12,4.0
premium_perfume,327,0,1200,12,4.0
premium_perfume,328,26,1200,12,4.0
premium_perfume,329,0,1200,12,4.0
premium_perfume,330,1,1200,12,4.0
premium_perfume,331,1,1200,12,4.0
premium_perfume,332,0,1200,12,4.0
premium_perfume,333,0,1200,12,4.0
premium_perfume,334,1,1200,12,4.0
premium_perfume,335,0,1200,12,4.0
premium_perfume,336,1,1200,12,4.0
premium_perfume,337,0,1200,12,4.0
premium_perfume,338,0,1200,12,4.0
premium_perfume,339,0,1200,12,4.0
premium_perfume,340,0,1200,12,4.0
premium_perfume,341,1,1200,12,4.0
premium_perfume,342,0,1200,12,4.0
premium_perfume,343,0,1200,12,4.0
premium_perfume,344,0,1200,12,4.0
premium_perfume,345,1,1200,12,4.0
premium_perfume,346,0,1200,12,4.0
premium_perfume,347,0,1200,12,4.0
premium_perfume,348,15,1200,12,4.0
premium_perfume,349,0,1200,12,4.0
premium_perfume,350,0,1200,12,4.0
premium_perfume,351,0,1200,12,4.0
premium_perfume,352,17,1200,12,4.0
premium_perfume,353,0,1200,12,4.0
premium_perfume,354,0,1200,12,4.0
premium_perfume,355,1,1200,12,4.0
premium_perfume,356,0,1200,12,4.0
premium_perfume,357,17,1200,12,4.0
premium_perfume,358,14,1200,12,4.0
premium_perfume,359,1,1200,12,4.0
premium_perfume,360,0,1200,12,4.0
premium_perfume,361,1,1200,12,4.0
premium_perfume,362,0,1200,12,4.0
premium_perfume,363,0,1200,12,4.0
premium_perfume,364,0,1200,12,4.0
premium_perfume,365,0,1200,12,4.0
premium_perfume,366,0,1200,12,4.0
premium_perfume,367,1,1200,12,4.0
premium_perfume,368,0,1200,12,4.0
premium_perfume,369,0,1200,12,4.0
premium_perfume,370,12,1200,12,4.0
premium_perfume,371,1,1200,12,4.0
premium_perfume,372,0,1200,12,4.0
premium_perfume,373,1,1200,12,4.0
premium_perfume,374,0,1200,12,4.0
premium_perfume,375,1,1200,12,4.0
premium_perfume,376,0,1200,12,4.0
premium_perfume,377,4,1200,12,4.0
premium_perfume,378,1,1200,12,4.0
premium_perfume,379,0,1200,12,4.0
premium_perfume,380,0,1200,12,4.0
premium_perfume,381,1,1200,12,4.0
premium_perfume,382,1,1200,12,4.0
premium_perfume,383,0,1200,12,4.0
premium_perfume,384,0,1200,12,4.0
premium_perfume,385,0,1200,12,4.0
premium_perfume,386,1,1200,12,4.0
premium_perfume,387,0,1200,12,4.0
premium_perfume,388,0,1200,12,4.0
premium_perfume,389,0,1200,12,4.0
premium_perfume,390,0,1200,12,4.0
premium_perfume,391,0,1200,12,4.0
premium_perfume,392,0,1200,12,4.0
premium_perfume,393,0,1200,12,4.0
premium_perfume,394,0,1200,12,4.0
premium_perfume,395,0,1200,12,4.0
premium_perfume,396,0,1200,12,4.0
premium_perfume,397,0,1200,12,4.0
premium_perfume,398,1,1200,12,4.0
premium_perfume,399,0,1200,12,4.0
premium_perfume,400,0,1200,12,4.0
premium_perfume,401,20,1200,12,4.0
premium_perfume,402,0,1200,12,4.0
premium_perfume,403,1,1200,12,4.0
premium_perfume,404,0,1200,12,4.0
premium_perfume,405,1,1200,12,4.0
premium_perfume,406,1,1200,12,4.0
premium_perfume,407,0,1200,12,4.0
premium_perfume,408,0,1200,12,4.0
premium_perfume,409,0,1200,12,4.0
premium_perfume,410,1,1200,12,4.0
premium_perfume,411,0,1200,12,4.0
premium_perfume,412,1,1200,12,4.0
premium_perfume,413,0,1200,12,4.0
premium_perfume,414,1,1200,12,4.0
premium_perfume,415,1,1200,12,4.0
premium_perfume,416,0,1200,12,4.0
premium_perfume,417,0,1200,12,4.0
premium_perfume,418,0,1200,12,4.0
premium_perfume,419,0,1200,12,4.0
premium_perfume,420,0,1200,12,4.0
premium_perfume,421,2,1200,12,4.0
premium_perfume,422,2,1200,12,4.0
premium_perfume,423,0,1200,12,4.0
premium_perfume,424,3,1200,12,4.0
premium_perfume,425,0,1200,12,4.0
premium_perfume,426,2,1200,12,4.0
premium_perfume,427,1,1200,12,4.0
premium_perfume,428,1,1200,12,4.0
premium_perfume,429,1,1200,12,4.0
premium_perfume,430,0,1200,12,4.0
premium_perfume,431,0,1200,12,4.0
premium_perfume,432,0,1200,12,4.0
premium_perfume,433,0,1200,12,4.0
premium_perfume,434,1,1200,12,4.0
premium_perfume,435,1,1200,12,4.0
premium_perfume,436,0,1200,12,4.0
premium_perfume,437,1,1200,12,4.0
premium_perfume,438,0,1200,12,4.0
premium_perfume,439,16,1200,12,4.0
premium_perfume,440,2,1200,12,4.0
premium_perfume,441,0,1200,12,4.0
premium_perfume,442,0,1200,12,4.0
premium_perfume,443,0,1200,12,4.0
premium_perfume,444,1,1200,12,4.0
premium_perfume,445,25,1200,12,4.0
premium_perfume,446,0,1200,12,4.0
premium_perfume,447,0,1200,12,4.0
premium_perfume,448,0,1200,12,4.0
premium_perfume,449,1,1200,12,4.0
premium_perfume,450,0,1200,12,4.0
premium_perfume,451,0,1200,12,4.0
premium_perfume,452,0,1200,12,4.0
premium_perfume,453,2,1200,12,4.0
premium_perfume,454,0,1200,12,4.0
premium_perfume,455,0,1200,12,4.0
premium_perfume,456,0,1200,12,4.0
premium_perfume,457,0,1200,12,4.0
premium_perfume,458,0,1200,12,4.0
premium_perfume,459,1,1200,12,4.0
premium_perfume,460,0,1200,12,4.0
premium_perfume,461,18,1200,12,4.0
premium_perfume,462,1,1200,12,4.0
premium_perfume,463,0,1200,12,4.0
premium_perfume,464,1,1200,12,4.0
premium_perfume,465,1,1200,12,4.0
premium_perfume,466,2,1200,12,4.0
premium_perfume,467,1,1200,12,4.0
premium_perfume,468,2,1200,12,4.0
premium_perfume,469,1,1200,12,4.0
premium_perfume,470,0,1200,12,4.0
premium_perfume,471,0,1200,12,4.0
premium_perfume,472,1,1200,12,4.0
premium_perfume,473,0,1200,12,4.0
premium_perfume,474,0,1200,12,4.0
premium_perfume,475,0,1200,12,4.0
premium_perfume,476,2,1200,12,4.0
premium_perfume,477,0,1200,12,4.0
premium_perfume,478,0,1200,12,4.0
premium_perfume,479,0,1200,12,4.0
premium_perfume,480,1,1200,12,4.0
premium_perfume,481,0,1200,12,4.0
premium_perfume,482,0,1200,12,4.0
premium_perfume,483,0,1200,12,4.0
premium_perfume,484,1,1200,12,4.0
premium_perfume,485,0,1200,12,4.0
premium_perfume,486,0,1200,12,4.0
premium_perfume,487,2,1200,12,4.0
premium_perfume,488,0,1200,12,4.0
premium_perfume,489,0,1200,12,4.0
premium_perfume,490,0,1200,12,4.0
premium_perfume,491,0,1200,12,4.0
premium_perfume,492,2,1200,12,4.0
premium_perfume,493,0,1200,12,4.0
premium_perfume,494,0,1200,12,4.0
premium_perfume,495,0,1200,12,4.0
premium_perfume,496,0,1200,12,4.0
premium_perfume,497,0,1200,12,4.0
premium_perfume,498,1,1200,12,4.0
premium_perfume,499,1,1200,12,4.0
premium_perfume,500,0,1200,12,4.0
premium_perfume,501,0,1200,12,4.0
premium_perfume,502,1,1200,12,4.0
premium_perfume,503,0,1200,12,4.0
premium_perfume,504,1,1200,12,4.0
premium_perfume,505,1,1200,12,4.0
premium_perfume,506,0,1200,12,4.0
premium_perfume,507,1,1200,12,4.0
premium_perfume,508,0,1200,12,4.0
premium_perfume,509,23,1200,12,4.0
premium_perfume,510,0,1200,12,4.0
premium_perfume,511,2,1200,12,4.0
premium_perfume,512,1,1200,12,4.0
premium_perfume,513,0,1200,12,4.0
premium_perfume,514,0,1200,12,4.0
premium_perfume,515,20,1200,12,4.0
premium_perfume,516,0,1200,12,4.0
premium_perfume,517,1,1200,12,4.0
premium_perfume,518,1,1200,12,4.0
premium_perfume,519,0,1200,12,4.0
premium_perfume,520,1,1200,12,4.0
premium_perfume,521,0,1200,12,4.0
premium_perfume,522,0,1200,12,4.0
premium_perfume,523,2,1200,12,4.0
premium_perfume,524,0,1200,12,4.0
premium_perfume,525,0,1200,12,4.0
premium_perfume,526,0,1200,12,4.0
premium_perfume,527,0,1200,12,4.0
premium_perfume,528,1,1200,12,4.0
premium_perfume,529,0,1200,12,4.0
premium_perfume,530,0,1200,12,4.0
premium_perfume,531,0,1200,12,4.0
premium_perfume,532,0,1200,12,4.0
premium_perfume,533,0,1200,12,4.0
premium_perfume,534,0,1200,12,4.0
premium_perfume,535,0,1200,12,4.0
premium_perfume,536,0,1200,12,4.0
premium_perfume,537,1,1200,12,4.0
premium_perfume,538,0,1200,12,4.0
premium_perfume,539,0,1200,12,4.0
premium_perfume,540,0,1200,12,4.0
premium_perfume,541,1,1200,12,4.0
premium_perfume,542,22,1200,12,4.0
premium_perfume,543,0,1200,12,4.0
premium_perfume,544,0,1200,12,4.0
premium_perfume,545,0,1200,12,4.0
premium_perfume,546,0,1200,12,4.0
premium_perfume,547,15,1200,12,4.0
premium_perfume,548,0,1200,12,4.0
premium_perfume,549,0,1200,12,4.0
premium_perfume,550,1,1200,12,4.0
premium_perfume,551,1,1200,12,4.0
premium_perfume,552,0,1200,12,4.0
premium_perfume,553,1,1200,12,4.0
premium_perfume,554,0,1200,12,4.0
premium_perfume,555,0,1200,12,4.0
premium_perfume,556,0,1200,12,4.0
premium_perfume,557,1,1200,12,4.0
premium_perfume,558,0,1200,12,4.0
premium_perfume,559,0,1200,12,4.0
premium_perfume,560,0,1200,12,4.0
premium_perfume,561,0,1200,12,4.0
premium_perfume,562,1,1200,12,4.0
premium_perfume,563,0,1200,12,4.0
premium_perfume,564,0,1200,12,4.0
premium_perfume,565,1,1200,12,4.0
premium_perfume,566,11,1200,12,4.0
premium_perfume,567,0,1200,12,4.0
premium_perfume,568,1,1200,12,4.0
premium_perfume,569,1,1200,12,4.0
premium_perfume,570,2,1200,12,4.0
premium_perfume,571,0,1200,12,4.0
premium_perfume,572,0,1200,12,4.0
premium_perfume,573,0,1200,12,4.0
premium_perfume,574,0,1200,12,4.0
premium_perfume,575,0,1200,12,4.0
premium_perfume,576,1,1200,12,4.0
premium_perfume,577,0,1200,12,4.0
premium_perfume,578,0,1200,12,4.0
premium_perfume,579,0,1200,12,4.0
premium_perfume,580,0,1200,12,4.0
premium_perfume,581,0,1200,12,4.0
premium_perfume,582,0,1200,12,4.0
premium_perfume,583,1,1200,12,4.0
premium_perfume,584,1,1200,12,4.0
premium_perfume,585,0,1200,12,4.0
premium_perfume,586,0,1200,12,4.0
premium_perfume,587,0,1200,12,4.0
premium_perfume,588,1,1200,12,4.0
premium_perfume,589,0,1200,12,4.0
premium_perfume,590,1,1200,12,4.0
premium_perfume,591,1,1200,12,4.0
premium_perfume,592,1,1200,12,4.0
premium_perfume,593,0,1200,12,4.0
premium_perfume,594,1,1200,12,4.0
premium_perfume,595,13,1200,12,4.0
premium_perfume,596,0,1200,12,4.0
premium_perfume,597,0,1200,12,4.0
premium_perfume,598,1,1200,12,4.0
premium_perfume,599,1,1200,12,4.0
premium_perfume,600,1,1200,12,4.0
premium_perfume,601,0,1200,12,4.0
premium_perfume,602,0,1200,12,4.0
premium_perfume,603,13,1200,12,4.0
premium_perfume,604,2,1200,12,4.0
premium_perfume,605,1,1200,12,4.0
premium_perfume,606,0,1200,12,4.0
premium_perfume,607,0,1200,12,4.0
premium_perfume,608,0,1200,12,4.0
premium_perfume,609,0,1200,12,4.0
premium_perfume,610,0,1200,12,4.0
premium_perfume,611,0,1200,12,4.0
premium_perfume,612,14,1200,12,4.0
premium_perfume,613,1,1200,12,4.0
premium_perfume,614,1,1200,12,4.0
premium_perfume,615,1,1200,12,4.0
premium_perfume,616,0,1200,12,4.0
premium_perfume,617,0,1200,12,4.0
premium_perfume,618,2,1200,12,4.0
premium_perfume,619,2,1200,12,4.0
premium_perfume,620,1,1200,12,4.0
premium_perfume,621,0,1200,12,4.0
premium_perfume,622,0,1200,12,4.0
premium_perfume,623,2,1200,12,4.0
premium_perfume,624,0,1200,12,4.0
premium_perfume,625,0,1200,12,4.0
premium_perfume,626,2,1200,12,4.0
premium_perfume,627,0,1200,12,4.0
premium_perfume,628,0,1200,12,4.0
premium_perfume,629,0,1200,12,4.0
premium_perfume,630,0,1200,12,4.0
premium_perfume,631,0,1200,12,4.0
premium_perfume,632,0,1200,12,4.0
premium_perfume,633,0,1200,12,4.0
premium_perfume,634,1,1200,12,4.0
premium_perfume,635,0,1200,12,4.0
premium_perfume,636,2,1200,12,4.0
premium_perfume,637,0,1200,12,4.0
premium_perfume,638,1,1200,12,4.0
premium_perfume,639,1,1200,12,4.0
premium_perfume,640,0,1200,12,4.0
premium_perfume,641,0,1200,12,4.0
premium_perfume,642,1,1200,12,4.0
premium_perfume,643,0,1200,12,4.0
premium_perfume,644,0,1200,12,4.0
premium_perfume,645,1,1200,12,4.0
premium_perfume,646,1,1200,12,4.0
premium_perfume,647,0,1200,12,4.0
premium_perfume,648,2,1200,12,4.0
premium_perfume,649,0,1200,12,4.0
premium_perfume,650,0,1200,12,4.0
premium_perfume,651,0,1200,12,4.0
premium_perfume,652,0,1200,12,4.0
premium_perfume,653,2,1200,12,4.0
premium_perfume,654,0,1200,12,4.0
premium_perfume,655,0,1200,12,4.0
premium_perfume,656,0,1200,12,4.0
premium_perfume,657,0,1200,12,4.0
premium_perfume,658,2,1200,12,4.0
premium_perfume,659,1,1200,12,4.0
premium_perfume,660,20,1200,12,4.0
premium_perfume,661,20,1200,12,4.0
premium_perfume,662,0,1200,12,4.0
premium_perfume,663,0,1200,12,4.0
premium_perfume,664,0,1200,12,4.0
premium_perfume,665,0,1200,12,4.0
premium_perfume,666,1,1200,12,4.0
premium_perfume,667,0,1200,12,4.0
premium_perfume,668,0,1200,12,4.0
premium_perfume,669,1,1200,12,4.0
premium_perfume,670,0,1200,12,4.0
premium_perfume,671,1,1200,12,4.0
premium_perfume,672,1,1200,12,4.0
premium_perfume,673,0,1200,12,4.0
premium_perfume,674,0,1200,12,4.0
premium_perfume,675,0,1200,12,4.0
premium_perfume,676,0,1200,12,4.0
premium_perfume,677,2,1200,12,4.0
premium_perfume,678,0,1200,12,4.0
premium_perfume,679,0,1200,12,4.0
premium_perfume,680,1,1200,12,4.0
premium_perfume,681,0,1200,12,4.0
premium_perfume,682,1,1200,12,4.0
premium_perfume,683,0,1200,12,4.0
premium_perfume,684,1,1200,12,4.0
premium_perfume,685,0,1200,12,4.0
premium_perfume,686,0,1200,12,4.0
premium_perfume,687,1,1200,12,4.0
premium_perfume,688,1,1200,12,4.0
premium_perfume,689,0,1200,12,4.0
premium_perfume,690,14,1200,12,4.0
premium_perfume,691,0,1200,12,4.0
premium_perfume,692,0,1200,12,4.0
premium_perfume,693,0,1200,12,4.0
premium_perfume,694,0,1200,12,4.0
premium_perfume,695,0,1200,12,4.0
premium_perfume,696,1,1200,12,4.0
premium_perfume,697,0,1200,12,4.0
premium_perfume,698,0,1200,12,4.0
premium_perfume,699,0,1200,12,4.0
premium_perfume,700,0,1200,12,4.0
premium_perfume,701,0,1200,12,4.0
premium_perfume,702,0,1200,12,4.0
premium_perfume,703,0,1200,12,4.0
premium_perfume,704,0,1200,12,4.0
premium_perfume,705,1,1200,12,4.0
premium_perfume,706,0,1200,12,4.0
premium_perfume,707,0,1200,12,4.0
premium_perfume,708,0,1200,12,4.0
premium_perfume,709,0,1200,12,4.0
premium_perfume,710,0,1200,12,4.0
premium_perfume,711,1,1200,12,4.0
premium_perfume,712,0,1200,12,4.0
premium_perfume,713,0,1200,12,4.0
premium_perfume,714,2,1200,12,4.0
premium_perfume,715,0,1200,12,4.0
premium_perfume,716,0,1200,12,4.0
premium_perfume,717,0,1200,12,4.0
premium_perfume,718,2,1200,12,4.0
premium_perfume,719,0,1200,12,4.0
premium_perfume,720,1,1200,12,4.0
premium_perfume,721,1,1200,12,4.0
premium_perfume,722,0,1200,12,4.0
premium_perfume,723,0,1200,12,4.0
premium_perfume,724,0,1200,12,4.0
premium_perfume,725,0,1200,12,4.0
premium_perfume,726,2,1200,12,4.0
premium_perfume,727,0,1200,12,4.0
premium_perfume,728,15,1200,12,4.0
premium_perfume,729,0,1200,12,4.0
tea_500g,0,21,45,6,1.0
tea_500g,1,22,45,6,1.0
tea_500g,2,17,45,6,1.0
tea_500g,3,20,45,6,1.0
tea_500g,4,21,45,6,1.0
tea_500g,5,14,45,6,1.0
tea_500g,6,15,45,6,1.0
tea_500g,7,19,45,6,1.0
tea_500g,8,22,45,6,1.0
tea_500g,9,13,45,6,1.0
tea_500g,10,17,45,6,1.0
tea_500g,11,17,45,6,1.0
tea_500g,12,20,45,6,1.0
tea_500g,13,18,45,6,1.0
tea_500g,14,16,45,6,1.0
tea_500g,15,24,45,6,1.0
tea_500g,16,16,45,6,1.0
tea_500g,17,17,45,6,1.0
tea_500g,18,11,45,6,1.0
tea_500g,19,15,45,6,1.0
tea_500g,20,20,45,6,1.0
tea_500g,21,19,45,6,1.0
tea_500g,22,21,45,6,1.0
tea_500g,23,20,45,6,1.0
tea_500g,24,27,45,6,1.0
tea_500g,25,15,45,6,1.0
tea_500g,26,11,45,6,1.0
tea_500g,27,13,45,6,1.0
tea_500g,28,15,45,6,1.0
tea_500g,29,14,45,6,1.0
tea_500g,30,18,45,6,1.0
tea_500g,31,24,45,6,1.0
tea_500g,32,25,45,6,1.0
tea_500g,33,20,45,6,1.0
tea_500g,34,28,45,6,1.0
tea_500g,35,16,45,6,1.0
tea_500g,36,11,45,6,1.0
tea_500g,37,23,45,6,1.0
tea_500g,38,10,45,6,1.0
tea_500g,39,15,45,6,1.0
tea_500g,40,20,45,6,1.0
tea_500g,41,18,45,6,1.0
tea_500g,42,17,45,6,1.0
tea_500g,43,13,45,6,1.0
tea_500g,44,18,45,6,1.0
tea_500g,45,23,45,6,1.0
tea_500g,46,18,45,6,1.0
tea_500g,47,14,45,6,1.0
tea_500g,48,12,45,6,1.0
tea_500g,49,14,45,6,1.0
tea_500g,50,20,45,6,1.0
tea_500g,51,20,45,6,1.0
tea_500g,52,14,45,6,1.0
tea_500g,53,8,45,6,1.0
tea_500g,54,20,45,6,1.0
tea_500g,55,14,45,6,1.0
tea_500g,56,21,45,6,1.0
tea_500g,57,15,45,6,1.0
tea_500g,58,14,45,6,1.0
tea_500g,59,19,45,6,1.0
tea_500g,60,29,45,6,1.0
tea_500g,61,21,45,6,1.0
tea_500g,62,19,45,6,1.0
tea_500g,63,20,45,6,1.0
tea_500g,64,10,45,6,1.0
tea_500g,65,13,45,6,1.0
tea_500g,66,7,45,6,1.0
tea_500g,67,26,45,6,1.0
tea_500g,68,25,45,6,1.0
tea_500g,69,20,45,6,1.0
tea_500g,70,19,45,6,1.0
tea_500g,71,11,45,6,1.0
tea_500g,72,17,45,6,1.0
tea_500g,73,26,45,6,1.0
tea_500g,74,19,45,6,1.0
tea_500g,75,15,45,6,1.0
tea_500g,76,10,45,6,1.0
tea_500g,77,24,45,6,1.0
tea_500g,78,18,45,6,1.0
tea_500g,79,10,45,6,1.0
tea_500g,80,14,45,6,1.0
tea_500g,81,12,45,6,1.0
tea_500g,82,17,45,6,1.0
tea_500g,83,19,45,6,1.0
tea_500g,84,16,45,6,1.0
tea_500g,85,21,45,6,1.0
tea_500g,86,18,45,6,1.0
tea_500g,87,23,45,6,1.0
tea_500g,88,16,45,6,1.0
tea_500g,89,32,45,6,1.0
tea_500g,90,15,45,6,1.0
tea_500g,91,14,45,6,1.0
tea_500g,92,13,45,6,1.0
tea_500g,93,17,45,6,1.0
tea_500g,94,10,45,6,1.0
tea_500g,95,19,45,6,1.0
tea_500g,96,9,45,6,1.0
tea_500g,97,19,45,6,1.0
tea_500g,98,12,45,6,1.0
tea_500g,99,16,45,6,1.0
tea_500g,100,21,45,6,1.0
tea_500g,101,28,45,6,1.0
tea_500g,102,13,45,6,1.0
tea_500g,103,17,45,6,1.0
tea_500g,104,15,45,6,1.0
tea_500g,105,14,45,6,1.0
tea_500g,106,15,45,6,1.0
tea_500g,107,22,45,6,1.0
tea_500g,108,16,45,6,1.0
tea_500g,109,28,45,6,1.0
tea_500g,110,20,45,6,1.0
tea_500g,111,13,45,6,1.0
tea_500g,112,16,45,6,1.0
tea_500g,113,14,45,6,1.0
tea_500g,114,22,45,6,1.0
tea_500g,115,11,45,6,1.0
tea_500g,116,12,45,6,1.0
tea_500g,117,15,45,6,1.0
tea_500g,118,21,45,6,1.0
tea_500g,119,24,45,6,1.0
tea_500g,120,24,45,6,1.0
tea_500g,121,20,45,6,1.0
tea_500g,122,18,45,6,1.0
tea_500g,123,22,45,6,1.0
tea_500g,124,13,45,6,1.0
tea_500g,125,10,45,6,1.0
tea_500g,126,20,45,6,1.0
tea_500g,127,13,45,6,1.0
tea_500g,128,18,45,6,1.0
tea_500g,129,19,45,6,1.0
tea_500g,130,19,45,6,1.0
tea_500g,131,22,45,6,1.0
tea_500g,132,22,45,6,1.0
tea_500g,133,19,45,6,1.0
tea_500g,134,16,45,6,1.0
tea_500g,135,18,45,6,1.0
tea_500g,136,15,45,6,1.0
tea_500g,137,17,45,6,1.0
tea_500g,138,30,45,6,1.0
tea_500g,139,19,45,6,1.0
tea_500g,140,20,45,6,1.0
tea_500g,141,15,45,6,1.0
tea_500g,142,23,45,6,1.0
tea_500g,143,21,45,6,1.0
tea_500g,144,21,45,6,1.0
tea_500g,145,19,45,6,1.0
tea_500g,146,23,45,6,1.0
tea_500g,147,24,45,6,1.0
tea_500g,148,19,45,6,1.0
tea_500g,149,17,45,6,1.0
tea_500g,150,22,45,6,1.0
tea_500g,151,14,45,6,1.0
tea_500g,152,15,45,6,1.0
tea_500g,153,18,45,6,1.0
tea_500g,154,10,45,6,1.0
tea_500g,155,22,45,6,1.0
tea_500g,156,14,45,6,1.0
tea_500g,157,16,45,6,1.0
tea_500g,158,17,45,6,1.0
tea_500g,159,18,45,6,1.0
tea_500g,160,16,45,6,1.0
tea_500g,161,18,45,6,1.0
tea_500g,162,18,45,6,1.0
tea_500g,163,16,45,6,1.0
tea_500g,164,15,45,6,1.0
tea_500g,165,23,45,6,1.0
tea_500g,166,9,45,6,1.0
tea_500g,167,17,45,6,1.0
tea_500g,168,16,45,6,1.0
tea_500g,169,20,45,6,1.0
tea_500g,170,11,45,6,1.0
tea_500g,171,16,45,6,1.0
tea_500g,172,18,45,6,1.0
tea_500g,173,23,45,6,1.0
tea_500g,174,19,45,6,1.0
tea_500g,175,13,45,6,1.0
tea_500g,176,16,45,6,1.0
tea_500g,177,22,45,6,1.0
tea_500g,178,13,45,6,1.0
tea_500g,179,18,45,6,1.0
tea_500g,180,18,45,6,1.0
tea_500g,181,16,45,6,1.0
tea_500g,182,30,45,6,1.0
tea_500g,183,16,45,6,1.0
tea_500g,184,20,45,6,1.0
tea_500g,185,15,45,6,1.0
tea_500g,186,20,45,6,1.0
tea_500g,187,22,45,6,1.0
tea_500g,188,15,45,6,1.0
tea_500g,189,18,45,6,1.0
tea_500g,190,14,45,6,1.0
tea_500g,191,13,45,6,1.0
tea_500g,192,23,45,6,1.0
tea_500g,193,16,45,6,1.0
tea_500g,194,7,45,6,1.0
tea_500g,195,26,45,6,1.0
tea_500g,196,14,45,6,1.0
tea_500g,197,17,45,6,1.0
tea_500g,198,25,45,6,1.0
tea_500g,199,17,45,6,1.0
tea_500g,200,17,45,6,1.0
tea_500g,201,12,45,6,1.0
tea_500g,202,11,45,6,1.0
tea_500g,203,17,45,6,1.0
tea_500g,204,20,45,6,1.0
tea_500g,205,19,45,6,1.0
tea_500g,206,16,45,6,1.0
tea_500g,207,18,45,6,1.0
tea_500g,208,10,45,6,1.0
tea_500g,209,20,45,6,1.0
tea_500g,210,19,45,6,1.0
tea_500g,211,27,45,6,1.0
tea_500g,212,18,45,6,1.0
tea_500g,213,14,45,6,1.0
tea_500g,214,18,45,6,1.0
tea_500g,215,17,45,6,1.0
tea_500g,216,20,45,6,1.0
tea_500g,217,18,45,6,1.0
tea_500g,218,12,45,6,1.0
tea_500g,219,11,45,6,1.0
tea_500g,220,19,45,6,1.0
tea_500g,221,24,45,6,1.0
tea_500g,222,18,45,6,1.0
tea_500g,223,22,45,6,1.0
tea_500g,224,23,45,6,1.0
tea_500g,225,19,45,6,1.0
tea_500g,226,14,45,6,1.0
tea_500g,227,19,45,6,1.0
tea_500g,228,23,45,6,1.0
tea_500g,229,20,45,6,1.0
tea_500g,230,21,45,6,1.0
tea_500g,231,16,45,6,1.0
tea_500g,232,17,45,6,1.0
tea_500g,233,17,45,6,1.0
tea_500g,234,18,45,6,1.0
tea_500g,235,23,45,6,1.0
tea_500g,236,7,45,6,1.0
tea_500g,237,18,45,6,1.0
tea_500g,238,18,45,6,1.0
tea_500g,239,12,45,6,1.0
tea_500g,240,21,45,6,1.0
tea_500g,241,15,45,6,1.0
tea_500g,242,16,45,6,1.0
tea_500g,243,26,45,6,1.0
tea_500g,244,23,45,6,1.0
tea_500g,245,21,45,6,1.0
tea_500g,246,20,45,6,1.0
tea_500g,247,17,45,6,1.0
tea_500g,248,27,45,6,1.0
tea_500g,249,22,45,6,1.0
tea_500g,250,15,45,6,1.0
tea_500g,251,12,45,6,1.0
tea_500g,252,21,45,6,1.0
tea_500g,253,18,45,6,1.0
tea_500g,254,12,45,6,1.0
tea_500g,255,20,45,6,1.0
tea_500g,256,17,45,6,1.0
tea_500g,257,20,45,6,1.0
tea_500g,258,20,45,6,1.0
tea_500g,259,15,45,6,1.0
tea_500g,260,21,45,6,1.0
tea_500g,261,16,45,6,1.0
tea_500g,262,16,45,6,1.0
tea_500g,263,16,45,6,1.0
tea_500g,264,23,45,6,1.0
tea_500g,265,17,45,6,1.0
tea_500g,266,24,45,6,1.0
tea_500g,267,26,45,6,1.0
tea_500g,268,15,45,6,1.0
tea_500g,269,5,45,6,1.0
tea_500g,270,23,45,6,1.0
tea_500g,271,16,45,6,1.0
tea_500g,272,14,45,6,1.0
tea_500g,273,15,45,6,1.0
tea_500g,274,16,45,6,1.0
tea_500g,275,24,45,6,1.0
tea_500g,276,19,45,6,1.0
tea_500g,277,24,45,6,1.0
tea_500g,278,20,45,6,1.0
tea_500g,279,17,45,6,1.0
tea_500g,280,16,45,6,1.0
tea_500g,281,21,45,6,1.0
tea_500g,282,22,45,6,1.0
tea_500g,283,22,45,6,1.0
tea_500g,284,17,45,6,1.0
tea_500g,285,19,45,6,1.0
tea_500g,286,21,45,6,1.0
tea_500g,287,16,45,6,1.0
tea_500g,288,13,45,6,1.0
tea_500g,289,14,45,6,1.0
tea_500g,290,17,45,6,1.0
tea_500g,291,21,45,6,1.0
tea_500g,292,24,45,6,1.0
tea_500g,293,12,45,6,1.0
tea_500g,294,15,45,6,1.0
tea_500g,295,16,45,6,1.0
tea_500g,296,22,45,6,1.0
tea_500g,297,16,45,6,1.0
tea_500g,298,16,45,6,1.0
tea_500g,299,12,45,6,1.0
tea_500g,300,20,45,6,1.0
tea_500g,301,17,45,6,1.0
tea_500g,302,15,45,6,1.0
tea_500g,303,17,45,6,1.0
tea_500g,304,23,45,6,1.0
tea_500g,305,13,45,6,1.0
tea_500g,306,14,45,6,1.0
tea_500g,307,24,45,6,1.0
tea_500g,308,18,45,6,1.0
tea_500g,309,21,45,6,1.0
tea_500g,310,20,45,6,1.0
tea_500g,311,18,45,6,1.0
tea_500g,312,16,45,6,1.0
tea_500g,313,22,45,6,1.0
tea_500g,314,23,45,6,1.0
tea_500g,315,23,45,6,1.0
tea_500g,316,13,45,6,1.0
tea_500g,317,24,45,6,1.0
tea_500g,318,16,45,6,1.0
tea_500g,319,15,45,6,1.0
tea_500g,320,17,45,6,1.0
tea_500g,321,22,45,6,1.0
tea_500g,322,20,45,6,1.0
tea_500g,323,17,45,6,1.0
tea_500g,324,22,45,6,1.0
tea_500g,325,19,45,6,1.0
tea_500g,326,15,45,6,1.0
tea_500g,327,15,45,6,1.0
tea_500g,328,20,45,6,1.0
tea_500g,329,18,45,6,1.0
tea_500g,330,12,45,6,1.0
tea_500g,331,22,45,6,1.0
tea_500g,332,16,45,6,1.0
tea_500g,333,25,45,6,1.0
tea_500g,334,12,45,6,1.0
tea_500g,335,17,45,6,1.0
tea_500g,336,15,45,6,1.0
tea_500g,337,14,45,6,1.0
tea_500g,338,16,45,6,1.0
tea_500g,339,26,45,6,1.0
tea_500g,340,19,45,6,1.0
tea_500g,341,14,45,6,1.0
tea_500g,342,10,45,6,1.0
tea_500g,343,10,45,6,1.0
tea_500g,344,16,45,6,1.0
tea_500g,345,15,45,6,1.0
tea_500g,346,17,45,6,1.0
tea_500g,347,8,45,6,1.0
tea_500g,348,18,45,6,1.0
tea_500g,349,23,45,6,1.0
tea_500g,350,25,45,6,1.0
tea_500g,351,9,45,6,1.0
tea_500g,352,14,45,6,1.0
tea_500g,353,14,45,6,1.0
tea_500g,354,19,45,6,1.0
tea_500g,355,13,45,6,1.0
tea_500g,356,26,45,6,1.0
tea_500g,357,18,45,6,1.0
tea_500g,358,17,45,6,1.0
tea_500g,359,25,45,6,1.0
tea_500g,360,18,45,6,1.0
tea_500g,361,20,45,6,1.0
tea_500g,362,15,45,6,1.0
tea_500g,363,12,45,6,1.0
tea_500g,364,15,45,6,1.0
tea_500g,365,28,45,6,1.0
tea_500g,366,21,45,6,1.0
tea_500g,367,19,45,6,1.0
tea_500g,368,14,45,6,1.0
tea_500g,369,22,45,6,1.0
tea_500g,370,12,45,6,1.0
tea_500g,371,11,45,6,1.0
tea_500g,372,15,45,6,1.0
tea_500g,373,27,45,6,1.0
tea_500g,374,27,45,6,1.0
tea_500g,375,16,45,6,1.0
tea_500g,376,15,45,6,1.0
tea_500g,377,11,45,6,1.0
tea_500g,378,18,45,6,1.0
tea_500g,379,19,45,6,1.0
tea_500g,380,22,45,6,1.0
tea_500g,381,22,45,6,1.0
tea_500g,382,17,45,6,1.0
tea_500g,383,21,45,6,1.0
tea_500g,384,15,45,6,1.0
tea_500g,385,20,45,6,1.0
tea_500g,386,16,45,6,1.0
tea_500g,387,20,45,6,1.0
tea_500g,388,20,45,6,1.0
tea_500g,389,18,45,6,1.0
tea_500g,390,22,45,6,1.0
tea_500g,391,11,45,6,1.0
tea_500g,392,13,45,6,1.0
tea_500g,393,17,45,6,1.0
tea_500g,394,12,45,6,1.0
tea_500g,395,16,45,6,1.0
tea_500g,396,16,45,6,1.0
tea_500g,397,24,45,6,1.0
tea_500g,398,19,45,6,1.0
tea_500g,399,23,45,6,1.0
tea_500g,400,19,45,6,1.0
tea_500g,401,16,45,6,1.0
tea_500g,402,19,45,6,1.0
tea_500g,403,21,45,6,1.0
tea_500g,404,23,45,6,1.0
tea_500g,405,17,45,6,1.0
tea_500g,406,11,45,6,1.0
tea_500g,407,10,45,6,1.0
tea_500g,408,17,45,6,1.0
tea_500g,409,7,45,6,1.0
tea_500g,410,26,45,6,1.0
tea_500g,411,21,45,6,1.0
tea_500g,412,15,45,6,1.0
tea_500g,413,13,45,6,1.0
tea_500g,414,23,45,6,1.0
tea_500g,415,13,45,6,1.0
tea_500g,416,13,45,6,1.0
tea_500g,417,15,45,6,1.0
tea_500g,418,19,45,6,1.0
tea_500g,419,21,45,6,1.0
tea_500g,420,23,45,6,1.0
tea_500g,421,23,45,6,1.0
tea_500g,422,18,45,6,1.0
tea_500g,423,23,45,6,1.0
tea_500g,424,15,45,6,1.0
tea_500g,425,10,45,6,1.0
tea_500g,426,15,45,6,1.0
tea_500g,427,14,45,6,1.0
tea_500g,428,15,45,6,1.0
tea_500g,429,14,45,6,1.0
tea_500g,430,16,45,6,1.0
tea_500g,431,21,45,6,1.0
tea_500g,432,26,45,6,1.0
tea_500g,433,10,45,6,1.0
tea_500g,434,12,45,6,1.0
tea_500g,435,14,45,6,1.0
tea_500g,436,21,45,6,1.0
tea_500g,437,17,45,6,1.0
tea_500g,438,15,45,6,1.0
tea_500g,439,21,45,6,1.0
tea_500g,440,22,45,6,1.0
tea_500g,441,18,45,6,1.0
tea_500g,442,14,45,6,1.0
tea_500g,443,19,45,6,1.0
tea_500g,444,17,45,6,1.0
tea_500g,445,17,45,6,1.0
tea_500g,446,16,45,6,1.0
tea_500g,447,22,45,6,1.0
tea_500g,448,19,45,6,1.0
tea_500g,449,23,45,6,1.0
tea_500g,450,24,45,6,1.0
tea_500g,451,20,45,6,1.0
tea_500g,452,16,45,6,1.0
tea_500g,453,23,45,6,1.0
tea_500g,454,20,45,6,1.0
tea_500g,455,30,45,6,1.0
tea_500g,456,19,45,6,1.0
tea_500g,457,21,45,6,1.0
tea_500g,458,19,45,6,1.0
tea_500g,459,18,45,6,1.0
tea_500g,460,17,45,6,1.0
tea_500g,461,19,45,6,1.0
tea_500g,462,20,45,6,1.0
tea_500g,463,23,45,6,1.0
tea_500g,464,19,45,6,1.0
tea_500g,465,16,45,6,1.0
tea_500g,466,17,45,6,1.0
tea_500g,467,12,45,6,1.0
tea_500g,468,25,45,6,1.0
tea_500g,469,16,45,6,1.0
tea_500g,470,22,45,6,1.0
tea_500g,471,19,45,6,1.0
tea_500g,472,19,45,6,1.0
tea_500g,473,17,45,6,1.0
tea_500g,474,14,45,6,1.0
tea_500g,475,14,45,6,1.0
tea_500g,476,26,45,6,1.0
tea_500g,477,19,45,6,1.0
tea_500g,478,23,45,6,1.0
tea_500g,479,24,45,6,1.0
tea_500g,480,16,45,6,1.0
tea_500g,481,20,45,6,1.0
tea_500g,482,18,45,6,1.0
tea_500g,483,13,45,6,1.0
tea_500g,484,17,45,6,1.0
tea_500g,485,21,45,6,1.0
tea_500g,486,16,45,6,1.0
tea_500g,487,17,45,6,1.0
tea_500g,488,17,45,6,1.0
tea_500g,489,28,45,6,1.0
tea_500g,490,10,45,6,1.0
tea_500g,491,20,45,6,1.0
tea_500g,492,17,45,6,1.0
tea_500g,493,15,45,6,1.0
tea_500g,494,17,45,6,1.0
tea_500g,495,21,45,6,1.0
tea_500g,496,21,45,6,1.0
tea_500g,497,19,45,6,1.0
tea_500g,498,23,45,6,1.0
tea_500g,499,24,45,6,1.0
tea_500g,500,22,45,6,1.0
tea_500g,501,16,45,6,1.0
tea_500g,502,20,45,6,1.0
tea_500g,503,20,45,6,1.0
tea_500g,504,14,45,6,1.0
tea_500g,505,11,45,6,1.0
tea_500g,506,9,45,6,1.0
tea_500g,507,18,45,6,1.0
tea_500g,508,19,45,6,1.0
tea_500g,509,13,45,6,1.0
tea_500g,510,23,45,6,1.0
tea_500g,511,19,45,6,1.0
tea_500g,512,24,45,6,1.0
tea_500g,513,20,45,6,1.0
tea_500g,514,13,45,6,1.0
tea_500g,515,20,45,6,1.0
tea_500g,516,21,45,6,1.0
tea_500g,517,16,45,6,1.0
tea_500g,518,12,45,6,1.0
tea_500g,519,18,45,6,1.0
tea_500g,520,13,45,6,1.0
tea_500g,521,23,45,6,1.0
tea_500g,522,16,45,6,1.0
tea_500g,523,26,45,6,1.0
tea_500g,524,8,45,6,1.0
tea_500g,525,19,45,6,1.0
tea_500g,526,24,45,6,1.0
tea_500g,527,14,45,6,1.0
tea_500g,528,17,45,6,1.0
tea_500g,529,16,45,6,1.0
tea_500g,530,15,45,6,1.0
tea_500g,531,19,45,6,1.0
tea_500g,532,12,45,6,1.0
tea_500g,533,18,45,6,1.0
tea_500g,534,20,45,6,1.0
tea_500g,535,17,45,6,1.0
tea_500g,536,13,45,6,1.0
tea_500g,537,23,45,6,1.0
tea_500g,538,21,45,6,1.0
tea_500g,539,13,45,6,1.0
tea_500g,540,12,45,6,1.0
tea_500g,541,14,45,6,1.0
tea_500g,542,20,45,6,1.0
tea_500g,543,19,45,6,1.0
tea_500g,544,22,45,6,1.0
tea_500g,545,17,45,6,1.0
tea_500g,546,14,45,6,1.0
tea_500g,547,22,45,6,1.0
tea_500g,548,16,45,6,1.0
tea_500g,549,19,45,6,1.0
tea_500g,550,11,45,6,1.0
tea_500g,551,15,45,6,1.0
tea_500g,552,23,45,6,1.0
tea_500g,553,15,45,6,1.0
tea_500g,554,22,45,6,1.0
tea_500g,555,8,45,6,1.0
tea_500g,556,15,45,6,1.0
tea_500g,557,17,45,6,1.0
tea_500g,558,26,45,6,1.0
tea_500g,559,13,45,6,1.0
tea_500g,560,21,45,6,1.0
tea_500g,561,23,45,6,1.0
tea_500g,562,15,45,6,1.0
tea_500g,563,16,45,6,1.0
tea_500g,564,19,45,6,1.0
tea_500g,565,11,45,6,1.0
tea_500g,566,16,45,6,1.0
tea_500g,567,24,45,6,1.0
tea_500g,568,20,45,6,1.0
tea_500g,569,17,45,6,1.0
tea_500g,570,19,45,6,1.0
tea_500g,571,21,45,6,1.0
tea_500g,572,21,45,6,1.0
tea_500g,573,15,45,6,1.0
tea_500g,574,25,45,6,1.0
tea_500g,575,24,45,6,1.0
tea_500g,576,21,45,6,1.0
tea_500g,577,14,45,6,1.0
tea_500g,578,13,45,6,1.0
tea_500g,579,17,45,6,1.0
tea_500g,580,18,45,6,1.0
tea_500g,581,10,45,6,1.0
tea_500g,582,20,45,6,1.0
tea_500g,583,24,45,6,1.0
tea_500g,584,21,45,6,1.0
tea_500g,585,15,45,6,1.0
tea_500g,586,14,45,6,1.0
tea_500g,587,19,45,6,1.0
tea_500g,588,17,45,6,1.0
tea_500g,589,20,45,6,1.0
tea_500g,590,21,45,6,1.0
tea_500g,591,23,45,6,1.0
tea_500g,592,13,45,6,1.0
tea_500g,593,19,45,6,1.0
tea_500g,594,16,45,6,1.0
tea_500g,595,18,45,6,1.0
tea_500g,596,22,45,6,1.0
tea_500g,597,22,45,6,1.0
tea_500g,598,24,45,6,1.0
tea_500g,599,20,45,6,1.0
tea_500g,600,18,45,6,1.0
tea_500g,601,17,45,6,1.0
tea_500g,602,10,45,6,1.0
tea_500g,603,24,45,6,1.0
tea_500g,604,17,45,6,1.0
tea_500g,605,20,45,6,1.0
tea_500g,606,21,45,6,1.0
tea_500g,607,12,45,6,1.0
tea_500g,608,14,45,6,1.0
tea_500g,609,25,45,6,1.0
tea_500g,610,19,45,6,1.0
tea_500g,611,15,45,6,1.0
tea_500g,612,17,45,6,1.0
tea_500g,613,23,45,6,1.0
tea_500g,614,22,45,6,1.0
tea_500g,615,11,45,6,1.0
tea_500g,616,25,45,6,1.0
tea_500g,617,22,45,6,1.0
tea_500g,618,17,45,6,1.0
tea_500g,619,13,45,6,1.0
tea_500g,620,23,45,6,1.0
tea_500g,621,20,45,6,1.0
tea_500g,622,11,45,6,1.0
tea_500g,623,17,45,6,1.0
tea_500g,624,32,45,6,1.0
tea_500g,625,18,45,6,1.0
tea_500g,626,15,45,6,1.0
tea_500g,627,13,45,6,1.0
tea_500g,628,26,45,6,1.0
tea_500g,629,22,45,6,1.0
tea_500g,630,24,45,6,1.0
tea_500g,631,19,45,6,1.0
tea_500g,632,24,45,6,1.0
tea_500g,633,14,45,6,1.0
tea_500g,634,19,45,6,1.0
tea_500g,635,19,45,6,1.0
tea_500g,636,24,45,6,1.0
tea_500g,637,19,45,6,1.0
tea_500g,638,15,45,6,1.0
tea_500g,639,18,45,6,1.0
tea_500g,640,10,45,6,1.0
tea_500g,641,8,45,6,1.0
tea_500g,642,22,45,6,1.0
tea_500g,643,16,45,6,1.0
tea_500g,644,17,45,6,1.0
tea_500g,645,22,45,6,1.0
tea_500g,646,24,45,6,1.0
tea_500g,647,20,45,6,1.0
tea_500g,648,27,45,6,1.0
tea_500g,649,20,45,6,1.0
tea_500g,650,19,45,6,1.0
tea_500g,651,19,45,6,1.0
tea_500g,652,12,45,6,1.0
tea_500g,653,22,45,6,1.0
tea_500g,654,7,45,6,1.0
tea_500g,655,15,45,6,1.0
tea_500g,656,18,45,6,1.0
tea_500g,657,14,45,6,1.0
tea_500g,658,16,45,6,1.0
tea_500g,659,26,45,6,1.0
tea_500g,660,23,45,6,1.0
tea_500g,661,15,45,6,1.0
tea_500g,662,16,45,6,1.0
tea_500g,663,12,45,6,1.0
tea_500g,664,21,45,6,1.0
tea_500g,665,17,45,6,1.0
tea_500g,666,9,45,6,1.0
tea_500g,667,18,45,6,1.0
tea_500g,668,20,45,6,1.0
tea_500g,669,22,45,6,1.0
tea_500g,670,18,45,6,1.0
tea_500g,671,16,45,6,1.0
tea_500g,672,27,45,6,1.0
tea_500g,673,18,45,6,1.0
tea_500g,674,21,45,6,1.0
tea_500g,675,16,45,6,1.0
tea_500g,676,21,45,6,1.0
tea_500g,677,11,45,6,1.0
tea_500g,678,16,45,6,1.0
tea_500g,679,13,45,6,1.0
tea_500g,680,15,45,6,1.0
tea_500g,681,24,45,6,1.0
tea_500g,682,15,45,6,1.0
tea_500g,683,21,45,6,1.0
tea_500g,684,25,45,6,1.0
tea_500g,685,18,45,6,1.0
tea_500g,686,22,45,6,1.0
tea_500g,687,20,45,6,1.0
tea_500g,688,19,45,6,1.0
tea_500g,689,21,45,6,1.0
tea_500g,690,26,45,6,1.0
tea_500g,691,15,45,6,1.0
tea_500g,692,14,45,6,1.0
tea_500g,693,13,45,6,1.0
tea_500g,694,22,45,6,1.0
tea_500g,695,23,45,6,1.0
tea_500g,696,16,45,6,1.0
tea_500g,697,8,45,6,1.0
tea_500g,698,15,45,6,1.0
tea_500g,699,20,45,6,1.0
tea_500g,700,18,45,6,1.0
tea_500g,701,19,45,6,1.0
tea_500g,702,16,45,6,1.0
tea_500g,703,23,45,6,1.0
tea_500g,704,20,45,6,1.0
tea_500g,705,21,45,6,1.0
tea_500g,706,19,45,6,1.0
tea_500g,707,20,45,6,1.0
tea_500g,708,20,45,6,1.0
tea_500g,709,14,45,6,1.0
tea_500g,710,20,45,6,1.0
tea_500g,711,22,45,6,1.0
tea_500g,712,23,45,6,1.0
tea_500g,713,20,45,6,1.0
tea_500g,714,14,45,6,1.0
tea_500g,715,14,45,6,1.0
tea_500g,716,16,45,6,1.0
tea_500g,717,19,45,6,1.0
tea_500g,718,17,45,6,1.0
tea_500g,719,13,45,6,1.0
tea_500g,720,13,45,6,1.0
tea_500g,721,9,45,6,1.0
tea_500g,722,4,45,6,1.0
tea_500g,723,17,45,6,1.0
tea_500g,724,28,45,6,1.0
tea_500g,725,26,45,6,1.0
tea_500g,726,14,45,6,1.0
tea_500g,727,19,45,6,1.0
tea_500g,728,11,45,6,1.0
tea_500g,729,12,45,6,1.0
salt_1kg,0,13,15,4,1.0
salt_1kg,1,15,15,4,1.0
salt_1kg,2,15,15,4,1.0
salt_1kg,3,15,15,4,1.0
salt_1kg,4,16,15,4,1.0
salt_1kg,5,14,15,4,1.0
salt_1kg,6,15,15,4,1.0
salt_1kg,7,13,15,4,1.0
salt_1kg,8,13,15,4,1.0
salt_1kg,9,12,15,4,1.0
salt_1kg,10,16,15,4,1.0
salt_1kg,11,14,15,4,1.0
salt_1kg,12,12,15,4,1.0
salt_1kg,13,15,15,4,1.0
salt_1kg,14,13,15,4,1.0
salt_1kg,15,18,15,4,1.0
salt_1kg,16,14,15,4,1.0
salt_1kg,17,16,15,4,1.0
salt_1kg,18,17,15,4,1.0
salt_1kg,19,13,15,4,1.0
salt_1kg,20,15,15,4,1.0
salt_1kg,21,16,15,4,1.0
salt_1kg,22,15,15,4,1.0
salt_1kg,23,16,15,4,1.0
salt_1kg,24,13,15,4,1.0
salt_1kg,25,16,15,4,1.0
salt_1kg,26,14,15,4,1.0
salt_1kg,27,16,15,4,1.0
salt_1kg,28,17,15,4,1.0
salt_1kg,29,16,15,4,1.0
salt_1kg,30,16,15,4,1.0
salt_1kg,31,16,15,4,1.0
salt_1kg,32,16,15,4,1.0
salt_1kg,33,18,15,4,1.0
salt_1kg,34,15,15,4,1.0
salt_1kg,35,15,15,4,1.0
salt_1kg,36,17,15,4,1.0
salt_1kg,37,14,15,4,1.0
salt_1kg,38,13,15,4,1.0
salt_1kg,39,16,15,4,1.0
salt_1kg,40,15,15,4,1.0
salt_1kg,41,13,15,4,1.0
salt_1kg,42,16,15,4,1.0
salt_1kg,43,18,15,4,1.0
salt_1kg,44,12,15,4,1.0
salt_1kg,45,17,15,4,1.0
salt_1kg,46,10,15,4,1.0
salt_1kg,47,14,15,4,1.0
salt_1kg,48,18,15,4,1.0
salt_1kg,49,14,15,4,1.0
salt_1kg,50,15,15,4,1.0
salt_1kg,51,16,15,4,1.0
salt_1kg,52,12,15,4,1.0
salt_1kg,53,15,15,4,1.0
salt_1kg,54,15,15,4,1.0
salt_1kg,55,18,15,4,1.0
salt_1kg,56,13,15,4,1.0
salt_1kg,57,14,15,4,1.0
salt_1kg,58,13,15,4,1.0
salt_1kg,59,13,15,4,1.0
salt_1kg,60,17,15,4,1.0
salt_1kg,61,15,15,4,1.0
salt_1kg,62,14,15,4,1.0
salt_1kg,63,14,15,4,1.0
salt_1kg,64,14,15,4,1.0
salt_1kg,65,14,15,4,1.0
salt_1kg,66,13,15,4,1.0
salt_1kg,67,15,15,4,1.0
salt_1kg,68,14,15,4,1.0
salt_1kg,69,14,15,4,1.0
salt_1kg,70,15,15,4,1.0
salt_1kg,71,15,15,4,1.0
salt_1kg,72,14,15,4,1.0
salt_1kg,73,15,15,4,1.0
salt_1kg,74,19,15,4,1.0
salt_1kg,75,19,15,4,1.0
salt_1kg,76,13,15,4,1.0
salt_1kg,77,13,15,4,1.0
salt_1kg,78,13,15,4,1.0
salt_1kg,79,17,15,4,1.0
salt_1kg,80,14,15,4,1.0
salt_1kg,81,15,15,4,1.0
salt_1kg,82,19,15,4,1.0
salt_1kg,83,15,15,4,1.0
salt_1kg,84,16,15,4,1.0
salt_1kg,85,16,15,4,1.0
salt_1kg,86,14,15,4,1.0
salt_1kg,87,17,15,4,1.0
salt_1kg,88,13,15,4,1.0
salt_1kg,89,17,15,4,1.0
salt_1kg,90,14,15,4,1.0
salt_1kg,91,14,15,4,1.0
salt_1kg,92,13,15,4,1.0
salt_1kg,93,13,15,4,1.0
salt_1kg,94,14,15,4,1.0
salt_1kg,95,11,15,4,1.0
salt_1kg,96,15,15,4,1.0
salt_1kg,97,14,15,4,1.0
salt_1kg,98,16,15,4,1.0
salt_1kg,99,16,15,4,1.0
salt_1kg,100,14,15,4,1.0
salt_1kg,101,14,15,4,1.0
salt_1kg,102,15,15,4,1.0
salt_1kg,103,18,15,4,1.0
salt_1kg,104,14,15,4,1.0
salt_1kg,105,14,15,4,1.0
salt_1kg,106,13,15,4,1.0
salt_1kg,107,12,15,4,1.0
salt_1kg,108,16,15,4,1.0
salt_1kg,109,15,15,4,1.0
salt_1kg,110,17,15,4,1.0
salt_1kg,111,17,15,4,1.0
salt_1kg,112,19,15,4,1.0
salt_1kg,113,15,15,4,1.0
salt_1kg,114,15,15,4,1.0
salt_1kg,115,13,15,4,1.0
salt_1kg,116,16,15,4,1.0
salt_1kg,117,15,15,4,1.0
salt_1kg,118,16,15,4,1.0
salt_1kg,119,13,15,4,1.0
salt_1kg,120,16,15,4,1.0
salt_1kg,121,15,15,4,1.0
salt_1kg,122,15,15,4,1.0
salt_1kg,123,14,15,4,1.0
salt_1kg,124,17,15,4,1.0
salt_1kg,125,19,15,4,1.0
salt_1kg,126,13,15,4,1.0
salt_1kg,127,16,15,4,1.0
salt_1kg,128,10,15,4,1.0
salt_1kg,129,16,15,4,1.0
salt_1kg,130,12,15,4,1.0
salt_1kg,131,14,15,4,1.0
salt_1kg,132,13,15,4,1.0
salt_1kg,133,15,15,4,1.0
salt_1kg,134,17,15,4,1.0
salt_1kg,135,12,15,4,1.0
salt_1kg,136,14,15,4,1.0
salt_1kg,137,14,15,4,1.0
salt_1kg,138,18,15,4,1.0
salt_1kg,139,16,15,4,1.0
salt_1kg,140,13,15,4,1.0
salt_1kg,141,14,15,4,1.0
salt_1kg,142,18,15,4,1.0
salt_1kg,143,16,15,4,1.0
salt_1kg,144,13,15,4,1.0
salt_1kg,145,15,15,4,1.0
salt_1kg,146,15,15,4,1.0
salt_1kg,147,14,15,4,1.0
salt_1kg,148,12,15,4,1.0
salt_1kg,149,14,15,4,1.0
salt_1kg,150,18,15,4,1.0
salt_1kg,151,14,15,4,1.0
salt_1kg,152,15,15,4,1.0
salt_1kg,153,15,15,4,1.0
salt_1kg,154,19,15,4,1.0
salt_1kg,155,15,15,4,1.0
salt_1kg,156,17,15,4,1.0
salt_1kg,157,14,15,4,1.0
salt_1kg,158,15,15,4,1.0
salt_1kg,159,15,15,4,1.0
salt_1kg,160,14,15,4,1.0
salt_1kg,161,15,15,4,1.0
salt_1kg,162,17,15,4,1.0
salt_1kg,163,14,15,4,1.0
salt_1kg,164,15,15,4,1.0
salt_1kg,165,16,15,4,1.0
salt_1kg,166,14,15,4,1.0
salt_1kg,167,17,15,4,1.0
salt_1kg,168,15,15,4,1.0
salt_1kg,169,15,15,4,1.0
salt_1kg,170,11,15,4,1.0
salt_1kg,171,14,15,4,1.0
salt_1kg,172,16,15,4,1.0
salt_1kg,173,18,15,4,1.0
salt_1kg,174,16,15,4,1.0
salt_1kg,175,17,15,4,1.0
salt_1kg,176,13,15,4,1.0
salt_1kg,177,15,15,4,1.0
salt_1kg,178,17,15,4,1.0
salt_1kg,179,13,15,4,1.0
salt_1kg,180,17,15,4,1.0
salt_1kg,181,16,15,4,1.0
salt_1kg,182,15,15,4,1.0
salt_1kg,183,14,15,4,1.0
salt_1kg,184,13,15,4,1.0
salt_1kg,185,18,15,4,1.0
salt_1kg,186,16,15,4,1.0
salt_1kg,187,16,15,4,1.0
salt_1kg,188,14,15,4,1.0
salt_1kg,189,15,15,4,1.0
salt_1kg,190,15,15,4,1.0
salt_1kg,191,16,15,4,1.0
salt_1kg,192,16,15,4,1.0
salt_1kg,193,14,15,4,1.0
salt_1kg,194,12,15,4,1.0
salt_1kg,195,15,15,4,1.0
salt_1kg,196,12,15,4,1.0
salt_1kg,197,14,15,4,1.0
salt_1kg,198,14,15,4,1.0
salt_1kg,199,16,15,4,1.0
salt_1kg,200,19,15,4,1.0
salt_1kg,201,11,15,4,1.0
salt_1kg,202,19,15,4,1.0
salt_1kg,203,15,15,4,1.0
salt_1kg,204,16,15,4,1.0
salt_1kg,205,12,15,4,1.0
salt_1kg,206,17,15,4,1.0
salt_1kg,207,15,15,4,1.0
salt_1kg,208,15,15,4,1.0
salt_1kg,209,12,15,4,1.0
salt_1kg,210,15,15,4,1.0
salt_1kg,211,17,15,4,1.0
salt_1kg,212,15,15,4,1.0
salt_1kg,213,17,15,4,1.0
salt_1kg,214,17,15,4,1.0
salt_1kg,215,14,15,4,1.0
salt_1kg,216,18,15,4,1.0
salt_1kg,217,15,15,4,1.0
salt_1kg,218,15,15,4,1.0
salt_1kg,219,15,15,4,1.0
salt_1kg,220,15,15,4,1.0
salt_1kg,221,10,15,4,1.0
salt_1kg,222,15,15,4,1.0
salt_1kg,223,13,15,4,1.0
salt_1kg,224,18,15,4,1.0
salt_1kg,225,18,15,4,1.0
salt_1kg,226,17,15,4,1.0
salt_1kg,227,15,15,4,1.0
salt_1kg,228,13,15,4,1.0
salt_1kg,229,14,15,4,1.0
salt_1kg,230,18,15,4,1.0
salt_1kg,231,14,15,4,1.0
salt_1kg,232,11,15,4,1.0
salt_1kg,233,17,15,4,1.0
salt_1kg,234,18,15,4,1.0
salt_1kg,235,18,15,4,1.0
salt_1kg,236,17,15,4,1.0
salt_1kg,237,17,15,4,1.0
salt_1kg,238,15,15,4,1.0
salt_1kg,239,11,15,4,1.0
salt_1kg,240,15,15,4,1.0
salt_1kg,241,16,15,4,1.0
salt_1kg,242,15,15,4,1.0
salt_1kg,243,15,15,4,1.0
salt_1kg,244,13,15,4,1.0
salt_1kg,245,13,15,4,1.0
salt_1kg,246,18,15,4,1.0
salt_1kg,247,18,15,4,1.0
salt_1kg,248,15,15,4,1.0
salt_1kg,249,16,15,4,1.0
salt_1kg,250,13,15,4,1.0
salt_1kg,251,16,15,4,1.0
salt_1kg,252,18,15,4,1.0
salt_1kg,253,12,15,4,1.0
salt_1kg,254,16,15,4,1.0
salt_1kg,255,16,15,4,1.0
salt_1kg,256,16,15,4,1.0
salt_1kg,257,18,15,4,1.0
salt_1kg,258,19,15,4,1.0
salt_1kg,259,15,15,4,1.0
salt_1kg,260,16,15,4,1.0
salt_1kg,261,15,15,4,1.0
salt_1kg,262,14,15,4,1.0
salt_1kg,263,15,15,4,1.0
salt_1kg,264,16,15,4,1.0
salt_1kg,265,15,15,4,1.0
salt_1kg,266,13,15,4,1.0
salt_1kg,267,14,15,4,1.0
salt_1kg,268,14,15,4,1.0
salt_1kg,269,13,15,4,1.0
salt_1kg,270,16,15,4,1.0
salt_1kg,271,16,15,4,1.0
salt_1kg,272,17,15,4,1.0
salt_1kg,273,13,15,4,1.0
salt_1kg,274,14,15,4,1.0
salt_1kg,275,18,15,4,1.0
salt_1kg,276,15,15,4,1.0
salt_1kg,277,15,15,4,1.0
salt_1kg,278,15,15,4,1.0
salt_1kg,279,17,15,4,1.0
salt_1kg,280,17,15,4,1.0
salt_1kg,281,17,15,4,1.0
salt_1kg,282,15,15,4,1.0
salt_1kg,283,13,15,4,1.0
salt_1kg,284,18,15,4,1.0
salt_1kg,285,17,15,4,1.0
salt_1kg,286,14,15,4,1.0
salt_1kg,287,18,15,4,1.0
salt_1kg,288,14,15,4,1.0
salt_1kg,289,18,15,4,1.0
salt_1kg,290,18,15,4,1.0
salt_1kg,291,13,15,4,1.0
salt_1kg,292,16,15,4,1.0
salt_1kg,293,16,15,4,1.0
salt_1kg,294,20,15,4,1.0
salt_1kg,295,14,15,4,1.0
salt_1kg,296,18,15,4,1.0
salt_1kg,297,15,15,4,1.0
salt_1kg,298,13,15,4,1.0
salt_1kg,299,15,15,4,1.0
salt_1kg,300,15,15,4,1.0
salt_1kg,301,13,15,4,1.0
salt_1kg,302,16,15,4,1.0
salt_1kg,303,17,15,4,1.0
salt_1kg,304,15,15,4,1.0
salt_1kg,305,14,15,4,1.0
salt_1kg,306,15,15,4,1.0
salt_1kg,307,15,15,4,1.0
salt_1kg,308,15,15,4,1.0
salt_1kg,309,17,15,4,1.0
salt_1kg,310,15,15,4,1.0
salt_1kg,311,12,15,4,1.0
salt_1kg,312,14,15,4,1.0
salt_1kg,313,15,15,4,1.0
salt_1kg,314,17,15,4,1.0
salt_1kg,315,17,15,4,1.0
salt_1kg,316,18,15,4,1.0
salt_1kg,317,15,15,4,1.0
salt_1kg,318,16,15,4,1.0
salt_1kg,319,12,15,4,1.0
salt_1kg,320,16,15,4,1.0
salt_1kg,321,13,15,4,1.0
salt_1kg,322,15,15,4,1.0
salt_1kg,323,20,15,4,1.0
salt_1kg,324,16,15,4,1.0
salt_1kg,325,13,15,4,1.0
salt_1kg,326,16,15,4,1.0
salt_1kg,327,14,15,4,1.0
salt_1kg,328,13,15,4,1.0
salt_1kg,329,19,15,4,1.0
salt_1kg,330,17,15,4,1.0
salt_1kg,331,16,15,4,1.0
salt_1kg,332,14,15,4,1.0
salt_1kg,333,14,15,4,1.0
salt_1kg,334,18,15,4,1.0
salt_1kg,335,16,15,4,1.0
salt_1kg,336,9,15,4,1.0
salt_1kg,337,19,15,4,1.0
salt_1kg,338,15,15,4,1.0
salt_1kg,339,16,15,4,1.0
salt_1kg,340,17,15,4,1.0
salt_1kg,341,16,15,4,1.0
salt_1kg,342,16,15,4,1.0
salt_1kg,343,14,15,4,1.0
salt_1kg,344,13,15,4,1.0
salt_1kg,345,16,15,4,1.0
salt_1kg,346,18,15,4,1.0
salt_1kg,347,14,15,4,1.0
salt_1kg,348,14,15,4,1.0
salt_1kg,349,17,15,4,1.0
salt_1kg,350,14,15,4,1.0
salt_1kg,351,14,15,4,1.0
salt_1kg,352,14,15,4,1.0
salt_1kg,353,15,15,4,1.0
salt_1kg,354,12,15,4,1.0
salt_1kg,355,14,15,4,1.0
salt_1kg,356,15,15,4,1.0
salt_1kg,357,15,15,4,1.0
salt_1kg,358,17,15,4,1.0
salt_1kg,359,18,15,4,1.0
salt_1kg,360,18,15,4,1.0
salt_1kg,361,17,15,4,1.0
salt_1kg,362,15,15,4,1.0
salt_1kg,363,14,15,4,1.0
salt_1kg,364,15,15,4,1.0
salt_1kg,365,16,15,4,1.0
salt_1kg,366,16,15,4,1.0
salt_1kg,367,16,15,4,1.0
salt_1kg,368,15,15,4,1.0
salt_1kg,369,16,15,4,1.0
salt_1kg,370,17,15,4,1.0
salt_1kg,371,17,15,4,1.0
salt_1kg,372,15,15,4,1.0
salt_1kg,373,13,15,4,1.0
salt_1kg,374,13,15,4,1.0
salt_1kg,375,14,15,4,1.0
salt_1kg,376,15,15,4,1.0
salt_1kg,377,16,15,4,1.0
salt_1kg,378,12,15,4,1.0
salt_1kg,379,14,15,4,1.0
salt_1kg,380,15,15,4,1.0
salt_1kg,381,13,15,4,1.0
salt_1kg,382,16,15,4,1.0
salt_1kg,383,14,15,4,1.0
salt_1kg,384,14,15,4,1.0
salt_1kg,385,15,15,4,1.0
salt_1kg,386,16,15,4,1.0
salt_1kg,387,13,15,4,1.0
salt_1kg,388,15,15,4,1.0
salt_1kg,389,16,15,4,1.0
salt_1kg,390,14,15,4,1.0
salt_1kg,391,12,15,4,1.0
salt_1kg,392,12,15,4,1.0
salt_1kg,393,14,15,4,1.0
salt_1kg,394,13,15,4,1.0
salt_1kg,395,14,15,4,1.0
salt_1kg,396,18,15,4,1.0
salt_1kg,397,13,15,4,1.0
salt_1kg,398,14,15,4,1.0
salt_1kg,399,19,15,4,1.0
salt_1kg,400,16,15,4,1.0
salt_1kg,401,14,15,4,1.0
salt_1kg,402,15,15,4,1.0
salt_1kg,403,16,15,4,1.0
salt_1kg,404,18,15,4,1.0
salt_1kg,405,14,15,4,1.0
salt_1kg,406,14,15,4,1.0
salt_1kg,407,13,15,4,1.0
salt_1kg,408,15,15,4,1.0
salt_1kg,409,12,15,4,1.0
salt_1kg,410,14,15,4,1.0
salt_1kg,411,13,15,4,1.0
salt_1kg,412,17,15,4,1.0
salt_1kg,413,14,15,4,1.0
salt_1kg,414,16,15,4,1.0
salt_1kg,415,12,15,4,1.0
salt_1kg,416,15,15,4,1.0
salt_1kg,417,13,15,4,1.0
salt_1kg,418,14,15,4,1.0
salt_1kg,419,19,15,4,1.0
salt_1kg,420,17,15,4,1.0
salt_1kg,421,15,15,4,1.0
salt_1kg,422,21,15,4,1.0
salt_1kg,423,13,15,4,1.0
salt_1kg,424,17,15,4,1.0
salt_1kg,425,12,15,4,1.0
salt_1kg,426,15,15,4,1.0
salt_1kg,427,13,15,4,1.0
salt_1kg,428,15,15,4,1.0
salt_1kg,429,15,15,4,1.0
salt_1kg,430,14,15,4,1.0
salt_1kg,431,17,15,4,1.0
salt_1kg,432,14,15,4,1.0
salt_1kg,433,16,15,4,1.0
salt_1kg,434,16,15,4,1.0
salt_1kg,435,12,15,4,1.0
salt_1kg,436,14,15,4,1.0
salt_1kg,437,15,15,4,1.0
salt_1kg,438,16,15,4,1.0
salt_1kg,439,18,15,4,1.0
salt_1kg,440,15,15,4,1.0
salt_1kg,441,14,15,4,1.0
salt_1kg,442,13,15,4,1.0
salt_1kg,443,16,15,4,1.0
salt_1kg,444,14,15,4,1.0
salt_1kg,445,15,15,4,1.0
salt_1kg,446,15,15,4,1.0
salt_1kg,447,16,15,4,1.0
salt_1kg,448,14,15,4,1.0
salt_1kg,449,14,15,4,1.0
salt_1kg,450,16,15,4,1.0
salt_1kg,451,10,15,4,1.0
salt_1kg,452,14,15,4,1.0
salt_1kg,453,13,15,4,1.0
salt_1kg,454,17,15,4,1.0
salt_1kg,455,14,15,4,1.0
salt_1kg,456,14,15,4,1.0
salt_1kg,457,15,15,4,1.0
salt_1kg,458,14,15,4,1.0
salt_1kg,459,14,15,4,1.0
salt_1kg,460,15,15,4,1.0
salt_1kg,461,14,15,4,1.0
salt_1kg,462,14,15,4,1.0
salt_1kg,463,13,15,4,1.0
salt_1kg,464,13,15,4,1.0
salt_1kg,465,15,15,4,1.0
salt_1kg,466,16,15,4,1.0
salt_1kg,467,12,15,4,1.0
salt_1kg,468,16,15,4,1.0
salt_1kg,469,16,15,4,1.0
salt_1kg,470,17,15,4,1.0
salt_1kg,471,16,15,4,1.0
salt_1kg,472,16,15,4,1.0
salt_1kg,473,19,15,4,1.0
salt_1kg,474,14,15,4,1.0
salt_1kg,475,13,15,4,1.0
salt_1kg,476,12,15,4,1.0
salt_1kg,477,18,15,4,1.0
salt_1kg,478,18,15,4,1.0
salt_1kg,479,13,15,4,1.0
salt_1kg,480,14,15,4,1.0
salt_1kg,481,14,15,4,1.0
salt_1kg,482,17,15,4,1.0
salt_1kg,483,13,15,4,1.0
salt_1kg,484,11,15,4,1.0
salt_1kg,485,19,15,4,1.0
salt_1kg,486,16,15,4,1.0
salt_1kg,487,16,15,4,1.0
salt_1kg,488,15,15,4,1.0
salt_1kg,489,16,15,4,1.0
salt_1kg,490,12,15,4,1.0
salt_1kg,491,13,15,4,1.0
salt_1kg,492,15,15,4,1.0
salt_1kg,493,11,15,4,1.0
salt_1kg,494,14,15,4,1.0
salt_1kg,495,14,15,4,1.0
salt_1kg,496,14,15,4,1.0
salt_1kg,497,14,15,4,1.0
salt_1kg,498,13,15,4,1.0
salt_1kg,499,12,15,4,1.0
salt_1kg,500,15,15,4,1.0
salt_1kg,501,14,15,4,1.0
salt_1kg,502,13,15,4,1.0
salt_1kg,503,15,15,4,1.0
salt_1kg,504,14,15,4,1.0
salt_1kg,505,14,15,4,1.0
salt_1kg,506,11,15,4,1.0
salt_1kg,507,16,15,4,1.0
salt_1kg,508,13,15,4,1.0
salt_1kg,509,15,15,4,1.0
salt_1kg,510,14,15,4,1.0
salt_1kg,511,14,15,4,1.0
salt_1kg,512,17,15,4,1.0
salt_1kg,513,16,15,4,1.0
salt_1kg,514,17,15,4,1.0
salt_1kg,515,16,15,4,1.0
salt_1kg,516,16,15,4,1.0
salt_1kg,517,12,15,4,1.0
salt_1kg,518,14,15,4,1.0
salt_1kg,519,15,15,4,1.0
salt_1kg,520,17,15,4,1.0
salt_1kg,521,14,15,4,1.0
salt_1kg,522,15,15,4,1.0
salt_1kg,523,15,15,4,1.0
salt_1kg,524,17,15,4,1.0
salt_1kg,525,15,15,4,1.0
salt_1kg,526,16,15,4,1.0
salt_1kg,527,12,15,4,1.0
salt_1kg,528,12,15,4,1.0
salt_1kg,529,11,15,4,1.0
salt_1kg,530,16,15,4,1.0
salt_1kg,531,16,15,4,1.0
salt_1kg,532,17,15,4,1.0
salt_1kg,533,14,15,4,1.0
salt_1kg,534,14,15,4,1.0
salt_1kg,535,15,15,4,1.0
salt_1kg,536,18,15,4,1.0
salt_1kg,537,18,15,4,1.0
salt_1kg,538,16,15,4,1.0
salt_1kg,539,16,15,4,1.0
salt_1kg,540,17,15,4,1.0
salt_1kg,541,15,15,4,1.0
salt_1kg,542,14,15,4,1.0
salt_1kg,543,15,15,4,1.0
salt_1kg,544,13,15,4,1.0
salt_1kg,545,15,15,4,1.0
salt_1kg,546,13,15,4,1.0
salt_1kg,547,17,15,4,1.0
salt_1kg,548,16,15,4,1.0
salt_1kg,549,18,15,4,1.0
salt_1kg,550,12,15,4,1.0
salt_1kg,551,18,15,4,1.0
salt_1kg,552,12,15,4,1.0
salt_1kg,553,13,15,4,1.0
salt_1kg,554,14,15,4,1.0
salt_1kg,555,17,15,4,1.0
salt_1kg,556,15,15,4,1.0
salt_1kg,557,15,15,4,1.0
salt_1kg,558,14,15,4,1.0
salt_1kg,559,13,15,4,1.0
salt_1kg,560,17,15,4,1.0
salt_1kg,561,16,15,4,1.0
salt_1kg,562,17,15,4,1.0
salt_1kg,563,16,15,4,1.0
salt_1kg,564,10,15,4,1.0
salt_1kg,565,13,15,4,1.0
salt_1kg,566,16,15,4,1.0
salt_1kg,567,14,15,4,1.0
salt_1kg,568,14,15,4,1.0
salt_1kg,569,13,15,4,1.0
salt_1kg,570,17,15,4,1.0
salt_1kg,571,16,15,4,1.0
salt_1kg,572,16,15,4,1.0
salt_1kg,573,14,15,4,1.0
salt_1kg,574,15,15,4,1.0
salt_1kg,575,13,15,4,1.0
salt_1kg,576,15,15,4,1.0
salt_1kg,577,10,15,4,1.0
salt_1kg,578,12,15,4,1.0
salt_1kg,579,14,15,4,1.0
salt_1kg,580,19,15,4,1.0
salt_1kg,581,12,15,4,1.0
salt_1kg,582,13,15,4,1.0
salt_1kg,583,15,15,4,1.0
salt_1kg,584,18,15,4,1.0
salt_1kg,585,15,15,4,1.0
salt_1kg,586,16,15,4,1.0
salt_1kg,587,14,15,4,1.0
salt_1kg,588,14,15,4,1.0
salt_1kg,589,15,15,4,1.0
salt_1kg,590,14,15,4,1.0
salt_1kg,591,16,15,4,1.0
salt_1kg,592,12,15,4,1.0
salt_1kg,593,17,15,4,1.0
salt_1kg,594,15,15,4,1.0
salt_1kg,595,15,15,4,1.0
salt_1kg,596,12,15,4,1.0
salt_1kg,597,13,15,4,1.0
salt_1kg,598,17,15,4,1.0
salt_1kg,599,15,15,4,1.0
salt_1kg,600,16,15,4,1.0
salt_1kg,601,13,15,4,1.0
salt_1kg,602,15,15,4,1.0
salt_1kg,603,13,15,4,1.0
salt_1kg,604,15,15,4,1.0
salt_1kg,605,16,15,4,1.0
salt_1kg,606,16,15,4,1.0
salt_1kg,607,13,15,4,1.0
salt_1kg,608,14,15,4,1.0
salt_1kg,609,16,15,4,1.0
salt_1kg,610,15,15,4,1.0
salt_1kg,611,14,15,4,1.0
salt_1kg,612,18,15,4,1.0
salt_1kg,613,13,15,4,1.0
salt_1kg,614,17,15,4,1.0
salt_1kg,615,13,15,4,1.0
salt_1kg,616,16,15,4,1.0
salt_1kg,617,16,15,4,1.0
salt_1kg,618,14,15,4,1.0
salt_1kg,619,13,15,4,1.0
salt_1kg,620,11,15,4,1.0
salt_1kg,621,14,15,4,1.0
salt_1kg,622,16,15,4,1.0
salt_1kg,623,13,15,4,1.0
salt_1kg,624,15,15,4,1.0
salt_1kg,625,12,15,4,1.0
salt_1kg,626,15,15,4,1.0
salt_1kg,627,13,15,4,1.0
salt_1kg,628,15,15,4,1.0
salt_1kg,629,14,15,4,1.0
salt_1kg,630,13,15,4,1.0
salt_1kg,631,14,15,4,1.0
salt_1kg,632,13,15,4,1.0
salt_1kg,633,13,15,4,1.0
salt_1kg,634,17,15,4,1.0
salt_1kg,635,14,15,4,1.0
salt_1kg,636,11,15,4,1.0
salt_1kg,637,14,15,4,1.0
salt_1kg,638,17,15,4,1.0
salt_1kg,639,14,15,4,1.0
salt_1kg,640,18,15,4,1.0
salt_1kg,641,13,15,4,1.0
salt_1kg,642,16,15,4,1.0
salt_1kg,643,17,15,4,1.0
salt_1kg,644,16,15,4,1.0
salt_1kg,645,13,15,4,1.0
salt_1kg,646,13,15,4,1.0
salt_1kg,647,17,15,4,1.0
salt_1kg,648,14,15,4,1.0
salt_1kg,649,17,15,4,1.0
salt_1kg,650,14,15,4,1.0
salt_1kg,651,15,15,4,1.0
salt_1kg,652,13,15,4,1.0
salt_1kg,653,14,15,4,1.0
salt_1kg,654,13,15,4,1.0
salt_1kg,655,15,15,4,1.0
salt_1kg,656,15,15,4,1.0
salt_1kg,657,16,15,4,1.0
salt_1kg,658,14,15,4,1.0
salt_1kg,659,13,15,4,1.0
salt_1kg,660,15,15,4,1.0
salt_1kg,661,13,15,4,1.0
salt_1kg,662,17,15,4,1.0
salt_1kg,663,15,15,4,1.0
salt_1kg,664,14,15,4,1.0
salt_1kg,665,16,15,4,1.0
salt_1kg,666,15,15,4,1.0
salt_1kg,667,12,15,4,1.0
salt_1kg,668,13,15,4,1.0
salt_1kg,669,17,15,4,1.0
salt_1kg,670,15,15,4,1.0
salt_1kg,671,12,15,4,1.0
salt_1kg,672,16,15,4,1.0
salt_1kg,673,14,15,4,1.0
salt_1kg,674,13,15,4,1.0
salt_1kg,675,13,15,4,1.0
salt_1kg,676,17,15,4,1.0
salt_1kg,677,11,15,4,1.0
salt_1kg,678,13,15,4,1.0
salt_1kg,679,15,15,4,1.0
salt_1kg,680,18,15,4,1.0
salt_1kg,681,16,15,4,1.0
salt_1kg,682,13,15,4,1.0
salt_1kg,683,18,15,4,1.0
salt_1kg,684,13,15,4,1.0
salt_1kg,685,15,15,4,1.0
salt_1kg,686,16,15,4,1.0
salt_1kg,687,13,15,4,1.0
salt_1kg,688,16,15,4,1.0
salt_1kg,689,14,15,4,1.0
salt_1kg,690,16,15,4,1.0
salt_1kg,691,12,15,4,1.0
salt_1kg,692,16,15,4,1.0
salt_1kg,693,14,15,4,1.0
salt_1kg,694,17,15,4,1.0
salt_1kg,695,15,15,4,1.0
salt_1kg,696,17,15,4,1.0
salt_1kg,697,16,15,4,1.0
salt_1kg,698,15,15,4,1.0
salt_1kg,699,16,15,4,1.0
salt_1kg,700,16,15,4,1.0
salt_1kg,701,16,15,4,1.0
salt_1kg,702,11,15,4,1.0
salt_1kg,703,13,15,4,1.0
salt_1kg,704,17,15,4,1.0
salt_1kg,705,13,15,4,1.0
salt_1kg,706,17,15,4,1.0
salt_1kg,707,16,15,4,1.0
salt_1kg,708,14,15,4,1.0
salt_1kg,709,11,15,4,1.0
salt_1kg,710,14,15,4,1.0
salt_1kg,711,19,15,4,1.0
salt_1kg,712,13,15,4,1.0
salt_1kg,713,14,15,4,1.0
salt_1kg,714,13,15,4,1.0
salt_1kg,715,17,15,4,1.0
salt_1kg,716,15,15,4,1.0
salt_1kg,717,14,15,4,1.0
salt_1kg,718,18,15,4,1.0
salt_1kg,719,16,15,4,1.0
salt_1kg,720,13,15,4,1.0
salt_1kg,721,13,15,4,1.0
salt_1kg,722,17,15,4,1.0
salt_1kg,723,15,15,4,1.0
salt_1kg,724,12,15,4,1.0
salt_1kg,725,12,15,4,1.0
salt_1kg,726,13,15,4,1.0
salt_1kg,727,13,15,4,1.0
salt_1kg,728,11,15,4,1.0
salt_1kg,729,13,15,4,1.0
spice_mix,0,1,35,7,2.0
spice_mix,1,2,35,7,2.0
spice_mix,2,10,35,7,2.0
spice_mix,3,3,35,7,2.0
spice_mix,4,3,35,7,2.0
spice_mix,5,6,35,7,2.0
spice_mix,6,3,35,7,2.0
spice_mix,7,5,35,7,2.0
spice_mix,8,5,35,7,2.0
spice_mix,9,4,35,7,2.0
spice_mix,10,14,35,7,2.0
spice_mix,11,7,35,7,2.0
spice_mix,12,0,35,7,2.0
spice_mix,13,5,35,7,2.0
spice_mix,14,1,35,7,2.0
spice_mix,15,6,35,7,2.0
spice_mix,16,0,35,7,2.0
spice_mix,17,0,35,7,2.0
spice_mix,18,5,35,7,2.0
spice_mix,19,8,35,7,2.0
spice_mix,20,6,35,7,2.0
spice_mix,21,7,35,7,2.0
spice_mix,22,5,35,7,2.0
spice_mix,23,5,35,7,2.0
spice_mix,24,2,35,7,2.0
spice_mix,25,7,35,7,2.0
spice_mix,26,8,35,7,2.0
spice_mix,27,4,35,7,2.0
spice_mix,28,4,35,7,2.0
spice_mix,29,10,35,7,2.0
spice_mix,30,4,35,7,2.0
spice_mix,31,4,35,7,2.0
spice_mix,32,6,35,7,2.0
spice_mix,33,4,35,7,2.0
spice_mix,34,1,35,7,2.0
spice_mix,35,5,35,7,2.0
spice_mix,36,4,35,7,2.0
spice_mix,37,11,35,7,2.0
spice_mix,38,7,35,7,2.0
spice_mix,39,2,35,7,2.0
spice_mix,40,7,35,7,2.0
spice_mix,41,5,35,7,2.0
spice_mix,42,9,35,7,2.0
spice_mix,43,2,35,7,2.0
spice_mix,44,5,35,7,2.0
spice_mix,45,4,35,7,2.0
spice_mix,46,4,35,7,2.0
spice_mix,47,1,35,7,2.0
spice_mix,48,6,35,7,2.0
spice_mix,49,6,35,7,2.0
spice_mix,50,9,35,7,2.0
spice_mix,51,4,35,7,2.0
spice_mix,52,3,35,7,2.0
spice_mix,53,7,35,7,2.0
spice_mix,54,1,35,7,2.0
spice_mix,55,8,35,7,2.0
spice_mix,56,8,35,7,2.0
spice_mix,57,9,35,7,2.0
spice_mix,58,5,35,7,2.0
spice_mix,59,2,35,7,2.0
spice_mix,60,4,35,7,2.0
spice_mix,61,5,35,7,2.0
spice_mix,62,2,35,7,2.0
spice_mix,63,9,35,7,2.0
spice_mix,64,6,35,7,2.0
spice_mix,65,1,35,7,2.0
spice_mix,66,11,35,7,2.0
spice_mix,67,4,35,7,2.0
spice_mix,68,0,35,7,2.0
spice_mix,69,1,35,7,2.0
spice_mix,70,9,35,7,2.0
spice_mix,71,11,35,7,2.0
spice_mix,72,8,35,7,2.0
spice_mix,73,9,35,7,2.0
spice_mix,74,8,35,7,2.0
spice_mix,75,6,35,7,2.0
spice_mix,76,5,35,7,2.0
spice_mix,77,6,35,7,2.0
spice_mix,78,7,35,7,2.0
spice_mix,79,1,35,7,2.0
spice_mix,80,7,35,7,2.0
spice_mix,81,9,35,7,2.0
spice_mix,82,3,35,7,2.0
spice_mix,83,3,35,7,2.0
spice_mix,84,6,35,7,2.0
spice_mix,85,2,35,7,2.0
spice_mix,86,0,35,7,2.0
spice_mix,87,8,35,7,2.0
spice_mix,88,2,35,7,2.0
spice_mix,89,4,35,7,2.0
spice_mix,90,2,35,7,2.0
spice_mix,91,9,35,7,2.0
spice_mix,92,7,35,7,2.0
spice_mix,93,3,35,7,2.0
spice_mix,94,0,35,7,2.0
spice_mix,95,3,35,7,2.0
spice_mix,96,6,35,7,2.0
spice_mix,97,5,35,7,2.0
spice_mix,98,4,35,7,2.0
spice_mix,99,5,35,7,2.0
spice_mix,100,7,35,7,2.0
spice_mix,101,4,35,7,2.0
spice_mix,102,6,35,7,2.0
spice_mix,103,0,35,7,2.0
spice_mix,104,13,35,7,2.0
spice_mix,105,3,35,7,2.0
spice_mix,106,5,35,7,2.0
spice_mix,107,6,35,7,2.0
spice_mix,108,3,35,7,2.0
spice_mix,109,4,35,7,2.0
spice_mix,110,4,35,7,2.0
spice_mix,111,1,35,7,2.0
spice_mix,112,6,35,7,2.0
spice_mix,113,0,35,7,2.0
spice_mix,114,10,35,7,2.0
spice_mix,115,7,35,7,2.0
spice_mix,116,6,35,7,2.0
spice_mix,117,0,35,7,2.0
spice_mix,118,1,35,7,2.0
spice_mix,119,9,35,7,2.0
spice_mix,120,19,35,7,2.0
spice_mix,121,8,35,7,2.0
spice_mix,122,8,35,7,2.0
spice_mix,123,6,35,7,2.0
spice_mix,124,1,35,7,2.0
spice_mix,125,8,35,7,2.0
spice_mix,126,0,35,7,2.0
spice_mix,127,0,35,7,2.0
spice_mix,128,0,35,7,2.0
spice_mix,129,8,35,7,2.0
spice_mix,130,4,35,7,2.0
spice_mix,131,4,35,7,2.0
spice_mix,132,4,35,7,2.0
spice_mix,133,0,35,7,2.0
spice_mix,134,2,35,7,2.0
spice_mix,135,2,35,7,2.0
spice_mix,136,0,35,7,2.0
spice_mix,137,2,35,7,2.0
spice_mix,138,0,35,7,2.0
spice_mix,139,6,35,7,2.0
spice_mix,140,6,35,7,2.0
spice_mix,141,0,35,7,2.0
spice_mix,142,3,35,7,2.0
spice_mix,143,11,35,7,2.0
spice_mix,144,0,35,7,2.0
spice_mix,145,6,35,7,2.0
spice_mix,146,4,35,7,2.0
spice_mix,147,8,35,7,2.0
spice_mix,148,5,35,7,2.0
spice_mix,149,2,35,7,2.0
spice_mix,150,4,35,7,2.0
spice_mix,151,4,35,7,2.0
spice_mix,152,4,35,7,2.0
spice_mix,153,0,35,7,2.0
spice_mix,154,8,35,7,2.0
spice_mix,155,8,35,7,2.0
spice_mix,156,0,35,7,2.0
spice_mix,157,3,35,7,2.0
spice_mix,158,3,35,7,2.0
spice_mix,159,0,35,7,2.0
spice_mix,160,0,35,7,2.0
spice_mix,161,2,35,7,2.0
spice_mix,162,3,35,7,2.0
spice_mix,163,0,35,7,2.0
spice_mix,164,5,35,7,2.0
spice_mix,165,8,35,7,2.0
spice_mix,166,7,35,7,2.0
spice_mix,167,4,35,7,2.0
spice_mix,168,0,35,7,2.0
spice_mix,169,7,35,7,2.0
spice_mix,170,5,35,7,2.0
spice_mix,171,6,35,7,2.0
spice_mix,172,11,35,7,2.0
spice_mix,173,1,35,7,2.0
spice_mix,174,0,35,7,2.0
spice_mix,175,0,35,7,2.0
spice_mix,176,6,35,7,2.0
spice_mix,177,4,35,7,2.0
spice_mix,178,0,35,7,2.0
spice_mix,179,0,35,7,2.0
spice_mix,180,3,35,7,2.0
spice_mix,181,0,35,7,2.0
spice_mix,182,6,35,7,2.0
spice_mix,183,3,35,7,2.0
spice_mix,184,2,35,7,2.0
spice_mix,185,1,35,7,2.0
spice_mix,186,5,35,7,2.0
spice_mix,187,4,35,7,2.0
spice_mix,188,5,35,7,2.0
spice_mix,189,5,35,7,2.0
spice_mix,190,4,35,7,2.0
spice_mix,191,0,35,7,2.0
spice_mix,192,1,35,7,2.0
spice_mix,193,3,35,7,2.0
spice_mix,194,11,35,7,2.0
spice_mix,195,0,35,7,2.0
spice_mix,196,2,35,7,2.0
spice_mix,197,4,35,7,2.0
spice_mix,198,3,35,7,2.0
spice_mix,199,8,35,7,2.0
spice_mix,200,3,35,7,2.0
spice_mix,201,3,35,7,2.0
spice_mix,202,7,35,7,2.0
spice_mix,203,11,35,7,2.0
spice_mix,204,9,35,7,2.0
spice_mix,205,4,35,7,2.0
spice_mix,206,4,35,7,2.0
spice_mix,207,4,35,7,2.0
spice_mix,208,5,35,7,2.0
spice_mix,209,1,35,7,2.0
spice_mix,210,7,35,7,2.0
spice_mix,211,5,35,7,2.0
spice_mix,212,4,35,7,2.0
spice_mix,213,0,35,7,2.0
spice_mix,214,4,35,7,2.0
spice_mix,215,0,35,7,2.0
spice_mix,216,2,35,7,2.0
spice_mix,217,2,35,7,2.0
spice_mix,218,5,35,7,2.0
spice_mix,219,11,35,7,2.0
spice_mix,220,6,35,7,2.0
spice_mix,221,9,35,7,2.0
spice_mix,222,6,35,7,2.0
spice_mix,223,8,35,7,2.0
spice_mix,224,11,35,7,2.0
spice_mix,225,1,35,7,2.0
spice_mix,226,1,35,7,2.0
spice_mix,227,6,35,7,2.0
spice_mix,228,4,35,7,2.0
spice_mix,229,5,35,7,2.0
spice_mix,230,3,35,7,2.0
spice_mix,231,2,35,7,2.0
spice_mix,232,10,35,7,2.0
spice_mix,233,0,35,7,2.0
spice_mix,234,6,35,7,2.0
spice_mix,235,6,35,7,2.0
spice_mix,236,0,35,7,2.0
spice_mix,237,1,35,7,2.0
spice_mix,238,2,35,7,2.0
spice_mix,239,6,35,7,2.0
spice_mix,240,3,35,7,2.0
spice_mix,241,4,35,7,2.0
spice_mix,242,0,35,7,2.0
spice_mix,243,12,35,7,2.0
spice_mix,244,4,35,7,2.0
spice_mix,245,6,35,7,2.0
spice_mix,246,2,35,7,2.0
spice_mix,247,2,35,7,2.0
spice_mix,248,11,35,7,2.0
spice_mix,249,0,35,7,2.0
spice_mix,250,5,35,7,2.0
spice_mix,251,0,35,7,2.0
spice_mix,252,3,35,7,2.0
spice_mix,253,2,35,7,2.0
spice_mix,254,0,35,7,2.0
spice_mix,255,4,35,7,2.0
spice_mix,256,0,35,7,2.0
spice_mix,257,3,35,7,2.0
spice_mix,258,4,35,7,2.0
spice_mix,259,0,35,7,2.0
spice_mix,260,9,35,7,2.0
spice_mix,261,2,35,7,2.0
spice_mix,262,3,35,7,2.0
spice_mix,263,2,35,7,2.0
spice_mix,264,4,35,7,2.0
spice_mix,265,9,35,7,2.0
spice_mix,266,13,35,7,2.0
spice_mix,267,7,35,7,2.0
spice_mix,268,8,35,7,2.0
spice_mix,269,10,35,7,2.0
spice_mix,270,5,35,7,2.0
spice_mix,271,10,35,7,2.0
spice_mix,272,7,35,7,2.0
spice_mix,273,5,35,7,2.0
spice_mix,274,5,35,7,2.0
spice_mix,275,0,35,7,2.0
spice_mix,276,5,35,7,2.0
spice_mix,277,0,35,7,2.0
spice_mix,278,0,35,7,2.0
spice_mix,279,5,35,7,2.0
spice_mix,280,0,35,7,2.0
spice_mix,281,4,35,7,2.0
spice_mix,282,4,35,7,2.0
spice_mix,283,5,35,7,2.0
spice_mix,284,1,35,7,2.0
spice_mix,285,7,35,7,2.0
spice_mix,286,4,35,7,2.0
spice_mix,287,6,35,7,2.0
spice_mix,288,0,35,7,2.0
spice_mix,289,3,35,7,2.0
spice_mix,290,8,35,7,2.0
spice_mix,291,7,35,7,2.0
spice_mix,292,1,35,7,2.0
spice_mix,293,2,35,7,2.0
spice_mix,294,0,35,7,2.0
spice_mix,295,2,35,7,2.0
spice_mix,296,0,35,7,2.0
spice_mix,297,4,35,7,2.0
spice_mix,298,6,35,7,2.0
spice_mix,299,1,35,7,2.0
spice_mix,300,4,35,7,2.0
spice_mix,301,3,35,7,2.0
spice_mix,302,8,35,7,2.0
spice_mix,303,2,35,7,2.0
spice_mix,304,2,35,7,2.0
spice_mix,305,1,35,7,2.0
spice_mix,306,0,35,7,2.0
spice_mix,307,6,35,7,2.0
spice_mix,308,4,35,7,2.0
spice_mix,309,4,35,7,2.0
spice_mix,310,9,35,7,2.0
spice_mix,311,9,35,7,2.0
spice_mix,312,0,35,7,2.0
spice_mix,313,6,35,7,2.0
spice_mix,314,5,35,7,2.0
spice_mix,315,2,35,7,2.0
spice_mix,316,5,35,7,2.0
spice_mix,317,0,35,7,2.0
spice_mix,318,9,35,7,2.0
spice_mix,319,6,35,7,2.0
spice_mix,320,1,35,7,2.0
spice_mix,321,2,35,7,2.0
spice_mix,322,0,35,7,2.0
spice_mix,323,3,35,7,2.0
spice_mix,324,2,35,7,2.0
spice_mix,325,0,35,7,2.0
spice_mix,326,7,35,7,2.0
spice_mix,327,9,35,7,2.0
spice_mix,328,4,35,7,2.0
spice_mix,329,3,35,7,2.0
spice_mix,330,6,35,7,2.0
spice_mix,331,4,35,7,2.0
spice_mix,332,0,35,7,2.0
spice_mix,333,2,35,7,2.0
spice_mix,334,3,35,7,2.0
spice_mix,335,5,35,7,2.0
spice_mix,336,4,35,7,2.0
spice_mix,337,5,35,7,2.0
spice_mix,338,0,35,7,2.0
spice_mix,339,6,35,7,2.0
spice_mix,340,4,35,7,2.0
spice_mix,341,13,35,7,2.0
spice_mix,342,3,35,7,2.0
spice_mix,343,5,35,7,2.0
spice_mix,344,14,35,7,2.0
spice_mix,345,5,35,7,2.0
spice_mix,346,4,35,7,2.0
spice_mix,347,0,35,7,2.0
spice_mix,348,10,35,7,2.0
spice_mix,349,0,35,7,2.0
spice_mix,350,6,35,7,2.0
spice_mix,351,2,35,7,2.0
spice_mix,352,3,35,7,2.0
spice_mix,353,0,35,7,2.0
spice_mix,354,9,35,7,2.0
spice_mix,355,3,35,7,2.0
spice_mix,356,0,35,7,2.0
spice_mix,357,9,35,7,2.0
spice_mix,358,2,35,7,2.0
spice_mix,359,5,35,7,2.0
spice_mix,360,7,35,7,2.0
spice_mix,361,6,35,7,2.0
spice_mix,362,0,35,7,2.0
spice_mix,363,7,35,7,2.0
spice_mix,364,4,35,7,2.0
spice_mix,365,3,35,7,2.0
spice_mix,366,4,35,7,2.0
spice_mix,367,0,35,7,2.0
spice_mix,368,5,35,7,2.0
spice_mix,369,0,35,7,2.0
spice_mix,370,3,35,7,2.0
spice_mix,371,5,35,7,2.0
spice_mix,372,8,35,7,2.0
spice_mix,373,1,35,7,2.0
spice_mix,374,9,35,7,2.0
spice_mix,375,7,35,7,2.0
spice_mix,376,2,35,7,2.0
spice_mix,377,0,35,7,2.0
spice_mix,378,0,35,7,2.0
spice_mix,379,5,35,7,2.0
spice_mix,380,1,35,7,2.0
spice_mix,381,8,35,7,2.0
spice_mix,382,2,35,7,2.0
spice_mix,383,1,35,7,2.0
spice_mix,384,5,35,7,2.0
spice_mix,385,2,35,7,2.0
spice_mix,386,4,35,7,2.0
spice_mix,387,8,35,7,2.0
spice_mix,388,4,35,7,2.0
spice_mix,389,4,35,7,2.0
spice_mix,390,5,35,7,2.0
spice_mix,391,0,35,7,2.0
spice_mix,392,5,35,7,2.0
spice_mix,393,5,35,7,2.0
spice_mix,394,7,35,7,2.0
spice_mix,395,6,35,7,2.0
spice_mix,396,3,35,7,2.0
spice_mix,397,8,35,7,2.0
spice_mix,398,3,35,7,2.0
spice_mix,399,5,35,7,2.0
spice_mix,400,3,35,7,2.0
spice_mix,401,6,35,7,2.0
spice_mix,402,3,35,7,2.0
spice_mix,403,10,35,7,2.0
spice_mix,404,11,35,7,2.0
spice_mix,405,7,35,7,2.0
spice_mix,406,10,35,7,2.0
spice_mix,407,0,35,7,2.0
spice_mix,408,0,35,7,2.0
spice_mix,409,3,35,7,2.0
spice_mix,410,4,35,7,2.0
spice_mix,411,3,35,7,2.0
spice_mix,412,0,35,7,2.0
spice_mix,413,8,35,7,2.0
spice_mix,414,12,35,7,2.0
spice_mix,415,9,35,7,2.0
spice_mix,416,8,35,7,2.0
spice_mix,417,5,35,7,2.0
spice_mix,418,1,35,7,2.0
spice_mix,419,4,35,7,2.0
spice_mix,420,12,35,7,2.0
spice_mix,421,3,35,7,2.0
spice_mix,422,2,35,7,2.0
spice_mix,423,8,35,7,2.0
spice_mix,424,8,35,7,2.0
spice_mix,425,1,35,7,2.0
spice_mix,426,3,35,7,2.0
spice_mix,427,2,35,7,2.0
spice_mix,428,4,35,7,2.0
spice_mix,429,8,35,7,2.0
spice_mix,430,1,35,7,2.0
spice_mix,431,8,35,7,2.0
spice_mix,432,4,35,7,2.0
spice_mix,433,12,35,7,2.0
spice_mix,434,5,35,7,2.0
spice_mix,435,4,35,7,2.0
spice_mix,436,6,35,7,2.0
spice_mix,437,3,35,7,2.0
spice_mix,438,0,35,7,2.0
spice_mix,439,3,35,7,2.0
spice_mix,440,3,35,7,2.0
spice_mix,441,0,35,7,2.0
spice_mix,442,4,35,7,2.0
spice_mix,443,0,35,7,2.0
spice_mix,444,3,35,7,2.0
spice_mix,445,5,35,7,2.0
spice_mix,446,4,35,7,2.0
spice_mix,447,3,35,7,2.0
spice_mix,448,4,35,7,2.0
spice_mix,449,1,35,7,2.0
spice_mix,450,4,35,7,2.0
spice_mix,451,4,35,7,2.0
spice_mix,452,1,35,7,2.0
spice_mix,453,5,35,7,2.0
spice_mix,454,5,35,7,2.0
spice_mix,455,3,35,7,2.0
spice_mix,456,13,35,7,2.0
spice_mix,457,3,35,7,2.0
spice_mix,458,3,35,7,2.0
spice_mix,459,2,35,7,2.0
spice_mix,460,1,35,7,2.0
spice_mix,461,6,35,7,2.0
spice_mix,462,2,35,7,2.0
spice_mix,463,2,35,7,2.0
spice_mix,464,2,35,7,2.0
spice_mix,465,0,35,7,2.0
spice_mix,466,0,35,7,2.0
spice_mix,467,2,35,7,2.0
spice_mix,468,7,35,7,2.0
spice_mix,469,5,35,7,2.0
spice_mix,470,10,35,7,2.0
spice_mix,471,7,35,7,2.0
spice_mix,472,6,35,7,2.0
spice_mix,473,11,35,7,2.0
spice_mix,474,4,35,7,2.0
spice_mix,475,4,35,7,2.0
spice_mix,476,4,35,7,2.0
spice_mix,477,10,35,7,2.0
spice_mix,478,4,35,7,2.0
spice_mix,479,2,35,7,2.0
spice_mix,480,6,35,7,2.0
spice_mix,481,1,35,7,2.0
spice_mix,482,6,35,7,2.0
spice_mix,483,5,35,7,2.0
spice_mix,484,3,35,7,2.0
spice_mix,485,6,35,7,2.0
spice_mix,486,0,35,7,2.0
spice_mix,487,5,35,7,2.0
spice_mix,488,2,35,7,2.0
spice_mix,489,14,35,7,2.0
spice_mix,490,5,35,7,2.0
spice_mix,491,2,35,7,2.0
spice_mix,492,0,35,7,2.0
spice_mix,493,9,35,7,2.0
spice_mix,494,3,35,7,2.0
spice_mix,495,1,35,7,2.0
spice_mix,496,5,35,7,2.0
spice_mix,497,6,35,7,2.0
spice_mix,498,6,35,7,2.0
spice_mix,499,4,35,7,2.0
spice_mix,500,5,35,7,2.0
spice_mix,501,5,35,7,2.0
spice_mix,502,5,35,7,2.0
spice_mix,503,6,35,7,2.0
spice_mix,504,8,35,7,2.0
spice_mix,505,4,35,7,2.0
spice_mix,506,1,35,7,2.0
spice_mix,507,3,35,7,2.0
spice_mix,508,7,35,7,2.0
spice_mix,509,0,35,7,2.0
spice_mix,510,0,35,7,2.0
spice_mix,511,7,35,7,2.0
spice_mix,512,9,35,7,2.0
spice_mix,513,0,35,7,2.0
spice_mix,514,4,35,7,2.0
spice_mix,515,3,35,7,2.0
spice_mix,516,3,35,7,2.0
spice_mix,517,5,35,7,2.0
spice_mix,518,0,35,7,2.0
spice_mix,519,0,35,7,2.0
spice_mix,520,3,35,7,2.0
spice_mix,521,3,35,7,2.0
spice_mix,522,0,35,7,2.0
spice_mix,523,7,35,7,2.0
spice_mix,524,2,35,7,2.0
spice_mix,525,2,35,7,2.0
spice_mix,526,5,35,7,2.0
spice_mix,527,4,35,7,2.0
spice_mix,528,7,35,7,2.0
spice_mix,529,1,35,7,2.0
spice_mix,530,0,35,7,2.0
spice_mix,531,3,35,7,2.0
spice_mix,532,4,35,7,2.0
spice_mix,533,0,35,7,2.0
spice_mix,534,0,35,7,2.0
spice_mix,535,5,35,7,2.0
spice_mix,536,1,35,7,2.0
spice_mix,537,0,35,7,2.0
spice_mix,538,7,35,7,2.0
spice_mix,539,2,35,7,2.0
spice_mix,540,8,35,7,2.0
spice_mix,541,4,35,7,2.0
spice_mix,542,5,35,7,2.0
spice_mix,543,3,35,7,2.0
spice_mix,544,0,35,7,2.0
spice_mix,545,0,35,7,2.0
spice_mix,546,4,35,7,2.0
spice_mix,547,5,35,7,2.0
spice_mix,548,0,35,7,2.0
spice_mix,549,4,35,7,2.0
spice_mix,550,0,35,7,2.0
spice_mix,551,5,35,7,2.0
spice_mix,552,4,35,7,2.0
spice_mix,553,7,35,7,2.0
spice_mix,554,8,35,7,2.0
spice_mix,555,6,35,7,2.0
spice_mix,556,7,35,7,2.0
spice_mix,557,3,35,7,2.0
spice_mix,558,14,35,7,2.0
spice_mix,559,0,35,7,2.0
spice_mix,560,2,35,7,2.0
spice_mix,561,7,35,7,2.0
spice_mix,562,7,35,7,2.0
spice_mix,563,6,35,7,2.0
spice_mix,564,6,35,7,2.0
spice_mix,565,0,35,7,2.0
spice_mix,566,10,35,7,2.0
spice_mix,567,3,35,7,2.0
spice_mix,568,8,35,7,2.0
spice_mix,569,0,35,7,2.0
spice_mix,570,5,35,7,2.0
spice_mix,571,2,35,7,2.0
spice_mix,572,6,35,7,2.0
spice_mix,573,5,35,7,2.0
spice_mix,574,5,35,7,2.0
spice_mix,575,0,35,7,2.0
spice_mix,576,4,35,7,2.0
spice_mix,577,3,35,7,2.0
spice_mix,578,6,35,7,2.0
spice_mix,579,8,35,7,2.0
spice_mix,580,5,35,7,2.0
spice_mix,581,0,35,7,2.0
spice_mix,582,4,35,7,2.0
spice_mix,583,13,35,7,2.0
spice_mix,584,10,35,7,2.0
spice_mix,585,0,35,7,2.0
spice_mix,586,4,35,7,2.0
spice_mix,587,7,35,7,2.0
spice_mix,588,3,35,7,2.0
spice_mix,589,2,35,7,2.0
spice_mix,590,3,35,7,2.0
spice_mix,591,6,35,7,2.0
spice_mix,592,0,35,7,2.0
spice_mix,593,8,35,7,2.0
spice_mix,594,4,35,7,2.0
spice_mix,595,1,35,7,2.0
spice_mix,596,8,35,7,2.0
spice_mix,597,0,35,7,2.0
spice_mix,598,2,35,7,2.0
spice_mix,599,2,35,7,2.0
spice_mix,600,12,35,7,2.0
spice_mix,601,2,35,7,2.0
spice_mix,602,0,35,7,2.0
spice_mix,603,2,35,7,2.0
spice_mix,604,6,35,7,2.0
spice_mix,605,7,35,7,2.0
spice_mix,606,12,35,7,2.0
spice_mix,607,9,35,7,2.0
spice_mix,608,5,35,7,2.0
spice_mix,609,1,35,7,2.0
spice_mix,610,10,35,7,2.0
spice_mix,611,3,35,7,2.0
spice_mix,612,2,35,7,2.0
spice_mix,613,2,35,7,2.0
spice_mix,614,0,35,7,2.0
spice_mix,615,2,35,7,2.0
spice_mix,616,3,35,7,2.0
spice_mix,617,7,35,7,2.0
spice_mix,618,3,35,7,2.0
spice_mix,619,0,35,7,2.0
spice_mix,620,0,35,7,2.0
spice_mix,621,5,35,7,2.0
spice_mix,622,4,35,7,2.0
spice_mix,623,2,35,7,2.0
spice_mix,624,2,35,7,2.0
spice_mix,625,5,35,7,2.0
spice_mix,626,9,35,7,2.0
spice_mix,627,1,35,7,2.0
spice_mix,628,4,35,7,2.0
spice_mix,629,7,35,7,2.0
spice_mix,630,1,35,7,2.0
spice_mix,631,4,35,7,2.0
spice_mix,632,4,35,7,2.0
spice_mix,633,0,35,7,2.0
spice_mix,634,5,35,7,2.0
spice_mix,635,4,35,7,2.0
spice_mix,636,6,35,7,2.0
spice_mix,637,0,35,7,2.0
spice_mix,638,4,35,7,2.0
spice_mix,639,9,35,7,2.0
spice_mix,640,11,35,7,2.0
spice_mix,641,9,35,7,2.0
spice_mix,642,0,35,7,2.0
spice_mix,643,6,35,7,2.0
spice_mix,644,2,35,7,2.0
spice_mix,645,5,35,7,2.0
spice_mix,646,1,35,7,2.0
spice_mix,647,0,35,7,2.0
spice_mix,648,3,35,7,2.0
spice_mix,649,7,35,7,2.0
spice_mix,650,5,35,7,2.0
spice_mix,651,5,35,7,2.0
spice_mix,652,5,35,7,2.0
spice_mix,653,5,35,7,2.0
spice_mix,654,6,35,7,2.0
spice_mix,655,3,35,7,2.0
spice_mix,656,4,35,7,2.0
spice_mix,657,10,35,7,2.0
spice_mix,658,5,35,7,2.0
spice_mix,659,4,35,7,2.0
spice_mix,660,4,35,7,2.0
spice_mix,661,3,35,7,2.0
spice_mix,662,2,35,7,2.0
spice_mix,663,5,35,7,2.0
spice_mix,664,2,35,7,2.0
spice_mix,665,3,35,7,2.0
spice_mix,666,1,35,7,2.0
spice_mix,667,4,35,7,2.0
spice_mix,668,6,35,7,2.0
spice_mix,669,3,35,7,2.0
spice_mix,670,0,35,7,2.0
spice_mix,671,6,35,7,2.0
spice_mix,672,4,35,7,2.0
spice_mix,673,0,35,7,2.0
spice_mix,674,7,35,7,2.0
spice_mix,675,0,35,7,2.0
spice_mix,676,8,35,7,2.0
spice_mix,677,4,35,7,2.0
spice_mix,678,0,35,7,2.0
spice_mix,679,5,35,7,2.0
spice_mix,680,3,35,7,2.0
spice_mix,681,2,35,7,2.0
spice_mix,682,1,35,7,2.0
spice_mix,683,4,35,7,2.0
spice_mix,684,2,35,7,2.0
spice_mix,685,0,35,7,2.0
spice_mix,686,9,35,7,2.0
spice_mix,687,3,35,7,2.0
spice_mix,688,1,35,7,2.0
spice_mix,689,0,35,7,2.0
spice_mix,690,7,35,7,2.0
spice_mix,691,0,35,7,2.0
spice_mix,692,4,35,7,2.0
spice_mix,693,2,35,7,2.0
spice_mix,694,2,35,7,2.0
spice_mix,695,0,35,7,2.0
spice_mix,696,2,35,7,2.0
spice_mix,697,4,35,7,2.0
spice_mix,698,5,35,7,2.0
spice_mix,699,1,35,7,2.0
spice_mix,700,4,35,7,2.0
spice_mix,701,7,35,7,2.0
spice_mix,702,0,35,7,2.0
spice_mix,703,4,35,7,2.0
spice_mix,704,1,35,7,2.0
spice_mix,705,0,35,7,2.0
spice_mix,706,5,35,7,2.0
spice_mix,707,2,35,7,2.0
spice_mix,708,0,35,7,2.0
spice_mix,709,9,35,7,2.0
spice_mix,710,7,35,7,2.0
spice_mix,711,0,35,7,2.0
spice_mix,712,0,35,7,2.0
spice_mix,713,6,35,7,2.0
spice_mix,714,3,35,7,2.0
spice_mix,715,9,35,7,2.0
spice_mix,716,6,35,7,2.0
spice_mix,717,5,35,7,2.0
spice_mix,718,0,35,7,2.0
spice_mix,719,6,35,7,2.0
spice_mix,720,0,35,7,2.0
spice_mix,721,9,35,7,2.0
spice_mix,722,6,35,7,2.0
spice_mix,723,1,35,7,2.0
spice_mix,724,7,35,7,2.0
spice_mix,725,12,35,7,2.0
spice_mix,726,3,35,7,2.0
spice_mix,727,6,35,7,2.0
spice_mix,728,2,35,7,2.0
spice_mix,729,4,35,7,2.0
biscuit_pack,0,6,25,5,1.5
biscuit_pack,1,12,25,5,1.5
biscuit_pack,2,12,25,5,1.5
biscuit_pack,3,20,25,5,1.5
biscuit_pack,4,4,25,5,1.5
biscuit_pack,5,11,25,5,1.5
biscuit_pack,6,17,25,5,1.5
biscuit_pack,7,11,25,5,1.5
biscuit_pack,8,11,25,5,1.5
biscuit_pack,9,9,25,5,1.5
biscuit_pack,10,8,25,5,1.5
biscuit_pack,11,4,25,5,1.5
biscuit_pack,12,9,25,5,1.5
biscuit_pack,13,8,25,5,1.5
biscuit_pack,14,12,25,5,1.5
biscuit_pack,15,9,25,5,1.5
biscuit_pack,16,10,25,5,1.5
biscuit_pack,17,10,25,5,1.5
biscuit_pack,18,12,25,5,1.5
biscuit_pack,19,10,25,5,1.5
biscuit_pack,20,8,25,5,1.5
biscuit_pack,21,12,25,5,1.5
biscuit_pack,22,16,25,5,1.5
biscuit_pack,23,13,25,5,1.5
biscuit_pack,24,9,25,5,1.5
biscuit_pack,25,11,25,5,1.5
biscuit_pack,26,3,25,5,1.5
biscuit_pack,27,11,25,5,1.5
biscuit_pack,28,10,25,5,1.5
biscuit_pack,29,8,25,5,1.5
biscuit_pack,30,9,25,5,1.5
biscuit_pack,31,10,25,5,1.5
biscuit_pack,32,16,25,5,1.5
biscuit_pack,33,17,25,5,1.5
biscuit_pack,34,8,25,5,1.5
biscuit_pack,35,10,25,5,1.5
biscuit_pack,36,10,25,5,1.5
biscuit_pack,37,15,25,5,1.5
biscuit_pack,38,13,25,5,1.5
biscuit_pack,39,12,25,5,1.5
biscuit_pack,40,14,25,5,1.5
biscuit_pack,41,9,25,5,1.5
biscuit_pack,42,18,25,5,1.5
biscuit_pack,43,12,25,5,1.5
biscuit_pack,44,8,25,5,1.5
biscuit_pack,45,11,25,5,1.5
biscuit_pack,46,17,25,5,1.5
biscuit_pack,47,10,25,5,1.5
biscuit_pack,48,16,25,5,1.5
biscuit_pack,49,9,25,5,1.5
biscuit_pack,50,9,25,5,1.5
biscuit_pack,51,15,25,5,1.5
biscuit_pack,52,8,25,5,1.5
biscuit_pack,53,15,25,5,1.5
biscuit_pack,54,13,25,5,1.5
biscuit_pack,55,8,25,5,1.5
biscuit_pack,56,12,25,5,1.5
biscuit_pack,57,10,25,5,1.5
biscuit_pack,58,13,25,5,1.5
biscuit_pack,59,20,25,5,1.5
biscuit_pack,60,10,25,5,1.5
biscuit_pack,61,14,25,5,1.5
biscuit_pack,62,12,25,5,1.5
biscuit_pack,63,12,25,5,1.5
biscuit_pack,64,11,25,5,1.5
biscuit_pack,65,8,25,5,1.5
biscuit_pack,66,13,25,5,1.5
biscuit_pack,67,11,25,5,1.5
biscuit_pack,68,8,25,5,1.5
biscuit_pack,69,16,25,5,1.5
biscuit_pack,70,12,25,5,1.5
biscuit_pack,71,11,25,5,1.5
biscuit_pack,72,18,25,5,1.5
biscuit_pack,73,4,25,5,1.5
biscuit_pack,74,17,25,5,1.5
biscuit_pack,75,8,25,5,1.5
biscuit_pack,76,13,25,5,1.5
biscuit_pack,77,10,25,5,1.5
biscuit_pack,78,8,25,5,1.5
biscuit_pack,79,18,25,5,1.5
biscuit_pack,80,20,25,5,1.5
biscuit_pack,81,11,25,5,1.5
biscuit_pack,82,13,25,5,1.5
biscuit_pack,83,12,25,5,1.5
biscuit_pack,84,19,25,5,1.5
biscuit_pack,85,3,25,5,1.5
biscuit_pack,86,14,25,5,1.5
biscuit_pack,87,9,25,5,1.5
biscuit_pack,88,2,25,5,1.5
biscuit_pack,89,10,25,5,1.5
biscuit_pack,90,20,25,5,1.5
biscuit_pack,91,9,25,5,1.5
biscuit_pack,92,15,25,5,1.5
biscuit_pack,93,17,25,5,1.5
biscuit_pack,94,12,25,5,1.5
biscuit_pack,95,13,25,5,1.5
biscuit_pack,96,5,25,5,1.5
biscuit_pack,97,9,25,5,1.5
biscuit_pack,98,16,25,5,1.5
biscuit_pack,99,12,25,5,1.5
biscuit_pack,100,14,25,5,1.5
biscuit_pack,101,13,25,5,1.5
biscuit_pack,102,21,25,5,1.5
biscuit_pack,103,10,25,5,1.5
biscuit_pack,104,19,25,5,1.5
biscuit_pack,105,13,25,5,1.5
biscuit_pack,106,19,25,5,1.5
biscuit_pack,107,7,25,5,1.5
biscuit_pack,108,13,25,5,1.5
biscuit_pack,109,10,25,5,1.5
biscuit_pack,110,13,25,5,1.5
biscuit_pack,111,17,25,5,1.5
biscuit_pack,112,14,25,5,1.5
biscuit_pack,113,17,25,5,1.5
biscuit_pack,114,9,25,5,1.5
biscuit_pack,115,9,25,5,1.5
biscuit_pack,116,12,25,5,1.5
biscuit_pack,117,12,25,5,1.5
biscuit_pack,118,11,25,5,1.5
biscuit_pack,119,8,25,5,1.5
biscuit_pack,120,17,25,5,1.5
biscuit_pack,121,10,25,5,1.5
biscuit_pack,122,18,25,5,1.5
biscuit_pack,123,12,25,5,1.5
biscuit_pack,124,15,25,5,1.5
biscuit_pack,125,14,25,5,1.5
biscuit_pack,126,9,25,5,1.5
biscuit_pack,127,14,25,5,1.5
biscuit_pack,128,20,25,5,1.5
biscuit_pack,129,13,25,5,1.5
biscuit_pack,130,16,25,5,1.5
biscuit_pack,131,15,25,5,1.5
biscuit_pack,132,13,25,5,1.5
biscuit_pack,133,13,25,5,1.5
biscuit_pack,134,14,25,5,1.5
biscuit_pack,135,15,25,5,1.5
biscuit_pack,136,6,25,5,1.5
biscuit_pack,137,13,25,5,1.5
biscuit_pack,138,11,25,5,1.5
biscuit_pack,139,10,25,5,1.5
biscuit_pack,140,17,25,5,1.5
biscuit_pack,141,9,25,5,1.5
biscuit_pack,142,6,25,5,1.5
biscuit_pack,143,15,25,5,1.5
biscuit_pack,144,6,25,5,1.5
biscuit_pack,145,4,25,5,1.5
biscuit_pack,146,16,25,5,1.5
biscuit_pack,147,13,25,5,1.5
biscuit_pack,148,14,25,5,1.5
biscuit_pack,149,10,25,5,1.5
biscuit_pack,150,6,25,5,1.5
biscuit_pack,151,7,25,5,1.5
biscuit_pack,152,11,25,5,1.5
biscuit_pack,153,7,25,5,1.5
biscuit_pack,154,13,25,5,1.5
biscuit_pack,155,10,25,5,1.5
biscuit_pack,156,13,25,5,1.5
biscuit_pack,157,13,25,5,1.5
biscuit_pack,158,14,25,5,1.5
biscuit_pack,159,14,25,5,1.5
biscuit_pack,160,11,25,5,1.5
biscuit_pack,161,13,25,5,1.5
biscuit_pack,162,13,25,5,1.5
biscuit_pack,163,2,25,5,1.5
biscuit_pack,164,15,25,5,1.5
biscuit_pack,165,13,25,5,1.5
biscuit_pack,166,14,25,5,1.5
biscuit_pack,167,7,25,5,1.5
biscuit_pack,168,11,25,5,1.5
biscuit_pack,169,7,25,5,1.5
biscuit_pack,170,15,25,5,1.5
biscuit_pack,171,6,25,5,1.5
biscuit_pack,172,8,25,5,1.5
biscuit_pack,173,14,25,5,1.5
biscuit_pack,174,9,25,5,1.5
biscuit_pack,175,8,25,5,1.5
biscuit_pack,176,16,25,5,1.5
biscuit_pack,177,16,25,5,1.5
biscuit_pack,178,15,25,5,1.5
biscuit_pack,179,16,25,5,1.5
biscuit_pack,180,11,25,5,1.5
biscuit_pack,181,11,25,5,1.5
biscuit_pack,182,9,25,5,1.5
biscuit_pack,183,13,25,5,1.5
biscuit_pack,184,10,25,5,1.5
biscuit_pack,185,10,25,5,1.5
biscuit_pack,186,15,25,5,1.5
biscuit_pack,187,17,25,5,1.5
biscuit_pack,188,14,25,5,1.5
biscuit_pack,189,20,25,5,1.5
biscuit_pack,190,9,25,5,1.5
biscuit_pack,191,4,25,5,1.5
biscuit_pack,192,15,25,5,1.5
biscuit_pack,193,9,25,5,1.5
biscuit_pack,194,11,25,5,1.5
biscuit_pack,195,5,25,5,1.5
biscuit_pack,196,8,25,5,1.5
biscuit_pack,197,6,25,5,1.5
biscuit_pack,198,10,25,5,1.5
biscuit_pack,199,10,25,5,1.5
biscuit_pack,200,12,25,5,1.5
biscuit_pack,201,17,25,5,1.5
biscuit_pack,202,15,25,5,1.5
biscuit_pack,203,5,25,5,1.5
biscuit_pack,204,15,25,5,1.5
biscuit_pack,205,12,25,5,1.5
biscuit_pack,206,12,25,5,1.5
biscuit_pack,207,12,25,5,1.5
biscuit_pack,208,13,25,5,1.5
biscuit_pack,209,9,25,5,1.5
biscuit_pack,210,11,25,5,1.5
biscuit_pack,211,17,25,5,1.5
biscuit_pack,212,9,25,5,1.5
biscuit_pack,213,8,25,5,1.5
biscuit_pack,214,12,25,5,1.5
biscuit_pack,215,7,25,5,1.5
biscuit_pack,216,5,25,5,1.5
biscuit_pack,217,11,25,5,1.5
biscuit_pack,218,18,25,5,1.5
biscuit_pack,219,12,25,5,1.5
biscuit_pack,220,13,25,5,1.5
biscuit_pack,221,3,25,5,1.5
biscuit_pack,222,14,25,5,1.5
biscuit_pack,223,12,25,5,1.5
biscuit_pack,224,9,25,5,1.5
biscuit_pack,225,13,25,5,1.5
biscuit_pack,226,13,25,5,1.5
biscuit_pack,227,8,25,5,1.5
biscuit_pack,228,13,25,5,1.5
biscuit_pack,229,17,25,5,1.5
biscuit_pack,230,11,25,5,1.5
biscuit_pack,231,8,25,5,1.5
biscuit_pack,232,11,25,5,1.5
biscuit_pack,233,16,25,5,1.5
biscuit_pack,234,7,25,5,1.5
biscuit_pack,235,14,25,5,1.5
biscuit_pack,236,9,25,5,1.5
biscuit_pack,237,13,25,5,1.5
biscuit_pack,238,10,25,5,1.5
biscuit_pack,239,10,25,5,1.5
biscuit_pack,240,18,25,5,1.5
biscuit_pack,241,6,25,5,1.5
biscuit_pack,242,14,25,5,1.5
biscuit_pack,243,19,25,5,1.5
biscuit_pack,244,15,25,5,1.5
biscuit_pack,245,6,25,5,1.5
biscuit_pack,246,7,25,5,1.5
biscuit_pack,247,9,25,5,1.5
biscuit_pack,248,13,25,5,1.5
biscuit_pack,249,13,25,5,1.5
biscuit_pack,250,7,25,5,1.5
biscuit_pack,251,8,25,5,1.5
biscuit_pack,252,9,25,5,1.5
biscuit_pack,253,11,25,5,1.5
biscuit_pack,254,20,25,5,1.5
biscuit_pack,255,8,25,5,1.5
biscuit_pack,256,8,25,5,1.5
biscuit_pack,257,7,25,5,1.5
biscuit_pack,258,15,25,5,1.5
biscuit_pack,259,12,25,5,1.5
biscuit_pack,260,8,25,5,1.5
biscuit_pack,261,10,25,5,1.5
biscuit_pack,262,9,25,5,1.5
biscuit_pack,263,13,25,5,1.5
biscuit_pack,264,23,25,5,1.5
biscuit_pack,265,14,25,5,1.5
biscuit_pack,266,12,25,5,1.5
biscuit_pack,267,9,25,5,1.5
biscuit_pack,268,6,25,5,1.5
biscuit_pack,269,15,25,5,1.5
biscuit_pack,270,15,25,5,1.5
biscuit_pack,271,10,25,5,1.5
biscuit_pack,272,17,25,5,1.5
biscuit_pack,273,12,25,5,1.5
biscuit_pack,274,15,25,5,1.5
biscuit_pack,275,13,25,5,1.5
biscuit_pack,276,11,25,5,1.5
biscuit_pack,277,8,25,5,1.5
biscuit_pack,278,11,25,5,1.5
biscuit_pack,279,16,25,5,1.5
biscuit_pack,280,10,25,5,1.5
biscuit_pack,281,14,25,5,1.5
biscuit_pack,282,7,25,5,1.5
biscuit_pack,283,15,25,5,1.5
biscuit_pack,284,13,25,5,1.5
biscuit_pack,285,7,25,5,1.5
biscuit_pack,286,11,25,5,1.5
biscuit_pack,287,16,25,5,1.5
biscuit_pack,288,7,25,5,1.5
biscuit_pack,289,8,25,5,1.5
biscuit_pack,290,12,25,5,1.5
biscuit_pack,291,21,25,5,1.5
biscuit_pack,292,9,25,5,1.5
biscuit_pack,293,14,25,5,1.5
biscuit_pack,294,13,25,5,1.5
biscuit_pack,295,10,25,5,1.5
biscuit_pack,296,13,25,5,1.5
biscuit_pack,297,10,25,5,1.5
biscuit_pack,298,10,25,5,1.5
biscuit_pack,299,5,25,5,1.5
biscuit_pack,300,12,25,5,1.5
biscuit_pack,301,16,25,5,1.5
biscuit_pack,302,12,25,5,1.5
biscuit_pack,303,17,25,5,1.5
biscuit_pack,304,14,25,5,1.5
biscuit_pack,305,12,25,5,1.5
biscuit_pack,306,9,25,5,1.5
biscuit_pack,307,10,25,5,1.5
biscuit_pack,308,6,25,5,1.5
biscuit_pack,309,11,25,5,1.5
biscuit_pack,310,13,25,5,1.5
biscuit_pack,311,19,25,5,1.5
biscuit_pack,312,14,25,5,1.5
biscuit_pack,313,8,25,5,1.5
biscuit_pack,314,6,25,5,1.5
biscuit_pack,315,11,25,5,1.5
biscuit_pack,316,15,25,5,1.5
biscuit_pack,317,11,25,5,1.5
biscuit_pack,318,14,25,5,1.5
biscuit_pack,319,11,25,5,1.5
biscuit_pack,320,15,25,5,1.5
biscuit_pack,321,5,25,5,1.5
biscuit_pack,322,19,25,5,1.5
biscuit_pack,323,7,25,5,1.5
biscuit_pack,324,15,25,5,1.5
biscuit_pack,325,11,25,5,1.5
biscuit_pack,326,12,25,5,1.5
biscuit_pack,327,11,25,5,1.5
biscuit_pack,328,13,25,5,1.5
biscuit_pack,329,14,25,5,1.5
biscuit_pack,330,16,25,5,1.5
biscuit_pack,331,18,25,5,1.5
biscuit_pack,332,13,25,5,1.5
biscuit_pack,333,19,25,5,1.5
biscuit_pack,334,12,25,5,1.5
biscuit_pack,335,17,25,5,1.5
biscuit_pack,336,14,25,5,1.5
biscuit_pack,337,10,25,5,1.5
biscuit_pack,338,13,25,5,1.5
biscuit_pack,339,14,25,5,1.5
biscuit_pack,340,12,25,5,1.5
biscuit_pack,341,14,25,5,1.5
biscuit_pack,342,16,25,5,1.5
biscuit_pack,343,12,25,5,1.5
biscuit_pack,344,0,25,5,1.5
biscuit_pack,345,19,25,5,1.5
biscuit_pack,346,11,25,5,1.5
biscuit_pack,347,9,25,5,1.5
biscuit_pack,348,7,25,5,1.5
biscuit_pack,349,11,25,5,1.5
biscuit_pack,350,10,25,5,1.5
biscuit_pack,351,9,25,5,1.5
biscuit_pack,352,9,25,5,1.5
biscuit_pack,353,14,25,5,1.5
biscuit_pack,354,21,25,5,1.5
biscuit_pack,355,15,25,5,1.5
biscuit_pack,356,17,25,5,1.5
biscuit_pack,357,10,25,5,1.5
biscuit_pack,358,12,25,5,1.5
biscuit_pack,359,14,25,5,1.5
biscuit_pack,360,9,25,5,1.5
biscuit_pack,361,10,25,5,1.5
biscuit_pack,362,16,25,5,1.5
biscuit_pack,363,17,25,5,1.5
biscuit_pack,364,12,25,5,1.5
biscuit_pack,365,7,25,5,1.5
biscuit_pack,366,11,25,5,1.5
biscuit_pack,367,6,25,5,1.5
biscuit_pack,368,12,25,5,1.5
biscuit_pack,369,13,25,5,1.5
biscuit_pack,370,11,25,5,1.5
biscuit_pack,371,13,25,5,1.5
biscuit_pack,372,14,25,5,1.5
biscuit_pack,373,13,25,5,1.5
biscuit_pack,374,7,25,5,1.5
biscuit_pack,375,11,25,5,1.5
biscuit_pack,376,14,25,5,1.5
biscuit_pack,377,19,25,5,1.5
biscuit_pack,378,11,25,5,1.5
biscuit_pack,379,14,25,5,1.5
biscuit_pack,380,16,25,5,1.5
biscuit_pack,381,11,25,5,1.5
biscuit_pack,382,17,25,5,1.5
biscuit_pack,383,17,25,5,1.5
biscuit_pack,384,18,25,5,1.5
biscuit_pack,385,14,25,5,1.5
biscuit_pack,386,22,25,5,1.5
biscuit_pack,387,9,25,5,1.5
biscuit_pack,388,21,25,5,1.5
biscuit_pack,389,15,25,5,1.5
biscuit_pack,390,18,25,5,1.5
biscuit_pack,391,11,25,5,1.5
biscuit_pack,392,16,25,5,1.5
biscuit_pack,393,18,25,5,1.5
biscuit_pack,394,7,25,5,1.5
biscuit_pack,395,11,25,5,1.5
biscuit_pack,396,3,25,5,1.5
biscuit_pack,397,11,25,5,1.5
biscuit_pack,398,9,25,5,1.5
biscuit_pack,399,11,25,5,1.5
biscuit_pack,400,24,25,5,1.5
biscuit_pack,401,19,25,5,1.5
biscuit_pack,402,6,25,5,1.5
biscuit_pack,403,14,25,5,1.5
biscuit_pack,404,15,25,5,1.5
biscuit_pack,405,11,25,5,1.5
biscuit_pack,406,13,25,5,1.5
biscuit_pack,407,13,25,5,1.5
biscuit_pack,408,6,25,5,1.5
biscuit_pack,409,8,25,5,1.5
biscuit_pack,410,13,25,5,1.5
biscuit_pack,411,12,25,5,1.5
biscuit_pack,412,9,25,5,1.5
biscuit_pack,413,9,25,5,1.5
biscuit_pack,414,12,25,5,1.5
biscuit_pack,415,16,25,5,1.5
biscuit_pack,416,12,25,5,1.5
biscuit_pack,417,19,25,5,1.5
biscuit_pack,418,9,25,5,1.5
biscuit_pack,419,13,25,5,1.5
biscuit_pack,420,11,25,5,1.5
biscuit_pack,421,14,25,5,1.5
biscuit_pack,422,9,25,5,1.5
biscuit_pack,423,20,25,5,1.5
biscuit_pack,424,5,25,5,1.5
biscuit_pack,425,19,25,5,1.5
biscuit_pack,426,12,25,5,1.5
biscuit_pack,427,14,25,5,1.5
biscuit_pack,428,18,25,5,1.5
biscuit_pack,429,16,25,5,1.5
biscuit_pack,430,9,25,5,1.5
biscuit_pack,431,15,25,5,1.5
biscuit_pack,432,20,25,5,1.5
biscuit_pack,433,8,25,5,1.5
biscuit_pack,434,21,25,5,1.5
biscuit_pack,435,14,25,5,1.5
biscuit_pack,436,10,25,5,1.5
biscuit_pack,437,8,25,5,1.5
biscuit_pack,438,11,25,5,1.5
biscuit_pack,439,4,25,5,1.5
biscuit_pack,440,10,25,5,1.5
biscuit_pack,441,11,25,5,1.5
biscuit_pack,442,7,25,5,1.5
biscuit_pack,443,15,25,5,1.5
biscuit_pack,444,11,25,5,1.5
biscuit_pack,445,9,25,5,1.5
biscuit_pack,446,11,25,5,1.5
biscuit_pack,447,13,25,5,1.5
biscuit_pack,448,12,25,5,1.5
biscuit_pack,449,9,25,5,1.5
biscuit_pack,450,13,25,5,1.5
biscuit_pack,451,12,25,5,1.5
biscuit_pack,452,7,25,5,1.5
biscuit_pack,453,11,25,5,1.5
biscuit_pack,454,14,25,5,1.5
biscuit_pack,455,14,25,5,1.5
biscuit_pack,456,11,25,5,1.5
biscuit_pack,457,15,25,5,1.5
biscuit_pack,458,8,25,5,1.5
biscuit_pack,459,8,25,5,1.5
biscuit_pack,460,11,25,5,1.5
biscuit_pack,461,18,25,5,1.5
biscuit_pack,462,13,25,5,1.5
biscuit_pack,463,11,25,5,1.5
biscuit_pack,464,18,25,5,1.5
biscuit_pack,465,11,25,5,1.5
biscuit_pack,466,21,25,5,1.5
biscuit_pack,467,10,25,5,1.5
biscuit_pack,468,8,25,5,1.5
biscuit_pack,469,11,25,5,1.5
biscuit_pack,470,11,25,5,1.5
biscuit_pack,471,9,25,5,1.5
biscuit_pack,472,23,25,5,1.5
biscuit_pack,473,13,25,5,1.5
biscuit_pack,474,14,25,5,1.5
biscuit_pack,475,10,25,5,1.5
biscuit_pack,476,10,25,5,1.5
biscuit_pack,477,16,25,5,1.5
biscuit_pack,478,5,25,5,1.5
biscuit_pack,479,7,25,5,1.5
biscuit_pack,480,11,25,5,1.5
biscuit_pack,481,18,25,5,1.5
biscuit_pack,482,10,25,5,1.5
biscuit_pack,483,14,25,5,1.5
biscuit_pack,484,12,25,5,1.5
biscuit_pack,485,17,25,5,1.5
biscuit_pack,486,5,25,5,1.5
biscuit_pack,487,15,25,5,1.5
biscuit_pack,488,11,25,5,1.5
biscuit_pack,489,16,25,5,1.5
biscuit_pack,490,9,25,5,1.5
biscuit_pack,491,12,25,5,1.5
biscuit_pack,492,12,25,5,1.5
biscuit_pack,493,8,25,5,1.5
biscuit_pack,494,7,25,5,1.5
biscuit_pack,495,10,25,5,1.5
biscuit_pack,496,13,25,5,1.5
biscuit_pack,497,9,25,5,1.5
biscuit_pack,498,11,25,5,1.5
biscuit_pack,499,4,25,5,1.5
biscuit_pack,500,10,25,5,1.5
biscuit_pack,501,16,25,5,1.5
biscuit_pack,502,15,25,5,1.5
biscuit_pack,503,12,25,5,1.5
biscuit_pack,504,13,25,5,1.5
biscuit_pack,505,9,25,5,1.5
biscuit_pack,506,19,25,5,1.5
biscuit_pack,507,21,25,5,1.5
biscuit_pack,508,13,25,5,1.5
biscuit_pack,509,23,25,5,1.5
biscuit_pack,510,9,25,5,1.5
biscuit_pack,511,7,25,5,1.5
biscuit_pack,512,9,25,5,1.5
biscuit_pack,513,11,25,5,1.5
biscuit_pack,514,22,25,5,1.5
biscuit_pack,515,11,25,5,1.5
biscuit_pack,516,8,25,5,1.5
biscuit_pack,517,8,25,5,1.5
biscuit_pack,518,17,25,5,1.5
biscuit_pack,519,16,25,5,1.5
biscuit_pack,520,10,25,5,1.5
biscuit_pack,521,4,25,5,1.5
biscuit_pack,522,7,25,5,1.5
biscuit_pack,523,19,25,5,1.5
biscuit_pack,524,15,25,5,1.5
biscuit_pack,525,12,25,5,1.5
biscuit_pack,526,20,25,5,1.5
biscuit_pack,527,20,25,5,1.5
biscuit_pack,528,12,25,5,1.5
biscuit_pack,529,12,25,5,1.5
biscuit_pack,530,10,25,5,1.5
biscuit_pack,531,11,25,5,1.5
biscuit_pack,532,6,25,5,1.5
biscuit_pack,533,6,25,5,1.5
biscuit_pack,534,5,25,5,1.5
biscuit_pack,535,17,25,5,1.5
biscuit_pack,536,5,25,5,1.5
biscuit_pack,537,20,25,5,1.5
biscuit_pack,538,9,25,5,1.5
biscuit_pack,539,19,25,5,1.5
biscuit_pack,540,10,25,5,1.5
biscuit_pack,541,5,25,5,1.5
biscuit_pack,542,17,25,5,1.5
biscuit_pack,543,18,25,5,1.5
biscuit_pack,544,8,25,5,1.5
biscuit_pack,545,11,25,5,1.5
biscuit_pack,546,8,25,5,1.5
biscuit_pack,547,11,25,5,1.5
biscuit_pack,548,12,25,5,1.5
biscuit_pack,549,11,25,5,1.5
biscuit_pack,550,4,25,5,1.5
biscuit_pack,551,10,25,5,1.5
biscuit_pack,552,15,25,5,1.5
biscuit_pack,553,11,25,5,1.5
biscuit_pack,554,11,25,5,1.5
biscuit_pack,555,8,25,5,1.5
biscuit_pack,556,9,25,5,1.5
biscuit_pack,557,18,25,5,1.5
biscuit_pack,558,7,25,5,1.5
biscuit_pack,559,15,25,5,1.5
biscuit_pack,560,12,25,5,1.5
biscuit_pack,561,13,25,5,1.5
biscuit_pack,562,9,25,5,1.5
biscuit_pack,563,11,25,5,1.5
biscuit_pack,564,12,25,5,1.5
biscuit_pack,565,10,25,5,1.5
biscuit_pack,566,13,25,5,1.5
biscuit_pack,567,14,25,5,1.5
biscuit_pack,568,21,25,5,1.5
biscuit_pack,569,13,25,5,1.5
biscuit_pack,570,4,25,5,1.5
biscuit_pack,571,17,25,5,1.5
biscuit_pack,572,11,25,5,1.5
biscuit_pack,573,20,25,5,1.5
biscuit_pack,574,18,25,5,1.5
biscuit_pack,575,10,25,5,1.5
biscuit_pack,576,15,25,5,1.5
biscuit_pack,577,10,25,5,1.5
biscuit_pack,578,12,25,5,1.5
biscuit_pack,579,15,25,5,1.5
biscuit_pack,580,17,25,5,1.5
biscuit_pack,581,16,25,5,1.5
biscuit_pack,582,12,25,5,1.5
biscuit_pack,583,22,25,5,1.5
biscuit_pack,584,10,25,5,1.5
biscuit_pack,585,5,25,5,1.5
biscuit_pack,586,6,25,5,1.5
biscuit_pack,587,18,25,5,1.5
biscuit_pack,588,12,25,5,1.5
biscuit_pack,589,13,25,5,1.5
biscuit_pack,590,10,25,5,1.5
biscuit_pack,591,10,25,5,1.5
biscuit_pack,592,9,25,5,1.5
biscuit_pack,593,14,25,5,1.5
biscuit_pack,594,12,25,5,1.5
biscuit_pack,595,14,25,5,1.5
biscuit_pack,596,13,25,5,1.5
biscuit_pack,597,10,25,5,1.5
biscuit_pack,598,6,25,5,1.5
biscuit_pack,599,6,25,5,1.5
biscuit_pack,600,25,25,5,1.5
biscuit_pack,601,18,25,5,1.5
biscuit_pack,602,18,25,5,1.5
biscuit_pack,603,9,25,5,1.5
biscuit_pack,604,12,25,5,1.5
biscuit_pack,605,9,25,5,1.5
biscuit_pack,606,6,25,5,1.5
biscuit_pack,607,10,25,5,1.5
biscuit_pack,608,18,25,5,1.5
biscuit_pack,609,16,25,5,1.5
biscuit_pack,610,8,25,5,1.5
biscuit_pack,611,11,25,5,1.5
biscuit_pack,612,15,25,5,1.5
biscuit_pack,613,10,25,5,1.5
biscuit_pack,614,12,25,5,1.5
biscuit_pack,615,14,25,5,1.5
biscuit_pack,616,14,25,5,1.5
biscuit_pack,617,13,25,5,1.5
biscuit_pack,618,9,25,5,1.5
biscuit_pack,619,10,25,5,1.5
biscuit_pack,620,7,25,5,1.5
biscuit_pack,621,5,25,5,1.5
biscuit_pack,622,12,25,5,1.5
biscuit_pack,623,15,25,5,1.5
biscuit_pack,624,6,25,5,1.5
biscuit_pack,625,13,25,5,1.5
biscuit_pack,626,15,25,5,1.5
biscuit_pack,627,4,25,5,1.5
biscuit_pack,628,11,25,5,1.5
biscuit_pack,629,19,25,5,1.5
biscuit_pack,630,14,25,5,1.5
biscuit_pack,631,4,25,5,1.5
biscuit_pack,632,15,25,5,1.5
biscuit_pack,633,9,25,5,1.5
biscuit_pack,634,15,25,5,1.5
biscuit_pack,635,9,25,5,1.5
biscuit_pack,636,12,25,5,1.5
biscuit_pack,637,10,25,5,1.5
biscuit_pack,638,12,25,5,1.5
biscuit_pack,639,10,25,5,1.5
biscuit_pack,640,11,25,5,1.5
biscuit_pack,641,7,25,5,1.5
biscuit_pack,642,14,25,5,1.5
biscuit_pack,643,13,25,5,1.5
biscuit_pack,644,5,25,5,1.5
biscuit_pack,645,16,25,5,1.5
biscuit_pack,646,11,25,5,1.5
biscuit_pack,647,13,25,5,1.5
biscuit_pack,648,15,25,5,1.5
biscuit_pack,649,13,25,5,1.5
biscuit_pack,650,17,25,5,1.5
biscuit_pack,651,11,25,5,1.5
biscuit_pack,652,16,25,5,1.5
biscuit_pack,653,13,25,5,1.5
biscuit_pack,654,14,25,5,1.5
biscuit_pack,655,14,25,5,1.5
biscuit_pack,656,17,25,5,1.5
biscuit_pack,657,15,25,5,1.5
biscuit_pack,658,10,25,5,1.5
biscuit_pack,659,9,25,5,1.5
biscuit_pack,660,12,25,5,1.5
biscuit_pack,661,9,25,5,1.5
biscuit_pack,662,8,25,5,1.5
biscuit_pack,663,3,25,5,1.5
biscuit_pack,664,5,25,5,1.5
biscuit_pack,665,20,25,5,1.5
biscuit_pack,666,9,25,5,1.5
biscuit_pack,667,20,25,5,1.5
biscuit_pack,668,14,25,5,1.5
biscuit_pack,669,12,25,5,1.5
biscuit_pack,670,6,25,5,1.5
biscuit_pack,671,12,25,5,1.5
biscuit_pack,672,20,25,5,1.5
biscuit_pack,673,19,25,5,1.5
biscuit_pack,674,13,25,5,1.5
biscuit_pack,675,7,25,5,1.5
biscuit_pack,676,8,25,5,1.5
biscuit_pack,677,8,25,5,1.5
biscuit_pack,678,17,25,5,1.5
biscuit_pack,679,19,25,5,1.5
biscuit_pack,680,13,25,5,1.5
biscuit_pack,681,11,25,5,1.5
biscuit_pack,682,19,25,5,1.5
biscuit_pack,683,8,25,5,1.5
biscuit_pack,684,12,25,5,1.5
biscuit_pack,685,14,25,5,1.5
biscuit_pack,686,8,25,5,1.5
biscuit_pack,687,9,25,5,1.5
biscuit_pack,688,9,25,5,1.5
biscuit_pack,689,18,25,5,1.5
biscuit_pack,690,20,25,5,1.5
biscuit_pack,691,12,25,5,1.5
biscuit_pack,692,11,25,5,1.5
biscuit_pack,693,9,25,5,1.5
biscuit_pack,694,12,25,5,1.5
biscuit_pack,695,10,25,5,1.5
biscuit_pack,696,12,25,5,1.5
biscuit_pack,697,14,25,5,1.5
biscuit_pack,698,10,25,5,1.5
biscuit_pack,699,11,25,5,1.5
biscuit_pack,700,11,25,5,1.5
biscuit_pack,701,11,25,5,1.5
biscuit_pack,702,10,25,5,1.5
biscuit_pack,703,15,25,5,1.5
biscuit_pack,704,5,25,5,1.5
biscuit_pack,705,19,25,5,1.5
biscuit_pack,706,13,25,5,1.5
biscuit_pack,707,15,25,5,1.5
biscuit_pack,708,15,25,5,1.5
biscuit_pack,709,9,25,5,1.5
biscuit_pack,710,8,25,5,1.5
biscuit_pack,711,8,25,5,1.5
biscuit_pack,712,11,25,5,1.5
biscuit_pack,713,15,25,5,1.5
biscuit_pack,714,10,25,5,1.5
biscuit_pack,715,15,25,5,1.5
biscuit_pack,716,2,25,5,1.5
biscuit_pack,717,10,25,5,1.5
biscuit_pack,718,17,25,5,1.5
biscuit_pack,719,11,25,5,1.5
biscuit_pack,720,9,25,5,1.5
biscuit_pack,721,9,25,5,1.5
biscuit_pack,722,0,25,5,1.5
biscuit_pack,723,8,25,5,1.5
biscuit_pack,724,16,25,5,1.5
biscuit_pack,725,10,25,5,1.5
biscuit_pack,726,10,25,5,1.5
biscuit_pack,727,2,25,5,1.5
biscuit_pack,728,5,25,5,1.5
biscuit_pack,729,17,25,5,1.5
soap_bar,0,11,20,5,1.0
soap_bar,1,7,20,5,1.0
soap_bar,2,9,20,5,1.0
soap_bar,3,10,20,5,1.0
soap_bar,4,8,20,5,1.0
soap_bar,5,6,20,5,1.0
soap_bar,6,10,20,5,1.0
soap_bar,7,11,20,5,1.0
soap_bar,8,11,20,5,1.0
soap_bar,9,12,20,5,1.0
soap_bar,10,7,20,5,1.0
soap_bar,11,10,20,5,1.0
soap_bar,12,9,20,5,1.0
soap_bar,13,10,20,5,1.0
soap_bar,14,10,20,5,1.0
soap_bar,15,9,20,5,1.0
soap_bar,16,4,20,5,1.0
soap_bar,17,12,20,5,1.0
soap_bar,18,11,20,5,1.0
soap_bar,19,7,20,5,1.0
soap_bar,20,11,20,5,1.0
soap_bar,21,9,20,5,1.0
soap_bar,22,9,20,5,1.0
soap_bar,23,8,20,5,1.0
soap_bar,24,11,20,5,1.0
soap_bar,25,8,20,5,1.0
soap_bar,26,8,20,5,1.0
soap_bar,27,12,20,5,1.0
soap_bar,28,10,20,5,1.0
soap_bar,29,10,20,5,1.0
soap_bar,30,11,20,5,1.0
soap_bar,31,9,20,5,1.0
soap_bar,32,9,20,5,1.0
soap_bar,33,11,20,5,1.0
soap_bar,34,7,20,5,1.0
soap_bar,35,10,20,5,1.0
soap_bar,36,8,20,5,1.0
soap_bar,37,12,20,5,1.0
soap_bar,38,11,20,5,1.0
soap_bar,39,11,20,5,1.0
soap_bar,40,7,20,5,1.0
soap_bar,41,10,20,5,1.0
soap_bar,42,8,20,5,1.0
soap_bar,43,10,20,5,1.0
soap_bar,44,5,20,5,1.0
soap_bar,45,7,20,5,1.0
soap_bar,46,12,20,5,1.0
soap_bar,47,11,20,5,1.0
soap_bar,48,9,20,5,1.0
soap_bar,49,8,20,5,1.0
soap_bar,50,8,20,5,1.0
soap_bar,51,10,20,5,1.0
soap_bar,52,9,20,5,1.0
soap_bar,53,13,20,5,1.0
soap_bar,54,10,20,5,1.0
soap_bar,55,10,20,5,1.0
soap_bar,56,7,20,5,1.0
soap_bar,57,9,20,5,1.0
soap_bar,58,10,20,5,1.0
soap_bar,59,9,20,5,1.0
soap_bar,60,9,20,5,1.0
soap_bar,61,11,20,5,1.0
soap_bar,62,13,20,5,1.0
soap_bar,63,10,20,5,1.0
soap_bar,64,12,20,5,1.0
soap_bar,65,11,20,5,1.0
soap_bar,66,12,20,5,1.0
soap_bar,67,9,20,5,1.0
soap_bar,68,10,20,5,1.0
soap_bar,69,10,20,5,1.0
soap_bar,70,11,20,5,1.0
soap_bar,71,12,20,5,1.0
soap_bar,72,10,20,5,1.0
soap_bar,73,12,20,5,1.0
soap_bar,74,9,20,5,1.0
soap_bar,75,12,20,5,1.0
soap_bar,76,12,20,5,1.0
soap_bar,77,11,20,5,1.0
soap_bar,78,10,20,5,1.0
soap_bar,79,11,20,5,1.0
soap_bar,80,8,20,5,1.0
soap_bar,81,10,20,5,1.0
soap_bar,82,11,20,5,1.0
soap_bar,83,7,20,5,1.0
soap_bar,84,11,20,5,1.0
soap_bar,85,8,20,5,1.0
soap_bar,86,9,20,5,1.0
soap_bar,87,10,20,5,1.0
soap_bar,88,9,20,5,1.0
soap_bar,89,10,20,5,1.0
soap_bar,90,10,20,5,1.0
soap_bar,91,8,20,5,1.0
soap_bar,92,11,20,5,1.0
soap_bar,93,8,20,5,1.0
soap_bar,94,15,20,5,1.0
soap_bar,95,10,20,5,1.0
soap_bar,96,8,20,5,1.0
soap_bar,97,8,20,5,1.0
soap_bar,98,12,20,5,1.0
soap_bar,99,9,20,5,1.0
soap_bar,100,7,20,5,1.0
soap_bar,101,12,20,5,1.0
soap_bar,102,9,20,5,1.0
soap_bar,103,11,20,5,1.0
soap_bar,104,12,20,5,1.0
soap_bar,105,11,20,5,1.0
soap_bar,106,15,20,5,1.0
soap_bar,107,7,20,5,1.0
soap_bar,108,8,20,5,1.0
soap_bar,109,9,20,5,1.0
soap_bar,110,15,20,5,1.0
soap_bar,111,14,20,5,1.0
soap_bar,112,13,20,5,1.0
soap_bar,113,8,20,5,1.0
soap_bar,114,9,20,5,1.0
soap_bar,115,8,20,5,1.0
soap_bar,116,8,20,5,1.0
soap_bar,117,13,20,5,1.0
soap_bar,118,10,20,5,1.0
soap_bar,119,10,20,5,1.0
soap_bar,120,12,20,5,1.0
soap_bar,121,7,20,5,1.0
soap_bar,122,10,20,5,1.0
soap_bar,123,8,20,5,1.0
soap_bar,124,9,20,5,1.0
soap_bar,125,9,20,5,1.0
soap_bar,126,9,20,5,1.0
soap_bar,127,10,20,5,1.0
soap_bar,128,10,20,5,1.0
soap_bar,129,10,20,5,1.0
soap_bar,130,11,20,5,1.0
soap_bar,131,8,20,5,1.0
soap_bar,132,11,20,5,1.0
soap_bar,133,10,20,5,1.0
soap_bar,134,9,20,5,1.0
soap_bar,135,8,20,5,1.0
soap_bar,136,10,20,5,1.0
soap_bar,137,14,20,5,1.0
soap_bar,138,10,20,5,1.0
soap_bar,139,8,20,5,1.0
soap_bar,140,12,20,5,1.0
soap_bar,141,9,20,5,1.0
soap_bar,142,11,20,5,1.0
soap_bar,143,9,20,5,1.0
soap_bar,144,13,20,5,1.0
soap_bar,145,9,20,5,1.0
soap_bar,146,13,20,5,1.0
soap_bar,147,8,20,5,1.0
soap_bar,148,9,20,5,1.0
soap_bar,149,13,20,5,1.0
soap_bar,150,10,20,5,1.0
soap_bar,151,15,20,5,1.0
soap_bar,152,9,20,5,1.0
soap_bar,153,11,20,5,1.0
soap_bar,154,14,20,5,1.0
soap_bar,155,7,20,5,1.0
soap_bar,156,7,20,5,1.0
soap_bar,157,8,20,5,1.0
soap_bar,158,12,20,5,1.0
soap_bar,159,7,20,5,1.0
soap_bar,160,11,20,5,1.0
soap_bar,161,11,20,5,1.0
soap_bar,162,14,20,5,1.0
soap_bar,163,12,20,5,1.0
soap_bar,164,11,20,5,1.0
soap_bar,165,13,20,5,1.0
soap_bar,166,11,20,5,1.0
soap_bar,167,9,20,5,1.0
soap_bar,168,8,20,5,1.0
soap_bar,169,9,20,5,1.0
soap_bar,170,10,20,5,1.0
soap_bar,171,10,20,5,1.0
soap_bar,172,6,20,5,1.0
soap_bar,173,10,20,5,1.0
soap_bar,174,10,20,5,1.0
soap_bar,175,11,20,5,1.0
soap_bar,176,13,20,5,1.0
soap_bar,177,10,20,5,1.0
soap_bar,178,8,20,5,1.0
soap_bar,179,6,20,5,1.0
soap_bar,180,11,20,5,1.0
soap_bar,181,8,20,5,1.0
soap_bar,182,12,20,5,1.0
soap_bar,183,13,20,5,1.0
soap_bar,184,7,20,5,1.0
soap_bar,185,11,20,5,1.0
soap_bar,186,13,20,5,1.0
soap_bar,187,12,20,5,1.0
soap_bar,188,6,20,5,1.0
soap_bar,189,8,20,5,1.0
soap_bar,190,7,20,5,1.0
soap_bar,191,11,20,5,1.0
soap_bar,192,11,20,5,1.0
soap_bar,193,5,20,5,1.0
soap_bar,194,9,20,5,1.0
soap_bar,195,12,20,5,1.0
soap_bar,196,10,20,5,1.0
soap_bar,197,10,20,5,1.0
soap_bar,198,9,20,5,1.0
soap_bar,199,8,20,5,1.0
soap_bar,200,10,20,5,1.0
soap_bar,201,10,20,5,1.0
soap_bar,202,11,20,5,1.0
soap_bar,203,11,20,5,1.0
soap_bar,204,10,20,5,1.0
soap_bar,205,12,20,5,1.0
soap_bar,206,9,20,5,1.0
soap_bar,207,7,20,5,1.0
soap_bar,208,11,20,5,1.0
soap_bar,209,10,20,5,1.0
soap_bar,210,11,20,5,1.0
soap_bar,211,7,20,5,1.0
soap_bar,212,14,20,5,1.0
soap_bar,213,11,20,5,1.0
soap_bar,214,9,20,5,1.0
soap_bar,215,8,20,5,1.0
soap_bar,216,12,20,5,1.0
soap_bar,217,8,20,5,1.0
soap_bar,218,15,20,5,1.0
soap_bar,219,9,20,5,1.0
soap_bar,220,13,20,5,1.0
soap_bar,221,10,20,5,1.0
soap_bar,222,13,20,5,1.0
soap_bar,223,9,20,5,1.0
soap_bar,224,10,20,5,1.0
soap_bar,225,12,20,5,1.0
soap_bar,226,11,20,5,1.0
soap_bar,227,12,20,5,1.0
soap_bar,228,9,20,5,1.0
soap_bar,229,10,20,5,1.0
soap_bar,230,12,20,5,1.0
soap_bar,231,9,20,5,1.0
soap_bar,232,11,20,5,1.0
soap_bar,233,10,20,5,1.0
soap_bar,234,10,20,5,1.0
soap_bar,235,10,20,5,1.0
soap_bar,236,8,20,5,1.0
soap_bar,237,9,20,5,1.0
soap_bar,238,10,20,5,1.0
soap_bar,239,10,20,5,1.0
soap_bar,240,13,20,5,1.0
soap_bar,241,12,20,5,1.0
soap_bar,242,11,20,5,1.0
soap_bar,243,8,20,5,1.0
soap_bar,244,8,20,5,1.0
soap_bar,245,14,20,5,1.0
soap_bar,246,8,20,5,1.0
soap_bar,247,10,20,5,1.0
soap_bar,248,11,20,5,1.0
soap_bar,249,9,20,5,1.0
soap_bar,250,8,20,5,1.0
soap_bar,251,8,20,5,1.0
soap_bar,252,9,20,5,1.0
soap_bar,253,9,20,5,1.0
soap_bar,254,13,20,5,1.0
soap_bar,255,10,20,5,1.0
soap_bar,256,9,20,5,1.0
soap_bar,257,10,20,5,1.0
soap_bar,258,11,20,5,1.0
soap_bar,259,9,20,5,1.0
soap_bar,260,12,20,5,1.0
soap_bar,261,7,20,5,1.0
soap_bar,262,12,20,5,1.0
soap_bar,263,10,20,5,1.0
soap_bar,264,10,20,5,1.0
soap_bar,265,9,20,5,1.0
soap_bar,266,8,20,5,1.0
soap_bar,267,7,20,5,1.0
soap_bar,268,8,20,5,1.0
soap_bar,269,11,20,5,1.0
soap_bar,270,8,20,5,1.0
soap_bar,271,7,20,5,1.0
soap_bar,272,8,20,5,1.0
soap_bar,273,9,20,5,1.0
soap_bar,274,9,20,5,1.0
soap_bar,275,10,20,5,1.0
soap_bar,276,12,20,5,1.0
soap_bar,277,12,20,5,1.0
soap_bar,278,14,20,5,1.0
soap_bar,279,7,20,5,1.0
soap_bar,280,8,20,5,1.0
soap_bar,281,11,20,5,1.0
soap_bar,282,9,20,5,1.0
soap_bar,283,12,20,5,1.0
soap_bar,284,10,20,5,1.0
soap_bar,285,13,20,5,1.0
soap_bar,286,12,20,5,1.0
soap_bar,287,12,20,5,1.0
soap_bar,288,9,20,5,1.0
soap_bar,289,10,20,5,1.0
soap_bar,290,9,20,5,1.0
soap_bar,291,7,20,5,1.0
soap_bar,292,13,20,5,1.0
soap_bar,293,11,20,5,1.0
soap_bar,294,9,20,5,1.0
soap_bar,295,13,20,5,1.0
soap_bar,296,9,20,5,1.0
soap_bar,297,6,20,5,1.0
soap_bar,298,12,20,5,1.0
soap_bar,299,7,20,5,1.0
soap_bar,300,10,20,5,1.0
soap_bar,301,10,20,5,1.0
soap_bar,302,11,20,5,1.0
soap_bar,303,12,20,5,1.0
soap_bar,304,11,20,5,1.0
soap_bar,305,11,20,5,1.0
soap_bar,306,8,20,5,1.0
soap_bar,307,11,20,5,1.0
soap_bar,308,7,20,5,1.0
soap_bar,309,13,20,5,1.0
soap_bar,310,7,20,5,1.0
soap_bar,311,9,20,5,1.0
soap_bar,312,7,20,5,1.0
soap_bar,313,9,20,5,1.0
soap_bar,314,10,20,5,1.0
soap_bar,315,9,20,5,1.0
soap_bar,316,12,20,5,1.0
soap_bar,317,10,20,5,1.0
soap_bar,318,9,20,5,1.0
soap_bar,319,10,20,5,1.0
soap_bar,320,12,20,5,1.0
soap_bar,321,12,20,5,1.0
soap_bar,322,8,20,5,1.0
soap_bar,323,9,20,5,1.0
soap_bar,324,11,20,5,1.0
soap_bar,325,11,20,5,1.0
soap_bar,326,8,20,5,1.0
soap_bar,327,11,20,5,1.0
soap_bar,328,8,20,5,1.0
soap_bar,329,13,20,5,1.0
soap_bar,330,11,20,5,1.0
soap_bar,331,8,20,5,1.0
soap_bar,332,9,20,5,1.0
soap_bar,333,9,20,5,1.0
soap_bar,334,10,20,5,1.0
soap_bar,335,10,20,5,1.0
soap_bar,336,8,20,5,1.0
soap_bar,337,7,20,5,1.0
soap_bar,338,11,20,5,1.0
soap_bar,339,11,20,5,1.0
soap_bar,340,10,20,5,1.0
soap_bar,341,11,20,5,1.0
soap_bar,342,9,20,5,1.0
soap_bar,343,10,20,5,1.0
soap_bar,344,15,20,5,1.0
soap_bar,345,12,20,5,1.0
soap_bar,346,9,20,5,1.0
soap_bar,347,9,20,5,1.0
soap_bar,348,4,20,5,1.0
soap_bar,349,12,20,5,1.0
soap_bar,350,12,20,5,1.0
soap_bar,351,9,20,5,1.0
soap_bar,352,7,20,5,1.0
soap_bar,353,8,20,5,1.0
soap_bar,354,11,20,5,1.0
soap_bar,355,10,20,5,1.0
soap_bar,356,11,20,5,1.0
soap_bar,357,10,20,5,1.0
soap_bar,358,12,20,5,1.0
soap_bar,359,11,20,5,1.0
soap_bar,360,12,20,5,1.0
soap_bar,361,6,20,5,1.0
soap_bar,362,8,20,5,1.0
soap_bar,363,9,20,5,1.0
soap_bar,364,12,20,5,1.0
soap_bar,365,14,20,5,1.0
soap_bar,366,10,20,5,1.0
soap_bar,367,9,20,5,1.0
soap_bar,368,6,20,5,1.0
soap_bar,369,12,20,5,1.0
soap_bar,370,9,20,5,1.0
soap_bar,371,16,20,5,1.0
soap_bar,372,9,20,5,1.0
soap_bar,373,14,20,5,1.0
soap_bar,374,11,20,5,1.0
soap_bar,375,8,20,5,1.0
soap_bar,376,10,20,5,1.0
soap_bar,377,12,20,5,1.0
soap_bar,378,10,20,5,1.0
soap_bar,379,12,20,5,1.0
soap_bar,380,12,20,5,1.0
soap_bar,381,11,20,5,1.0
soap_bar,382,10,20,5,1.0
soap_bar,383,8,20,5,1.0
soap_bar,384,10,20,5,1.0
soap_bar,385,10,20,5,1.0
soap_bar,386,6,20,5,1.0
soap_bar,387,10,20,5,1.0
soap_bar,388,10,20,5,1.0
soap_bar,389,7,20,5,1.0
soap_bar,390,9,20,5,1.0
soap_bar,391,9,20,5,1.0
soap_bar,392,14,20,5,1.0
soap_bar,393,10,20,5,1.0
soap_bar,394,12,20,5,1.0
soap_bar,395,10,20,5,1.0
soap_bar,396,6,20,5,1.0
soap_bar,397,11,20,5,1.0
soap_bar,398,9,20,5,1.0
soap_bar,399,9,20,5,1.0
soap_bar,400,8,20,5,1.0
soap_bar,401,10,20,5,1.0
soap_bar,402,12,20,5,1.0
soap_bar,403,12,20,5,1.0
soap_bar,404,13,20,5,1.0
soap_bar,405,13,20,5,1.0
soap_bar,406,6,20,5,1.0
soap_bar,407,8,20,5,1.0
soap_bar,408,6,20,5,1.0
soap_bar,409,11,20,5,1.0
soap_bar,410,9,20,5,1.0
soap_bar,411,9,20,5,1.0
soap_bar,412,10,20,5,1.0
soap_bar,413,11,20,5,1.0
soap_bar,414,7,20,5,1.0
soap_bar,415,7,20,5,1.0
soap_bar,416,10,20,5,1.0
soap_bar,417,12,20,5,1.0
soap_bar,418,10,20,5,1.0
soap_bar,419,8,20,5,1.0
soap_bar,420,6,20,5,1.0
soap_bar,421,12,20,5,1.0
soap_bar,422,9,20,5,1.0
soap_bar,423,8,20,5,1.0
soap_bar,424,7,20,5,1.0
soap_bar,425,7,20,5,1.0
soap_bar,426,8,20,5,1.0
soap_bar,427,10,20,5,1.0
soap_bar,428,8,20,5,1.0
soap_bar,429,10,20,5,1.0
soap_bar,430,10,20,5,1.0
soap_bar,431,14,20,5,1.0
soap_bar,432,7,20,5,1.0
soap_bar,433,10,20,5,1.0
soap_bar,434,10,20,5,1.0
soap_bar,435,8,20,5,1.0
soap_bar,436,10,20,5,1.0
soap_bar,437,12,20,5,1.0
soap_bar,438,10,20,5,1.0
soap_bar,439,13,20,5,1.0
soap_bar,440,6,20,5,1.0
soap_bar,441,8,20,5,1.0
soap_bar,442,13,20,5,1.0
soap_bar,443,12,20,5,1.0
soap_bar,444,11,20,5,1.0
soap_bar,445,12,20,5,1.0
soap_bar,446,6,20,5,1.0
soap_bar,447,12,20,5,1.0
soap_bar,448,12,20,5,1.0
soap_bar,449,9,20,5,1.0
soap_bar,450,15,20,5,1.0
soap_bar,451,10,20,5,1.0
soap_bar,452,6,20,5,1.0
soap_bar,453,11,20,5,1.0
soap_bar,454,9,20,5,1.0
soap_bar,455,12,20,5,1.0
soap_bar,456,11,20,5,1.0
soap_bar,457,9,20,5,1.0
soap_bar,458,13,20,5,1.0
soap_bar,459,12,20,5,1.0
soap_bar,460,8,20,5,1.0
soap_bar,461,10,20,5,1.0
soap_bar,462,11,20,5,1.0
soap_bar,463,9,20,5,1.0
soap_bar,464,9,20,5,1.0
soap_bar,465,10,20,5,1.0
soap_bar,466,8,20,5,1.0
soap_bar,467,6,20,5,1.0
soap_bar,468,10,20,5,1.0
soap_bar,469,6,20,5,1.0
soap_bar,470,8,20,5,1.0
soap_bar,471,6,20,5,1.0
soap_bar,472,7,20,5,1.0
soap_bar,473,11,20,5,1.0
soap_bar,474,10,20,5,1.0
soap_bar,475,9,20,5,1.0
soap_bar,476,7,20,5,1.0
soap_bar,477,9,20,5,1.0
soap_bar,478,11,20,5,1.0
soap_bar,479,10,20,5,1.0
soap_bar,480,12,20,5,1.0
soap_bar,481,12,20,5,1.0
soap_bar,482,9,20,5,1.0
soap_bar,483,6,20,5,1.0
soap_bar,484,8,20,5,1.0
soap_bar,485,10,20,5,1.0
soap_bar,486,8,20,5,1.0
soap_bar,487,8,20,5,1.0
soap_bar,488,10,20,5,1.0
soap_bar,489,15,20,5,1.0
soap_bar,490,9,20,5,1.0
soap_bar,491,10,20,5,1.0
soap_bar,492,7,20,5,1.0
soap_bar,493,12,20,5,1.0
soap_bar,494,12,20,5,1.0
soap_bar,495,12,20,5,1.0
soap_bar,496,13,20,5,1.0
soap_bar,497,9,20,5,1.0
soap_bar,498,9,20,5,1.0
soap_bar,499,13,20,5,1.0
soap_bar,500,11,20,5,1.0
soap_bar,501,6,20,5,1.0
soap_bar,502,11,20,5,1.0
soap_bar,503,9,20,5,1.0
soap_bar,504,12,20,5,1.0
soap_bar,505,11,20,5,1.0
soap_bar,506,7,20,5,1.0
soap_bar,507,11,20,5,1.0
soap_bar,508,10,20,5,1.0
soap_bar,509,11,20,5,1.0
soap_bar,510,11,20,5,1.0
soap_bar,511,13,20,5,1.0
soap_bar,512,11,20,5,1.0
soap_bar,513,10,20,5,1.0
soap_bar,514,12,20,5,1.0
soap_bar,515,14,20,5,1.0
soap_bar,516,12,20,5,1.0
soap_bar,517,10,20,5,1.0
soap_bar,518,11,20,5,1.0
soap_bar,519,11,20,5,1.0
soap_bar,520,10,20,5,1.0
soap_bar,521,14,20,5,1.0
soap_bar,522,9,20,5,1.0
soap_bar,523,12,20,5,1.0
soap_bar,524,10,20,5,1.0
soap_bar,525,7,20,5,1.0
soap_bar,526,10,20,5,1.0
soap_bar,527,9,20,5,1.0
soap_bar,528,11,20,5,1.0
soap_bar,529,10,20,5,1.0
soap_bar,530,8,20,5,1.0
soap_bar,531,13,20,5,1.0
soap_bar,532,12,20,5,1.0
soap_bar,533,13,20,5,1.0
soap_bar,534,10,20,5,1.0
soap_bar,535,10,20,5,1.0
soap_bar,536,11,20,5,1.0
soap_bar,537,9,20,5,1.0
soap_bar,538,10,20,5,1.0
soap_bar,539,10,20,5,1.0
soap_bar,540,7,20,5,1.0
soap_bar,541,10,20,5,1.0
soap_bar,542,9,20,5,1.0
soap_bar,543,10,20,5,1.0
soap_bar,544,11,20,5,1.0
soap_bar,545,13,20,5,1.0
soap_bar,546,8,20,5,1.0
soap_bar,547,9,20,5,1.0
soap_bar,548,8,20,5,1.0
soap_bar,549,8,20,5,1.0
soap_bar,550,9,20,5,1.0
soap_bar,551,10,20,5,1.0
soap_bar,552,11,20,5,1.0
soap_bar,553,11,20,5,1.0
soap_bar,554,8,20,5,1.0
soap_bar,555,13,20,5,1.0
soap_bar,556,12,20,5,1.0
soap_bar,557,8,20,5,1.0
soap_bar,558,12,20,5,1.0
soap_bar,559,11,20,5,1.0
soap_bar,560,10,20,5,1.0
soap_bar,561,11,20,5,1.0
soap_bar,562,10,20,5,1.0
soap_bar,563,11,20,5,1.0
soap_bar,564,10,20,5,1.0
soap_bar,565,9,20,5,1.0
soap_bar,566,6,20,5,1.0
soap_bar,567,11,20,5,1.0
soap_bar,568,9,20,5,1.0
soap_bar,569,12,20,5,1.0
soap_bar,570,11,20,5,1.0
soap_bar,571,9,20,5,1.0
soap_bar,572,12,20,5,1.0
soap_bar,573,10,20,5,1.0
soap_bar,574,10,20,5,1.0
soap_bar,575,10,20,5,1.0
soap_bar,576,13,20,5,1.0
soap_bar,577,9,20,5,1.0
soap_bar,578,9,20,5,1.0
soap_bar,579,8,20,5,1.0
soap_bar,580,11,20,5,1.0
soap_bar,581,9,20,5,1.0
soap_bar,582,9,20,5,1.0
soap_bar,583,9,20,5,1.0
soap_bar,584,10,20,5,1.0
soap_bar,585,7,20,5,1.0
soap_bar,586,6,20,5,1.0
soap_bar,587,11,20,5,1.0
soap_bar,588,6,20,5,1.0
soap_bar,589,12,20,5,1.0
soap_bar,590,13,20,5,1.0
soap_bar,591,10,20,5,1.0
soap_bar,592,13,20,5,1.0
soap_bar,593,10,20,5,1.0
soap_bar,594,13,20,5,1.0
soap_bar,595,9,20,5,1.0
soap_bar,596,5,20,5,1.0
soap_bar,597,10,20,5,1.0
soap_bar,598,13,20,5,1.0
soap_bar,599,11,20,5,1.0
soap_bar,600,9,20,5,1.0
soap_bar,601,11,20,5,1.0
soap_bar,602,12,20,5,1.0
soap_bar,603,10,20,5,1.0
soap_bar,604,15,20,5,1.0
soap_bar,605,9,20,5,1.0
soap_bar,606,12,20,5,1.0
soap_bar,607,12,20,5,1.0
soap_bar,608,9,20,5,1.0
soap_bar,609,9,20,5,1.0
soap_bar,610,12,20,5,1.0
soap_bar,611,10,20,5,1.0
soap_bar,612,11,20,5,1.0
soap_bar,613,7,20,5,1.0
soap_bar,614,11,20,5,1.0
soap_bar,615,11,20,5,1.0
soap_bar,616,10,20,5,1.0
soap_bar,617,11,20,5,1.0
soap_bar,618,9,20,5,1.0
soap_bar,619,9,20,5,1.0
soap_bar,620,10,20,5,1.0
soap_bar,621,9,20,5,1.0
soap_bar,622,14,20,5,1.0
soap_bar,623,12,20,5,1.0
soap_bar,624,8,20,5,1.0
soap_bar,625,14,20,5,1.0
soap_bar,626,9,20,5,1.0
soap_bar,627,10,20,5,1.0
soap_bar,628,12,20,5,1.0
soap_bar,629,6,20,5,1.0
soap_bar,630,10,20,5,1.0
soap_bar,631,9,20,5,1.0
soap_bar,632,10,20,5,1.0
soap_bar,633,11,20,5,1.0
soap_bar,634,10,20,5,1.0
soap_bar,635,10,20,5,1.0
soap_bar,636,12,20,5,1.0
soap_bar,637,11,20,5,1.0
soap_bar,638,10,20,5,1.0
soap_bar,639,10,20,5,1.0
soap_bar,640,14,20,5,1.0
soap_bar,641,10,20,5,1.0
soap_bar,642,9,20,5,1.0
soap_bar,643,6,20,5,1.0
soap_bar,644,7,20,5,1.0
soap_bar,645,9,20,5,1.0
soap_bar,646,10,20,5,1.0
soap_bar,647,9,20,5,1.0
soap_bar,648,11,20,5,1.0
soap_bar,649,9,20,5,1.0
soap_bar,650,8,20,5,1.0
soap_bar,651,11,20,5,1.0
soap_bar,652,13,20,5,1.0
soap_bar,653,8,20,5,1.0
soap_bar,654,10,20,5,1.0
soap_bar,655,6,20,5,1.0
soap_bar,656,7,20,5,1.0
soap_bar,657,9,20,5,1.0
soap_bar,658,12,20,5,1.0
soap_bar,659,8,20,5,1.0
soap_bar,660,8,20,5,1.0
soap_bar,661,10,20,5,1.0
soap_bar,662,10,20,5,1.0
soap_bar,663,8,20,5,1.0
soap_bar,664,14,20,5,1.0
soap_bar,665,9,20,5,1.0
soap_bar,666,10,20,5,1.0
soap_bar,667,9,20,5,1.0
soap_bar,668,11,20,5,1.0
soap_bar,669,12,20,5,1.0
soap_bar,670,13,20,5,1.0
soap_bar,671,8,20,5,1.0
soap_bar,672,12,20,5,1.0
soap_bar,673,11,20,5,1.0
soap_bar,674,12,20,5,1.0
soap_bar,675,10,20,5,1.0
soap_bar,676,10,20,5,1.0
soap_bar,677,12,20,5,1.0
soap_bar,678,12,20,5,1.0
soap_bar,679,13,20,5,1.0
soap_bar,680,10,20,5,1.0
soap_bar,681,10,20,5,1.0
soap_bar,682,5,20,5,1.0
soap_bar,683,7,20,5,1.0
soap_bar,684,9,20,5,1.0
soap_bar,685,8,20,5,1.0
soap_bar,686,12,20,5,1.0
soap_bar,687,7,20,5,1.0
soap_bar,688,9,20,5,1.0
soap_bar,689,9,20,5,1.0
soap_bar,690,12,20,5,1.0
soap_bar,691,9,20,5,1.0
soap_bar,692,11,20,5,1.0
soap_bar,693,10,20,5,1.0
soap_bar,694,12,20,5,1.0
soap_bar,695,12,20,5,1.0
soap_bar,696,10,20,5,1.0
soap_bar,697,7,20,5,1.0
soap_bar,698,10,20,5,1.0
soap_bar,699,10,20,5,1.0
soap_bar,700,11,20,5,1.0
soap_bar,701,9,20,5,1.0
soap_bar,702,12,20,5,1.0
soap_bar,703,10,20,5,1.0
soap_bar,704,8,20,5,1.0
soap_bar,705,9,20,5,1.0
soap_bar,706,14,20,5,1.0
soap_bar,707,11,20,5,1.0
soap_bar,708,12,20,5,1.0
soap_bar,709,8,20,5,1.0
soap_bar,710,9,20,5,1.0
soap_bar,711,9,20,5,1.0
soap_bar,712,10,20,5,1.0
soap_bar,713,10,20,5,1.0
soap_bar,714,9,20,5,1.0
soap_bar,715,9,20,5,1.0
soap_bar,716,8,20,5,1.0
soap_bar,717,10,20,5,1.0
soap_bar,718,12,20,5,1.0
soap_bar,719,7,20,5,1.0
soap_bar,720,11,20,5,1.0
soap_bar,721,13,20,5,1.0
soap_bar,722,10,20,5,1.0
soap_bar,723,9,20,5,1.0
soap_bar,724,12,20,5,1.0
soap_bar,725,8,20,5,1.0
soap_bar,726,10,20,5,1.0
soap_bar,727,8,20,5,1.0
soap_bar,728,6,20,5,1.0
soap_bar,729,10,20,5,1.0
detergent_1kg,0,5,60,6,1.5
detergent_1kg,1,8,60,6,1.5
detergent_1kg,2,10,60,6,1.5
detergent_1kg,3,12,60,6,1.5
detergent_1kg,4,8,60,6,1.5
detergent_1kg,5,10,60,6,1.5
detergent_1kg,6,9,60,6,1.5
detergent_1kg,7,7,60,6,1.5
detergent_1kg,8,4,60,6,1.5
detergent_1kg,9,12,60,6,1.5
detergent_1kg,10,6,60,6,1.5
detergent_1kg,11,11,60,6,1.5
detergent_1kg,12,9,60,6,1.5
detergent_1kg,13,6,60,6,1.5
detergent_1kg,14,9,60,6,1.5
detergent_1kg,15,13,60,6,1.5
detergent_1kg,16,11,60,6,1.5
detergent_1kg,17,7,60,6,1.5
detergent_1kg,18,6,60,6,1.5
detergent_1kg,19,8,60,6,1.5
detergent_1kg,20,8,60,6,1.5
detergent_1kg,21,11,60,6,1.5
detergent_1kg,22,10,60,6,1.5
detergent_1kg,23,4,60,6,1.5
detergent_1kg,24,9,60,6,1.5
detergent_1kg,25,8,60,6,1.5
detergent_1kg,26,8,60,6,1.5
detergent_1kg,27,9,60,6,1.5
detergent_1kg,28,11,60,6,1.5
detergent_1kg,29,10,60,6,1.5
detergent_1kg,30,6,60,6,1.5
detergent_1kg,31,8,60,6,1.5
detergent_1kg,32,7,60,6,1.5
detergent_1kg,33,4,60,6,1.5
detergent_1kg,34,8,60,6,1.5
detergent_1kg,35,12,60,6,1.5
detergent_1kg,36,4,60,6,1.5
detergent_1kg,37,8,60,6,1.5
detergent_1kg,38,8,60,6,1.5
detergent_1kg,39,9,60,6,1.5
detergent_1kg,40,6,60,6,1.5
detergent_1kg,41,5,60,6,1.5
detergent_1kg,42,5,60,6,1.5
detergent_1kg,43,11,60,6,1.5
detergent_1kg,44,6,60,6,1.5
detergent_1kg,45,7,60,6,1.5
detergent_1kg,46,13,60,6,1.5
detergent_1kg,47,6,60,6,1.5
detergent_1kg,48,9,60,6,1.5
detergent_1kg,49,10,60,6,1.5
detergent_1kg,50,10,60,6,1.5
detergent_1kg,51,5,60,6,1.5
detergent_1kg,52,6,60,6,1.5
detergent_1kg,53,9,60,6,1.5
detergent_1kg,54,12,60,6,1.5
detergent_1kg,55,6,60,6,1.5
detergent_1kg,56,7,60,6,1.5
detergent_1kg,57,9,60,6,1.5
detergent_1kg,58,9,60,6,1.5
detergent_1kg,59,10,60,6,1.5
detergent_1kg,60,6,60,6,1.5
detergent_1kg,61,7,60,6,1.5
detergent_1kg,62,8,60,6,1.5
detergent_1kg,63,11,60,6,1.5
detergent_1kg,64,7,60,6,1.5
detergent_1kg,65,8,60,6,1.5
detergent_1kg,66,6,60,6,1.5
detergent_1kg,67,12,60,6,1.5
detergent_1kg,68,8,60,6,1.5
detergent_1kg,69,10,60,6,1.5
detergent_1kg,70,8,60,6,1.5
detergent_1kg,71,8,60,6,1.5
detergent_1kg,72,5,60,6,1.5
detergent_1kg,73,3,60,6,1.5
detergent_1kg,74,11,60,6,1.5
detergent_1kg,75,8,60,6,1.5
detergent_1kg,76,8,60,6,1.5
detergent_1kg,77,5,60,6,1.5
detergent_1kg,78,6,60,6,1.5
detergent_1kg,79,10,60,6,1.5
detergent_1kg,80,12,60,6,1.5
detergent_1kg,81,7,60,6,1.5
detergent_1kg,82,10,60,6,1.5
detergent_1kg,83,8,60,6,1.5
detergent_1kg,84,8,60,6,1.5
detergent_1kg,85,12,60,6,1.5
detergent_1kg,86,7,60,6,1.5
detergent_1kg,87,11,60,6,1.5
detergent_1kg,88,9,60,6,1.5
detergent_1kg,89,8,60,6,1.5
detergent_1kg,90,11,60,6,1.5
detergent_1kg,91,9,60,6,1.5
detergent_1kg,92,8,60,6,1.5
detergent_1kg,93,11,60,6,1.5
detergent_1kg,94,11,60,6,1.5
detergent_1kg,95,11,60,6,1.5
detergent_1kg,96,0,60,6,1.5
detergent_1kg,97,9,60,6,1.5
detergent_1kg,98,8,60,6,1.5
detergent_1kg,99,8,60,6,1.5
detergent_1kg,100,9,60,6,1.5
detergent_1kg,101,9,60,6,1.5
detergent_1kg,102,10,60,6,1.5
detergent_1kg,103,7,60,6,1.5
detergent_1kg,104,11,60,6,1.5
detergent_1kg,105,10,60,6,1.5
detergent_1kg,106,9,60,6,1.5
detergent_1kg,107,9,60,6,1.5
detergent_1kg,108,11,60,6,1.5
detergent_1kg,109,10,60,6,1.5
detergent_1kg,110,8,60,6,1.5
detergent_1kg,111,10,60,6,1.5
detergent_1kg,112,8,60,6,1.5
detergent_1kg,113,12,60,6,1.5
detergent_1kg,114,10,60,6,1.5
detergent_1kg,115,7,60,6,1.5
detergent_1kg,116,13,60,6,1.5
detergent_1kg,117,3,60,6,1.5
detergent_1kg,118,9,60,6,1.5
detergent_1kg,119,6,60,6,1.5
detergent_1kg,120,12,60,6,1.5
detergent_1kg,121,9,60,6,1.5
detergent_1kg,122,6,60,6,1.5
detergent_1kg,123,7,60,6,1.5
detergent_1kg,124,6,60,6,1.5
detergent_1kg,125,7,60,6,1.5
detergent_1kg,126,7,60,6,1.5
detergent_1kg,127,6,60,6,1.5
detergent_1kg,128,9,60,6,1.5
detergent_1kg,129,9,60,6,1.5
detergent_1kg,130,6,60,6,1.5
detergent_1kg,131,4,60,6,1.5
detergent_1kg,132,9,60,6,1.5
detergent_1kg,133,9,60,6,1.5
detergent_1kg,134,10,60,6,1.5
detergent_1kg,135,9,60,6,1.5
detergent_1kg,136,12,60,6,1.5
detergent_1kg,137,10,60,6,1.5
detergent_1kg,138,14,60,6,1.5
detergent_1kg,139,15,60,6,1.5
detergent_1kg,140,4,60,6,1.5
detergent_1kg,141,3,60,6,1.5
detergent_1kg,142,8,60,6,1.5
detergent_1kg,143,9,60,6,1.5
detergent_1kg,144,8,60,6,1.5
detergent_1kg,145,10,60,6,1.5
detergent_1kg,146,7,60,6,1.5
detergent_1kg,147,6,60,6,1.5
detergent_1kg,148,7,60,6,1.5
detergent_1kg,149,8,60,6,1.5
detergent_1kg,150,10,60,6,1.5
detergent_1kg,151,7,60,6,1.5
detergent_1kg,152,7,60,6,1.5
detergent_1kg,153,9,60,6,1.5
detergent_1kg,154,8,60,6,1.5
detergent_1kg,155,11,60,6,1.5
detergent_1kg,156,6,60,6,1.5
detergent_1kg,157,5,60,6,1.5
detergent_1kg,158,9,60,6,1.5
detergent_1kg,159,9,60,6,1.5
detergent_1kg,160,6,60,6,1.5
detergent_1kg,161,11,60,6,1.5
detergent_1kg,162,12,60,6,1.5
detergent_1kg,163,7,60,6,1.5
detergent_1kg,164,11,60,6,1.5
detergent_1kg,165,3,60,6,1.5
detergent_1kg,166,10,60,6,1.5
detergent_1kg,167,6,60,6,1.5
detergent_1kg,168,10,60,6,1.5
detergent_1kg,169,6,60,6,1.5
detergent_1kg,170,8,60,6,1.5
detergent_1kg,171,6,60,6,1.5
detergent_1kg,172,8,60,6,1.5
detergent_1kg,173,12,60,6,1.5
detergent_1kg,174,8,60,6,1.5
detergent_1kg,175,13,60,6,1.5
detergent_1kg,176,7,60,6,1.5
detergent_1kg,177,11,60,6,1.5
detergent_1kg,178,4,60,6,1.5
detergent_1kg,179,7,60,6,1.5
detergent_1kg,180,7,60,6,1.5
detergent_1kg,181,11,60,6,1.5
detergent_1kg,182,8,60,6,1.5
detergent_1kg,183,3,60,6,1.5
detergent_1kg,184,5,60,6,1.5
detergent_1kg,185,6,60,6,1.5
detergent_1kg,186,10,60,6,1.5
detergent_1kg,187,10,60,6,1.5
detergent_1kg,188,7,60,6,1.5
detergent_1kg,189,7,60,6,1.5
detergent_1kg,190,10,60,6,1.5
detergent_1kg,191,5,60,6,1.5
detergent_1kg,192,9,60,6,1.5
detergent_1kg,193,9,60,6,1.5
detergent_1kg,194,7,60,6,1.5
detergent_1kg,195,9,60,6,1.5
detergent_1kg,196,8,60,6,1.5
detergent_1kg,197,9,60,6,1.5
detergent_1kg,198,5,60,6,1.5
detergent_1kg,199,9,60,6,1.5
detergent_1kg,200,10,60,6,1.5
detergent_1kg,201,9,60,6,1.5
detergent_1kg,202,9,60,6,1.5
detergent_1kg,203,8,60,6,1.5
detergent_1kg,204,10,60,6,1.5
detergent_1kg,205,8,60,6,1.5
detergent_1kg,206,5,60,6,1.5
detergent_1kg,207,10,60,6,1.5
detergent_1kg,208,4,60,6,1.5
detergent_1kg,209,9,60,6,1.5
detergent_1kg,210,7,60,6,1.5
detergent_1kg,211,7,60,6,1.5
detergent_1kg,212,8,60,6,1.5
detergent_1kg,213,6,60,6,1.5
detergent_1kg,214,9,60,6,1.5
detergent_1kg,215,8,60,6,1.5
detergent_1kg,216,7,60,6,1.5
detergent_1kg,217,11,60,6,1.5
detergent_1kg,218,8,60,6,1.5
detergent_1kg,219,9,60,6,1.5
detergent_1kg,220,11,60,6,1.5
detergent_1kg,221,11,60,6,1.5
detergent_1kg,222,9,60,6,1.5
detergent_1kg,223,7,60,6,1.5
detergent_1kg,224,5,60,6,1.5
detergent_1kg,225,8,60,6,1.5
detergent_1kg,226,10,60,6,1.5
detergent_1kg,227,9,60,6,1.5
detergent_1kg,228,0,60,6,1.5
detergent_1kg,229,10,60,6,1.5
detergent_1kg,230,10,60,6,1.5
detergent_1kg,231,7,60,6,1.5
detergent_1kg,232,10,60,6,1.5
detergent_1kg,233,9,60,6,1.5
detergent_1kg,234,6,60,6,1.5
detergent_1kg,235,11,60,6,1.5
detergent_1kg,236,5,60,6,1.5
detergent_1kg,237,8,60,6,1.5
detergent_1kg,238,8,60,6,1.5
detergent_1kg,239,6,60,6,1.5
detergent_1kg,240,9,60,6,1.5
detergent_1kg,241,11,60,6,1.5
detergent_1kg,242,11,60,6,1.5
detergent_1kg,243,10,60,6,1.5
detergent_1kg,244,4,60,6,1.5
detergent_1kg,245,5,60,6,1.5
detergent_1kg,246,8,60,6,1.5
detergent_1kg,247,8,60,6,1.5
detergent_1kg,248,7,60,6,1.5
detergent_1kg,249,12,60,6,1.5
detergent_1kg,250,8,60,6,1.5
detergent_1kg,251,9,60,6,1.5
detergent_1kg,252,10,60,6,1.5
detergent_1kg,253,8,60,6,1.5
detergent_1kg,254,14,60,6,1.5
detergent_1kg,255,6,60,6,1.5
detergent_1kg,256,7,60,6,1.5
detergent_1kg,257,6,60,6,1.5
detergent_1kg,258,12,60,6,1.5
detergent_1kg,259,10,60,6,1.5
detergent_1kg,260,7,60,6,1.5
detergent_1kg,261,6,60,6,1.5
detergent_1kg,262,11,60,6,1.5
detergent_1kg,263,9,60,6,1.5
detergent_1kg,264,11,60,6,1.5
detergent_1kg,265,8,60,6,1.5
detergent_1kg,266,9,60,6,1.5
detergent_1kg,267,9,60,6,1.5
detergent_1kg,268,7,60,6,1.5
detergent_1kg,269,8,60,6,1.5
detergent_1kg,270,5,60,6,1.5
detergent_1kg,271,9,60,6,1.5
detergent_1kg,272,10,60,6,1.5
detergent_1kg,273,10,60,6,1.5
detergent_1kg,274,9,60,6,1.5
detergent_1kg,275,8,60,6,1.5
detergent_1kg,276,11,60,6,1.5
detergent_1kg,277,10,60,6,1.5
detergent_1kg,278,11,60,6,1.5
detergent_1kg,279,11,60,6,1.5
detergent_1kg,280,8,60,6,1.5
detergent_1kg,281,9,60,6,1.5
detergent_1kg,282,10,60,6,1.5
detergent_1kg,283,5,60,6,1.5
detergent_1kg,284,5,60,6,1.5
detergent_1kg,285,5,60,6,1.5
detergent_1kg,286,8,60,6,1.5
detergent_1kg,287,7,60,6,1.5
detergent_1kg,288,5,60,6,1.5
detergent_1kg,289,8,60,6,1.5
detergent_1kg,290,8,60,6,1.5
detergent_1kg,291,11,60,6,1.5
detergent_1kg,292,13,60,6,1.5
detergent_1kg,293,9,60,6,1.5
detergent_1kg,294,6,60,6,1.5
detergent_1kg,295,9,60,6,1.5
detergent_1kg,296,8,60,6,1.5
detergent_1kg,297,7,60,6,1.5
detergent_1kg,298,6,60,6,1.5
detergent_1kg,299,7,60,6,1.5
detergent_1kg,300,8,60,6,1.5
detergent_1kg,301,10,60,6,1.5
detergent_1kg,302,9,60,6,1.5
detergent_1kg,303,12,60,6,1.5
detergent_1kg,304,10,60,6,1.5
detergent_1kg,305,9,60,6,1.5
detergent_1kg,306,7,60,6,1.5
detergent_1kg,307,6,60,6,1.5
detergent_1kg,308,7,60,6,1.5
detergent_1kg,309,6,60,6,1.5
detergent_1kg,310,2,60,6,1.5
detergent_1kg,311,6,60,6,1.5
detergent_1kg,312,12,60,6,1.5
detergent_1kg,313,9,60,6,1.5
detergent_1kg,314,7,60,6,1.5
detergent_1kg,315,9,60,6,1.5
detergent_1kg,316,4,60,6,1.5
detergent_1kg,317,9,60,6,1.5
detergent_1kg,318,11,60,6,1.5
detergent_1kg,319,8,60,6,1.5
detergent_1kg,320,4,60,6,1.5
detergent_1kg,321,7,60,6,1.5
detergent_1kg,322,11,60,6,1.5
detergent_1kg,323,9,60,6,1.5
detergent_1kg,324,5,60,6,1.5
detergent_1kg,325,13,60,6,1.5
detergent_1kg,326,5,60,6,1.5
detergent_1kg,327,7,60,6,1.5
detergent_1kg,328,6,60,6,1.5
detergent_1kg,329,6,60,6,1.5
detergent_1kg,330,7,60,6,1.5
detergent_1kg,331,9,60,6,1.5
detergent_1kg,332,11,60,6,1.5
detergent_1kg,333,7,60,6,1.5
detergent_1kg,334,6,60,6,1.5
detergent_1kg,335,9,60,6,1.5
detergent_1kg,336,9,60,6,1.5
detergent_1kg,337,9,60,6,1.5
detergent_1kg,338,9,60,6,1.5
detergent_1kg,339,8,60,6,1.5
detergent_1kg,340,8,60,6,1.5
detergent_1kg,341,8,60,6,1.5
detergent_1kg,342,10,60,6,1.5
detergent_1kg,343,13,60,6,1.5
detergent_1kg,344,8,60,6,1.5
detergent_1kg,345,8,60,6,1.5
detergent_1kg,346,9,60,6,1.5
detergent_1kg,347,7,60,6,1.5
detergent_1kg,348,10,60,6,1.5
detergent_1kg,349,9,60,6,1.5
detergent_1kg,350,7,60,6,1.5
detergent_1kg,351,10,60,6,1.5
detergent_1kg,352,8,60,6,1.5
detergent_1kg,353,6,60,6,1.5
detergent_1kg,354,9,60,6,1.5
detergent_1kg,355,9,60,6,1.5
detergent_1kg,356,10,60,6,1.5
detergent_1kg,357,10,60,6,1.5
detergent_1kg,358,8,60,6,1.5
detergent_1kg,359,7,60,6,1.5
detergent_1kg,360,8,60,6,1.5
detergent_1kg,361,9,60,6,1.5
detergent_1kg,362,9,60,6,1.5
detergent_1kg,363,9,60,6,1.5
detergent_1kg,364,8,60,6,1.5
detergent_1kg,365,10,60,6,1.5
detergent_1kg,366,6,60,6,1.5
detergent_1kg,367,14,60,6,1.5
detergent_1kg,368,10,60,6,1.5
detergent_1kg,369,5,60,6,1.5
detergent_1kg,370,8,60,6,1.5
detergent_1kg,371,10,60,6,1.5
detergent_1kg,372,7,60,6,1.5
detergent_1kg,373,5,60,6,1.5
detergent_1kg,374,6,60,6,1.5
detergent_1kg,375,9,60,6,1.5
detergent_1kg,376,4,60,6,1.5
detergent_1kg,377,5,60,6,1.5
detergent_1kg,378,9,60,6,1.5
detergent_1kg,379,8,60,6,1.5
detergent_1kg,380,6,60,6,1.5
detergent_1kg,381,7,60,6,1.5
detergent_1kg,382,5,60,6,1.5
detergent_1kg,383,9,60,6,1.5
detergent_1kg,384,6,60,6,1.5
detergent_1kg,385,7,60,6,1.5
detergent_1kg,386,9,60,6,1.5
detergent_1kg,387,7,60,6,1.5
detergent_1kg,388,6,60,6,1.5
detergent_1kg,389,4,60,6,1.5
detergent_1kg,390,9,60,6,1.5
detergent_1kg,391,8,60,6,1.5
detergent_1kg,392,7,60,6,1.5
detergent_1kg,393,6,60,6,1.5
detergent_1kg,394,8,60,6,1.5
detergent_1kg,395,9,60,6,1.5
detergent_1kg,396,8,60,6,1.5
detergent_1kg,397,12,60,6,1.5
detergent_1kg,398,10,60,6,1.5
detergent_1kg,399,8,60,6,1.5
detergent_1kg,400,10,60,6,1.5
detergent_1kg,401,8,60,6,1.5
detergent_1kg,402,8,60,6,1.5
detergent_1kg,403,11,60,6,1.5
detergent_1kg,404,6,60,6,1.5
detergent_1kg,405,8,60,6,1.5
detergent_1kg,406,11,60,6,1.5
detergent_1kg,407,9,60,6,1.5
detergent_1kg,408,7,60,6,1.5
detergent_1kg,409,4,60,6,1.5
detergent_1kg,410,3,60,6,1.5
detergent_1kg,411,13,60,6,1.5
detergent_1kg,412,9,60,6,1.5
detergent_1kg,413,7,60,6,1.5
detergent_1kg,414,9,60,6,1.5
detergent_1kg,415,6,60,6,1.5
detergent_1kg,416,7,60,6,1.5
detergent_1kg,417,6,60,6,1.5
detergent_1kg,418,5,60,6,1.5
detergent_1kg,419,3,60,6,1.5
detergent_1kg,420,4,60,6,1.5
detergent_1kg,421,10,60,6,1.5
detergent_1kg,422,6,60,6,1.5
detergent_1kg,423,9,60,6,1.5
detergent_1kg,424,10,60,6,1.5
detergent_1kg,425,8,60,6,1.5
detergent_1kg,426,7,60,6,1.5
detergent_1kg,427,8,60,6,1.5
detergent_1kg,428,7,60,6,1.5
detergent_1kg,429,11,60,6,1.5
detergent_1kg,430,12,60,6,1.5
detergent_1kg,431,11,60,6,1.5
detergent_1kg,432,3,60,6,1.5
detergent_1kg,433,7,60,6,1.5
detergent_1kg,434,8,60,6,1.5
detergent_1kg,435,9,60,6,1.5
detergent_1kg,436,4,60,6,1.5
detergent_1kg,437,4,60,6,1.5
detergent_1kg,438,11,60,6,1.5
detergent_1kg,439,7,60,6,1.5
detergent_1kg,440,5,60,6,1.5
detergent_1kg,441,6,60,6,1.5
detergent_1kg,442,9,60,6,1.5
detergent_1kg,443,6,60,6,1.5
detergent_1kg,444,9,60,6,1.5
detergent_1kg,445,6,60,6,1.5
detergent_1kg,446,4,60,6,1.5
detergent_1kg,447,11,60,6,1.5
detergent_1kg,448,9,60,6,1.5
detergent_1kg,449,7,60,6,1.5
detergent_1kg,450,7,60,6,1.5
detergent_1kg,451,11,60,6,1.5
detergent_1kg,452,9,60,6,1.5
detergent_1kg,453,11,60,6,1.5
detergent_1kg,454,7,60,6,1.5
detergent_1kg,455,8,60,6,1.5
detergent_1kg,456,9,60,6,1.5
detergent_1kg,457,7,60,6,1.5
detergent_1kg,458,8,60,6,1.5
detergent_1kg,459,7,60,6,1.5
detergent_1kg,460,9,60,6,1.5
detergent_1kg,461,5,60,6,1.5
detergent_1kg,462,9,60,6,1.5
detergent_1kg,463,9,60,6,1.5
detergent_1kg,464,8,60,6,1.5
detergent_1kg,465,9,60,6,1.5
detergent_1kg,466,7,60,6,1.5
detergent_1kg,467,6,60,6,1.5
detergent_1kg,468,9,60,6,1.5
detergent_1kg,469,9,60,6,1.5
detergent_1kg,470,7,60,6,1.5
detergent_1kg,471,7,60,6,1.5
detergent_1kg,472,8,60,6,1.5
detergent_1kg,473,7,60,6,1.5
detergent_1kg,474,11,60,6,1.5
detergent_1kg,475,9,60,6,1.5
detergent_1kg,476,8,60,6,1.5
detergent_1kg,477,6,60,6,1.5
detergent_1kg,478,10,60,6,1.5
detergent_1kg,479,7,60,6,1.5
detergent_1kg,480,7,60,6,1.5
detergent_1kg,481,10,60,6,1.5
detergent_1kg,482,9,60,6,1.5
detergent_1kg,483,2,60,6,1.5
detergent_1kg,484,8,60,6,1.5
detergent_1kg,485,8,60,6,1.5
detergent_1kg,486,7,60,6,1.5
detergent_1kg,487,8,60,6,1.5
detergent_1kg,488,4,60,6,1.5
detergent_1kg,489,2,60,6,1.5
detergent_1kg,490,6,60,6,1.5
detergent_1kg,491,9,60,6,1.5
detergent_1kg,492,1,60,6,1.5
detergent_1kg,493,6,60,6,1.5
detergent_1kg,494,4,60,6,1.5
detergent_1kg,495,7,60,6,1.5
detergent_1kg,496,12,60,6,1.5
detergent_1kg,497,8,60,6,1.5
detergent_1kg,498,8,60,6,1.5
detergent_1kg,499,10,60,6,1.5
detergent_1kg,500,8,60,6,1.5
detergent_1kg,501,8,60,6,1.5
detergent_1kg,502,10,60,6,1.5
detergent_1kg,503,9,60,6,1.5
detergent_1kg,504,9,60,6,1.5
detergent_1kg,505,8,60,6,1.5
detergent_1kg,506,7,60,6,1.5
detergent_1kg,507,10,60,6,1.5
detergent_1kg,508,7,60,6,1.5
detergent_1kg,509,11,60,6,1.5
detergent_1kg,510,6,60,6,1.5
detergent_1kg,511,11,60,6,1.5
detergent_1kg,512,9,60,6,1.5
detergent_1kg,513,6,60,6,1.5
detergent_1kg,514,9,60,6,1.5
detergent_1kg,515,7,60,6,1.5
detergent_1kg,516,8,60,6,1.5
detergent_1kg,517,7,60,6,1.5
detergent_1kg,518,8,60,6,1.5
detergent_1kg,519,10,60,6,1.5
detergent_1kg,520,9,60,6,1.5
detergent_1kg,521,5,60,6,1.5
detergent_1kg,522,6,60,6,1.5
detergent_1kg,523,9,60,6,1.5
detergent_1kg,524,9,60,6,1.5
detergent_1kg,525,6,60,6,1.5
detergent_1kg,526,12,60,6,1.5
detergent_1kg,527,10,60,6,1.5
detergent_1kg,528,7,60,6,1.5
detergent_1kg,529,6,60,6,1.5
detergent_1kg,530,7,60,6,1.5
detergent_1kg,531,7,60,6,1.5
detergent_1kg,532,11,60,6,1.5
detergent_1kg,533,10,60,6,1.5
detergent_1kg,534,8,60,6,1.5
detergent_1kg,535,10,60,6,1.5
detergent_1kg,536,10,60,6,1.5
detergent_1kg,537,8,60,6,1.5
detergent_1kg,538,9,60,6,1.5
detergent_1kg,539,9,60,6,1.5
detergent_1kg,540,9,60,6,1.5
detergent_1kg,541,6,60,6,1.5
detergent_1kg,542,6,60,6,1.5
detergent_1kg,543,7,60,6,1.5
detergent_1kg,544,6,60,6,1.5
detergent_1kg,545,5,60,6,1.5
detergent_1kg,546,10,60,6,1.5
detergent_1kg,547,9,60,6,1.5
detergent_1kg,548,5,60,6,1.5
detergent_1kg,549,7,60,6,1.5
detergent_1kg,550,8,60,6,1.5
detergent_1kg,551,8,60,6,1.5
detergent_1kg,552,6,60,6,1.5
detergent_1kg,553,5,60,6,1.5
detergent_1kg,554,9,60,6,1.5
detergent_1kg,555,5,60,6,1.5
detergent_1kg,556,7,60,6,1.5
detergent_1kg,557,7,60,6,1.5
detergent_1kg,558,8,60,6,1.5
detergent_1kg,559,9,60,6,1.5
detergent_1kg,560,12,60,6,1.5
detergent_1kg,561,4,60,6,1.5
detergent_1kg,562,10,60,6,1.5
detergent_1kg,563,2,60,6,1.5
detergent_1kg,564,11,60,6,1.5
detergent_1kg,565,3,60,6,1.5
detergent_1kg,566,13,60,6,1.5
detergent_1kg,567,7,60,6,1.5
detergent_1kg,568,11,60,6,1.5
detergent_1kg,569,10,60,6,1.5
detergent_1kg,570,7,60,6,1.5
detergent_1kg,571,7,60,6,1.5
detergent_1kg,572,6,60,6,1.5
detergent_1kg,573,10,60,6,1.5
detergent_1kg,574,7,60,6,1.5
detergent_1kg,575,6,60,6,1.5
detergent_1kg,576,9,60,6,1.5
detergent_1kg,577,6,60,6,1.5
detergent_1kg,578,7,60,6,1.5
detergent_1kg,579,8,60,6,1.5
detergent_1kg,580,7,60,6,1.5
detergent_1kg,581,7,60,6,1.5
detergent_1kg,582,11,60,6,1.5
detergent_1kg,583,8,60,6,1.5
detergent_1kg,584,7,60,6,1.5
detergent_1kg,585,8,60,6,1.5
detergent_1kg,586,9,60,6,1.5
detergent_1kg,587,6,60,6,1.5
detergent_1kg,588,9,60,6,1.5
detergent_1kg,589,9,60,6,1.5
detergent_1kg,590,4,60,6,1.5
detergent_1kg,591,12,60,6,1.5
detergent_1kg,592,11,60,6,1.5
detergent_1kg,593,6,60,6,1.5
detergent_1kg,594,5,60,6,1.5
detergent_1kg,595,9,60,6,1.5
detergent_1kg,596,5,60,6,1.5
detergent_1kg,597,11,60,6,1.5
detergent_1kg,598,7,60,6,1.5
detergent_1kg,599,12,60,6,1.5
detergent_1kg,600,6,60,6,1.5
detergent_1kg,601,8,60,6,1.5
detergent_1kg,602,11,60,6,1.5
detergent_1kg,603,7,60,6,1.5
detergent_1kg,604,9,60,6,1.5
detergent_1kg,605,10,60,6,1.5
detergent_1kg,606,7,60,6,1.5
detergent_1kg,607,5,60,6,1.5
detergent_1kg,608,5,60,6,1.5
detergent_1kg,609,9,60,6,1.5
detergent_1kg,610,9,60,6,1.5
detergent_1kg,611,10,60,6,1.5
detergent_1kg,612,7,60,6,1.5
detergent_1kg,613,5,60,6,1.5
detergent_1kg,614,3,60,6,1.5
detergent_1kg,615,14,60,6,1.5
detergent_1kg,616,9,60,6,1.5
detergent_1kg,617,8,60,6,1.5
detergent_1kg,618,9,60,6,1.5
detergent_1kg,619,5,60,6,1.5
detergent_1kg,620,6,60,6,1.5
detergent_1kg,621,12,60,6,1.5
detergent_1kg,622,9,60,6,1.5
detergent_1kg,623,6,60,6,1.5
detergent_1kg,624,5,60,6,1.5
detergent_1kg,625,7,60,6,1.5
detergent_1kg,626,7,60,6,1.5
detergent_1kg,627,13,60,6,1.5
detergent_1kg,628,8,60,6,1.5
detergent_1kg,629,5,60,6,1.5
detergent_1kg,630,8,60,6,1.5
detergent_1kg,631,9,60,6,1.5
detergent_1kg,632,5,60,6,1.5
detergent_1kg,633,9,60,6,1.5
detergent_1kg,634,11,60,6,1.5
detergent_1kg,635,8,60,6,1.5
detergent_1kg,636,6,60,6,1.5
detergent_1kg,637,7,60,6,1.5
detergent_1kg,638,4,60,6,1.5
detergent_1kg,639,8,60,6,1.5
detergent_1kg,640,9,60,6,1.5
detergent_1kg,641,6,60,6,1.5
detergent_1kg,642,12,60,6,1.5
detergent_1kg,643,10,60,6,1.5
detergent_1kg,644,4,60,6,1.5
detergent_1kg,645,4,60,6,1.5
detergent_1kg,646,6,60,6,1.5
detergent_1kg,647,12,60,6,1.5
detergent_1kg,648,10,60,6,1.5
detergent_1kg,649,12,60,6,1.5
detergent_1kg,650,8,60,6,1.5
detergent_1kg,651,8,60,6,1.5
detergent_1kg,652,5,60,6,1.5
detergent_1kg,653,9,60,6,1.5
detergent_1kg,654,8,60,6,1.5
detergent_1kg,655,7,60,6,1.5
detergent_1kg,656,12,60,6,1.5
detergent_1kg,657,8,60,6,1.5
detergent_1kg,658,11,60,6,1.5
detergent_1kg,659,4,60,6,1.5
detergent_1kg,660,14,60,6,1.5
detergent_1kg,661,7,60,6,1.5
detergent_1kg,662,10,60,6,1.5
detergent_1kg,663,10,60,6,1.5
detergent_1kg,664,7,60,6,1.5
detergent_1kg,665,10,60,6,1.5
detergent_1kg,666,10,60,6,1.5
detergent_1kg,667,6,60,6,1.5
detergent_1kg,668,6,60,6,1.5
detergent_1kg,669,8,60,6,1.5
detergent_1kg,670,8,60,6,1.5
detergent_1kg,671,11,60,6,1.5
detergent_1kg,672,10,60,6,1.5
detergent_1kg,673,8,60,6,1.5
detergent_1kg,674,9,60,6,1.5
detergent_1kg,675,3,60,6,1.5
detergent_1kg,676,7,60,6,1.5
detergent_1kg,677,9,60,6,1.5
detergent_1kg,678,10,60,6,1.5
detergent_1kg,679,8,60,6,1.5
detergent_1kg,680,11,60,6,1.5
detergent_1kg,681,10,60,6,1.5
detergent_1kg,682,7,60,6,1.5
detergent_1kg,683,8,60,6,1.5
detergent_1kg,684,9,60,6,1.5
detergent_1kg,685,7,60,6,1.5
detergent_1kg,686,11,60,6,1.5
detergent_1kg,687,6,60,6,1.5
detergent_1kg,688,9,60,6,1.5
detergent_1kg,689,10,60,6,1.5
detergent_1kg,690,7,60,6,1.5
detergent_1kg,691,7,60,6,1.5
detergent_1kg,692,8,60,6,1.5
detergent_1kg,693,10,60,6,1.5
detergent_1kg,694,7,60,6,1.5
detergent_1kg,695,6,60,6,1.5
detergent_1kg,696,11,60,6,1.5
detergent_1kg,697,9,60,6,1.5
detergent_1kg,698,10,60,6,1.5
detergent_1kg,699,10,60,6,1.5
detergent_1kg,700,13,60,6,1.5
detergent_1kg,701,10,60,6,1.5
detergent_1kg,702,6,60,6,1.5
detergent_1kg,703,9,60,6,1.5
detergent_1kg,704,7,60,6,1.5
detergent_1kg,705,7,60,6,1.5
detergent_1kg,706,5,60,6,1.5
detergent_1kg,707,7,60,6,1.5
detergent_1kg,708,9,60,6,1.5
detergent_1kg,709,8,60,6,1.5
detergent_1kg,710,6,60,6,1.5
detergent_1kg,711,5,60,6,1.5
detergent_1kg,712,13,60,6,1.5
detergent_1kg,713,9,60,6,1.5
detergent_1kg,714,6,60,6,1.5
detergent_1kg,715,9,60,6,1.5
detergent_1kg,716,13,60,6,1.5
detergent_1kg,717,9,60,6,1.5
detergent_1kg,718,2,60,6,1.5
detergent_1kg,719,14,60,6,1.5
detergent_1kg,720,4,60,6,1.5
detergent_1kg,721,8,60,6,1.5
detergent_1kg,722,5,60,6,1.5
detergent_1kg,723,6,60,6,1.5
detergent_1kg,724,9,60,6,1.5
detergent_1kg,725,3,60,6,1.5
detergent_1kg,726,8,60,6,1.5
detergent_1kg,727,11,60,6,1.5
detergent_1kg,728,6,60,6,1.5
detergent_1kg,729,5,60,6,1.5
designer_soap,0,0,400,15,5.0
designer_soap,1,0,400,15,5.0
designer_soap,2,1,400,15,5.0
designer_soap,3,0,400,15,5.0
designer_soap,4,0,400,15,5.0
designer_soap,5,0,400,15,5.0
designer_soap,6,0,400,15,5.0
designer_soap,7,0,400,15,5.0
designer_soap,8,0,400,15,5.0
designer_soap,9,0,400,15,5.0
designer_soap,10,0,400,15,5.0
designer_soap,11,0,400,15,5.0
designer_soap,12,0,400,15,5.0
designer_soap,13,1,400,15,5.0
designer_soap,14,0,400,15,5.0
designer_soap,15,0,400,15,5.0
designer_soap,16,1,400,15,5.0
designer_soap,17,2,400,15,5.0
designer_soap,18,1,400,15,5.0
designer_soap,19,0,400,15,5.0
designer_soap,20,0,400,15,5.0
designer_soap,21,0,400,15,5.0
designer_soap,22,0,400,15,5.0
designer_soap,23,0,400,15,5.0
designer_soap,24,0,400,15,5.0
designer_soap,25,0,400,15,5.0
designer_soap,26,1,400,15,5.0
designer_soap,27,1,400,15,5.0
designer_soap,28,0,400,15,5.0
designer_soap,29,1,400,15,5.0
designer_soap,30,0,400,15,5.0
designer_soap,31,0,400,15,5.0
designer_soap,32,0,400,15,5.0
designer_soap,33,0,400,15,5.0
designer_soap,34,1,400,15,5.0
designer_soap,35,0,400,15,5.0
designer_soap,36,0,400,15,5.0
designer_soap,37,0,400,15,5.0
designer_soap,38,8,400,15,5.0
designer_soap,39,0,400,15,5.0
designer_soap,40,0,400,15,5.0
designer_soap,41,0,400,15,5.0
designer_soap,42,0,400,15,5.0
designer_soap,43,0,400,15,5.0
designer_soap,44,0,400,15,5.0
designer_soap,45,0,400,15,5.0
designer_soap,46,0,400,15,5.0
designer_soap,47,0,400,15,5.0
designer_soap,48,0,400,15,5.0
designer_soap,49,0,400,15,5.0
designer_soap,50,0,400,15,5.0
designer_soap,51,2,400,15,5.0
designer_soap,52,1,400,15,5.0
designer_soap,53,0,400,15,5.0
designer_soap,54,0,400,15,5.0
designer_soap,55,0,400,15,5.0
designer_soap,56,0,400,15,5.0
designer_soap,57,1,400,15,5.0
designer_soap,58,0,400,15,5.0
designer_soap,59,0,400,15,5.0
designer_soap,60,0,400,15,5.0
designer_soap,61,0,400,15,5.0
designer_soap,62,0,400,15,5.0
designer_soap,63,0,400,15,5.0
designer_soap,64,0,400,15,5.0
designer_soap,65,0,400,15,5.0
designer_soap,66,8,400,15,5.0
designer_soap,67,0,400,15,5.0
designer_soap,68,7,400,15,5.0
designer_soap,69,0,400,15,5.0
designer_soap,70,0,400,15,5.0
designer_soap,71,0,400,15,5.0
designer_soap,72,5,400,15,5.0
designer_soap,73,1,400,15,5.0
designer_soap,74,0,400,15,5.0
designer_soap,75,1,400,15,5.0
designer_soap,76,1,400,15,5.0
designer_soap,77,1,400,15,5.0
designer_soap,78,1,400,15,5.0
designer_soap,79,8,400,15,5.0
designer_soap,80,0,400,15,5.0
designer_soap,81,0,400,15,5.0
designer_soap,82,0,400,15,5.0
designer_soap,83,1,400,15,5.0
designer_soap,84,0,400,15,5.0
designer_soap,85,0,400,15,5.0
designer_soap,86,0,400,15,5.0
designer_soap,87,1,400,15,5.0
designer_soap,88,0,400,15,5.0
designer_soap,89,0,400,15,5.0
designer_soap,90,0,400,15,5.0
designer_soap,91,0,400,15,5.0
designer_soap,92,0,400,15,5.0
designer_soap,93,0,400,15,5.0
designer_soap,94,0,400,15,5.0
designer_soap,95,0,400,15,5.0
designer_soap,96,0,400,15,5.0
designer_soap,97,0,400,15,5.0
designer_soap,98,8,400,15,5.0
designer_soap,99,0,400,15,5.0
designer_soap,100,0,400,15,5.0
designer_soap,101,0,400,15,5.0
designer_soap,102,0,400,15,5.0
designer_soap,103,5,400,15,5.0
designer_soap,104,0,400,15,5.0
designer_soap,105,0,400,15,5.0
designer_soap,106,0,400,15,5.0
designer_soap,107,0,400,15,5.0
designer_soap,108,0,400,15,5.0
designer_soap,109,0,400,15,5.0
designer_soap,110,0,400,15,5.0
designer_soap,111,0,400,15,5.0
designer_soap,112,0,400,15,5.0
designer_soap,113,0,400,15,5.0
designer_soap,114,0,400,15,5.0
designer_soap,115,0,400,15,5.0
designer_soap,116,0,400,15,5.0
designer_soap,117,0,400,15,5.0
designer_soap,118,0,400,15,5.0
designer_soap,119,0,400,15,5.0
designer_soap,120,0,400,15,5.0
designer_soap,121,0,400,15,5.0
designer_soap,122,0,400,15,5.0
designer_soap,123,0,400,15,5.0
designer_soap,124,0,400,15,5.0
designer_soap,125,0,400,15,5.0
designer_soap,126,8,400,15,5.0
designer_soap,127,0,400,15,5.0
designer_soap,128,0,400,15,5.0
designer_soap,129,1,400,15,5.0
designer_soap,130,0,400,15,5.0
designer_soap,131,0,400,15,5.0
designer_soap,132,0,400,15,5.0
designer_soap,133,0,400,15,5.0
designer_soap,134,0,400,15,5.0
designer_soap,135,0,400,15,5.0
designer_soap,136,0,400,15,5.0
designer_soap,137,0,400,15,5.0
designer_soap,138,0,400,15,5.0
designer_soap,139,9,400,15,5.0
designer_soap,140,0,400,15,5.0
designer_soap,141,1,400,15,5.0
designer_soap,142,1,400,15,5.0
designer_soap,143,0,400,15,5.0
designer_soap,144,0,400,15,5.0
designer_soap,145,0,400,15,5.0
designer_soap,146,0,400,15,5.0
designer_soap,147,0,400,15,5.0
designer_soap,148,0,400,15,5.0
designer_soap,149,0,400,15,5.0
designer_soap,150,1,400,15,5.0
designer_soap,151,0,400,15,5.0
designer_soap,152,0,400,15,5.0
designer_soap,153,0,400,15,5.0
designer_soap,154,0,400,15,5.0
designer_soap,155,0,400,15,5.0
designer_soap,156,0,400,15,5.0
designer_soap,157,4,400,15,5.0
designer_soap,158,0,400,15,5.0
designer_soap,159,0,400,15,5.0
designer_soap,160,0,400,15,5.0
designer_soap,161,0,400,15,5.0
designer_soap,162,0,400,15,5.0
designer_soap,163,0,400,15,5.0
designer_soap,164,1,400,15,5.0
designer_soap,165,1,400,15,5.0
designer_soap,166,0,400,15,5.0
designer_soap,167,0,400,15,5.0
designer_soap,168,0,400,15,5.0
designer_soap,169,1,400,15,5.0
designer_soap,170,0,400,15,5.0
designer_soap,171,1,400,15,5.0
designer_soap,172,0,400,15,5.0
designer_soap,173,5,400,15,5.0
designer_soap,174,0,400,15,5.0
designer_soap,175,0,400,15,5.0
designer_soap,176,0,400,15,5.0
designer_soap,177,0,400,15,5.0
designer_soap,178,0,400,15,5.0
designer_soap,179,0,400,15,5.0
designer_soap,180,0,400,15,5.0
designer_soap,181,0,400,15,5.0
designer_soap,182,0,400,15,5.0
designer_soap,183,0,400,15,5.0
designer_soap,184,0,400,15,5.0
designer_soap,185,0,400,15,5.0
designer_soap,186,1,400,15,5.0
designer_soap,187,0,400,15,5.0
designer_soap,188,1,400,15,5.0
designer_soap,189,0,400,15,5.0
designer_soap,190,0,400,15,5.0
designer_soap,191,0,400,15,5.0
designer_soap,192,1,400,15,5.0
designer_soap,193,1,400,15,5.0
designer_soap,194,11,400,15,5.0
designer_soap,195,0,400,15,5.0
designer_soap,196,2,400,15,5.0
designer_soap,197,1,400,15,5.0
designer_soap,198,0,400,15,5.0
designer_soap,199,0,400,15,5.0
designer_soap,200,1,400,15,5.0
designer_soap,201,0,400,15,5.0
designer_soap,202,1,400,15,5.0
designer_soap,203,0,400,15,5.0
designer_soap,204,0,400,15,5.0
designer_soap,205,7,400,15,5.0
designer_soap,206,0,400,15,5.0
designer_soap,207,0,400,15,5.0
designer_soap,208,1,400,15,5.0
designer_soap,209,0,400,15,5.0
designer_soap,210,1,400,15,5.0
designer_soap,211,1,400,15,5.0
designer_soap,212,1,400,15,5.0
designer_soap,213,0,400,15,5.0
designer_soap,214,0,400,15,5.0
designer_soap,215,2,400,15,5.0
designer_soap,216,0,400,15,5.0
designer_soap,217,0,400,15,5.0
designer_soap,218,0,400,15,5.0
designer_soap,219,1,400,15,5.0
designer_soap,220,0,400,15,5.0
designer_soap,221,1,400,15,5.0
designer_soap,222,0,400,15,5.0
designer_soap,223,0,400,15,5.0
designer_soap,224,0,400,15,5.0
designer_soap,225,0,400,15,5.0
designer_soap,226,0,400,15,5.0
designer_soap,227,0,400,15,5.0
designer_soap,228,0,400,15,5.0
designer_soap,229,0,400,15,5.0
designer_soap,230,0,400,15,5.0
designer_soap,231,0,400,15,5.0
designer_soap,232,0,400,15,5.0
designer_soap,233,0,400,15,5.0
designer_soap,234,0,400,15,5.0
designer_soap,235,0,400,15,5.0
designer_soap,236,0,400,15,5.0
designer_soap,237,0,400,15,5.0
designer_soap,238,0,400,15,5.0
designer_soap,239,12,400,15,5.0
designer_soap,240,0,400,15,5.0
designer_soap,241,0,400,15,5.0
designer_soap,242,0,400,15,5.0
designer_soap,243,0,400,15,5.0
designer_soap,244,1,400,15,5.0
designer_soap,245,0,400,15,5.0
designer_soap,246,0,400,15,5.0
designer_soap,247,0,400,15,5.0
designer_soap,248,0,400,15,5.0
designer_soap,249,1,400,15,5.0
designer_soap,250,0,400,15,5.0
designer_soap,251,1,400,15,5.0
designer_soap,252,0,400,15,5.0
designer_soap,253,0,400,15,5.0
designer_soap,254,0,400,15,5.0
designer_soap,255,1,400,15,5.0
designer_soap,256,1,400,15,5.0
designer_soap,257,0,400,15,5.0
designer_soap,258,0,400,15,5.0
designer_soap,259,0,400,15,5.0
designer_soap,260,0,400,15,5.0
designer_soap,261,0,400,15,5.0
designer_soap,262,0,400,15,5.0
designer_soap,263,0,400,15,5.0
designer_soap,264,1,400,15,5.0
designer_soap,265,0,400,15,5.0
designer_soap,266,0,400,15,5.0
designer_soap,267,0,400,15,5.0
designer_soap,268,2,400,15,5.0
designer_soap,269,0,400,15,5.0
designer_soap,270,0,400,15,5.0
designer_soap,271,0,400,15,5.0
designer_soap,272,0,400,15,5.0
designer_soap,273,0,400,15,5.0
designer_soap,274,1,400,15,5.0
designer_soap,275,0,400,15,5.0
designer_soap,276,0,400,15,5.0
designer_soap,277,5,400,15,5.0
designer_soap,278,0,400,15,5.0
designer_soap,279,1,400,15,5.0
designer_soap,280,0,400,15,5.0
designer_soap,281,0,400,15,5.0
designer_soap,282,0,400,15,5.0
designer_soap,283,0,400,15,5.0
designer_soap,284,0,400,15,5.0
designer_soap,285,1,400,15,5.0
designer_soap,286,0,400,15,5.0
designer_soap,287,0,400,15,5.0
designer_soap,288,0,400,15,5.0
designer_soap,289,0,400,15,5.0
designer_soap,290,0,400,15,5.0
designer_soap,291,0,400,15,5.0
designer_soap,292,0,400,15,5.0
designer_soap,293,0,400,15,5.0
designer_soap,294,8,400,15,5.0
designer_soap,295,0,400,15,5.0
designer_soap,296,0,400,15,5.0
designer_soap,297,0,400,15,5.0
designer_soap,298,1,400,15,5.0
designer_soap,299,0,400,15,5.0
designer_soap,300,0,400,15,5.0
designer_soap,301,0,400,15,5.0
designer_soap,302,1,400,15,5.0
designer_soap,303,0,400,15,5.0
designer_soap,304,0,400,15,5.0
designer_soap,305,0,400,15,5.0
designer_soap,306,2,400,15,5.0
designer_soap,307,0,400,15,5.0
designer_soap,308,0,400,15,5.0
designer_soap,309,0,400,15,5.0
designer_soap,310,0,400,15,5.0
designer_soap,311,1,400,15,5.0
designer_soap,312,0,400,15,5.0
designer_soap,313,0,400,15,5.0
designer_soap,314,2,400,15,5.0
designer_soap,315,0,400,15,5.0
designer_soap,316,0,400,15,5.0
designer_soap,317,0,400,15,5.0
designer_soap,318,2,400,15,5.0
designer_soap,319,0,400,15,5.0
designer_soap,320,0,400,15,5.0
designer_soap,321,1,400,15,5.0
designer_soap,322,1,400,15,5.0
designer_soap,323,1,400,15,5.0
designer_soap,324,0,400,15,5.0
designer_soap,325,0,400,15,5.0
designer_soap,326,0,400,15,5.0
designer_soap,327,9,400,15,5.0
designer_soap,328,1,400,15,5.0
designer_soap,329,14,400,15,5.0
designer_soap,330,0,400,15,5.0
designer_soap,331,1,400,15,5.0
designer_soap,332,2,400,15,5.0
designer_soap,333,0,400,15,5.0
designer_soap,334,0,400,15,5.0
designer_soap,335,0,400,15,5.0
designer_soap,336,0,400,15,5.0
designer_soap,337,1,400,15,5.0
designer_soap,338,0,400,15,5.0
designer_soap,339,1,400,15,5.0
designer_soap,340,1,400,15,5.0
designer_soap,341,0,400,15,5.0
designer_soap,342,0,400,15,5.0
designer_soap,343,0,400,15,5.0
designer_soap,344,0,400,15,5.0
designer_soap,345,0,400,15,5.0
designer_soap,346,1,400,15,5.0
designer_soap,347,0,400,15,5.0
designer_soap,348,0,400,15,5.0
designer_soap,349,0,400,15,5.0
designer_soap,350,0,400,15,5.0
designer_soap,351,0,400,15,5.0
designer_soap,352,1,400,15,5.0
designer_soap,353,1,400,15,5.0
designer_soap,354,0,400,15,5.0
designer_soap,355,0,400,15,5.0
designer_soap,356,0,400,15,5.0
designer_soap,357,0,400,15,5.0
designer_soap,358,1,400,15,5.0
designer_soap,359,0,400,15,5.0
designer_soap,360,0,400,15,5.0
designer_soap,361,1,400,15,5.0
designer_soap,362,8,400,15,5.0
designer_soap,363,0,400,15,5.0
designer_soap,364,0,400,15,5.0
designer_soap,365,1,400,15,5.0
designer_soap,366,0,400,15,5.0
designer_soap,367,0,400,15,5.0
designer_soap,368,0,400,15,5.0
designer_soap,369,0,400,15,5.0
designer_soap,370,1,400,15,5.0
designer_soap,371,0,400,15,5.0
designer_soap,372,0,400,15,5.0
designer_soap,373,11,400,15,5.0
designer_soap,374,0,400,15,5.0
designer_soap,375,0,400,15,5.0
designer_soap,376,0,400,15,5.0
designer_soap,377,1,400,15,5.0
designer_soap,378,0,400,15,5.0
designer_soap,379,1,400,15,5.0
designer_soap,380,0,400,15,5.0
designer_soap,381,0,400,15,5.0
designer_soap,382,0,400,15,5.0
designer_soap,383,0,400,15,5.0
designer_soap,384,0,400,15,5.0
designer_soap,385,0,400,15,5.0
designer_soap,386,0,400,15,5.0
designer_soap,387,0,400,15,5.0
designer_soap,388,0,400,15,5.0
designer_soap,389,0,400,15,5.0
designer_soap,390,0,400,15,5.0
designer_soap,391,0,400,15,5.0
designer_soap,392,0,400,15,5.0
designer_soap,393,0,400,15,5.0
designer_soap,394,0,400,15,5.0
designer_soap,395,0,400,15,5.0
designer_soap,396,0,400,15,5.0
designer_soap,397,1,400,15,5.0
designer_soap,398,0,400,15,5.0
designer_soap,399,0,400,15,5.0
designer_soap,400,0,400,15,5.0
designer_soap,401,10,400,15,5.0
designer_soap,402,0,400,15,5.0
designer_soap,403,0,400,15,5.0
designer_soap,404,1,400,15,5.0
designer_soap,405,0,400,15,5.0
designer_soap,406,0,400,15,5.0
designer_soap,407,0,400,15,5.0
designer_soap,408,0,400,15,5.0
designer_soap,409,6,400,15,5.0
designer_soap,410,0,400,15,5.0
designer_soap,411,0,400,15,5.0
designer_soap,412,0,400,15,5.0
designer_soap,413,0,400,15,5.0
designer_soap,414,0,400,15,5.0
designer_soap,415,0,400,15,5.0
designer_soap,416,0,400,15,5.0
designer_soap,417,1,400,15,5.0
designer_soap,418,1,400,15,5.0
designer_soap,419,0,400,15,5.0
designer_soap,420,0,400,15,5.0
designer_soap,421,0,400,15,5.0
designer_soap,422,0,400,15,5.0
designer_soap,423,0,400,15,5.0
designer_soap,424,0,400,15,5.0
designer_soap,425,0,400,15,5.0
designer_soap,426,0,400,15,5.0
designer_soap,427,0,400,15,5.0
designer_soap,428,0,400,15,5.0
designer_soap,429,1,400,15,5.0
designer_soap,430,0,400,15,5.0
designer_soap,431,0,400,15,5.0
designer_soap,432,0,400,15,5.0
designer_soap,433,1,400,15,5.0
designer_soap,434,0,400,15,5.0
designer_soap,435,0,400,15,5.0
designer_soap,436,5,400,15,5.0
designer_soap,437,0,400,15,5.0
designer_soap,438,0,400,15,5.0
designer_soap,439,0,400,15,5.0
designer_soap,440,0,400,15,5.0
designer_soap,441,1,400,15,5.0
designer_soap,442,0,400,15,5.0
designer_soap,443,0,400,15,5.0
designer_soap,444,0,400,15,5.0
designer_soap,445,9,400,15,5.0
designer_soap,446,0,400,15,5.0
designer_soap,447,0,400,15,5.0
designer_soap,448,0,400,15,5.0
designer_soap,449,0,400,15,5.0
designer_soap,450,0,400,15,5.0
designer_soap,451,0,400,15,5.0
designer_soap,452,0,400,15,5.0
designer_soap,453,0,400,15,5.0
designer_soap,454,1,400,15,5.0
designer_soap,455,0,400,15,5.0
designer_soap,456,1,400,15,5.0
designer_soap,457,2,400,15,5.0
designer_soap,458,1,400,15,5.0
designer_soap,459,0,400,15,5.0
designer_soap,460,1,400,15,5.0
designer_soap,461,0,400,15,5.0
designer_soap,462,0,400,15,5.0
designer_soap,463,0,400,15,5.0
designer_soap,464,1,400,15,5.0
designer_soap,465,0,400,15,5.0
designer_soap,466,0,400,15,5.0
designer_soap,467,0,400,15,5.0
designer_soap,468,1,400,15,5.0
designer_soap,469,0,400,15,5.0
designer_soap,470,0,400,15,5.0
designer_soap,471,0,400,15,5.0
designer_soap,472,0,400,15,5.0
designer_soap,473,0,400,15,5.0
designer_soap,474,0,400,15,5.0
designer_soap,475,1,400,15,5.0
designer_soap,476,0,400,15,5.0
designer_soap,477,10,400,15,5.0
designer_soap,478,1,400,15,5.0
designer_soap,479,0,400,15,5.0
designer_soap,480,2,400,15,5.0
designer_soap,481,0,400,15,5.0
designer_soap,482,0,400,15,5.0
designer_soap,483,0,400,15,5.0
designer_soap,484,0,400,15,5.0
designer_soap,485,0,400,15,5.0
designer_soap,486,0,400,15,5.0
designer_soap,487,0,400,15,5.0
designer_soap,488,1,400,15,5.0
designer_soap,489,1,400,15,5.0
designer_soap,490,0,400,15,5.0
designer_soap,491,0,400,15,5.0
designer_soap,492,0,400,15,5.0
designer_soap,493,4,400,15,5.0
designer_soap,494,0,400,15,5.0
designer_soap,495,0,400,15,5.0
designer_soap,496,0,400,15,5.0
designer_soap,497,0,400,15,5.0
designer_soap,498,0,400,15,5.0
designer_soap,499,0,400,15,5.0
designer_soap,500,0,400,15,5.0
designer_soap,501,0,400,15,5.0
designer_soap,502,0,400,15,5.0
designer_soap,503,0,400,15,5.0
designer_soap,504,1,400,15,5.0
designer_soap,505,0,400,15,5.0
designer_soap,506,0,400,15,5.0
designer_soap,507,0,400,15,5.0
designer_soap,508,0,400,15,5.0
designer_soap,509,0,400,15,5.0
designer_soap,510,0,400,15,5.0
designer_soap,511,1,400,15,5.0
designer_soap,512,0,400,15,5.0
designer_soap,513,1,400,15,5.0
designer_soap,514,0,400,15,5.0
designer_soap,515,0,400,15,5.0
designer_soap,516,0,400,15,5.0
designer_soap,517,1,400,15,5.0
designer_soap,518,0,400,15,5.0
designer_soap,519,0,400,15,5.0
designer_soap,520,0,400,15,5.0
designer_soap,521,0,400,15,5.0
designer_soap,522,0,400,15,5.0
designer_soap,523,0,400,15,5.0
designer_soap,524,8,400,15,5.0
designer_soap,525,1,400,15,5.0
designer_soap,526,1,400,15,5.0
designer_soap,527,9,400,15,5.0
designer_soap,528,1,400,15,5.0
designer_soap,529,0,400,15,5.0
designer_soap,530,0,400,15,5.0
designer_soap,531,2,400,15,5.0
designer_soap,532,0,400,15,5.0
designer_soap,533,1,400,15,5.0
designer_soap,534,0,400,15,5.0
designer_soap,535,0,400,15,5.0
designer_soap,536,0,400,15,5.0
designer_soap,537,1,400,15,5.0
designer_soap,538,0,400,15,5.0
designer_soap,539,0,400,15,5.0
designer_soap,540,0,400,15,5.0
designer_soap,541,1,400,15,5.0
designer_soap,542,0,400,15,5.0
designer_soap,543,0,400,15,5.0
designer_soap,544,0,400,15,5.0
designer_soap,545,1,400,15,5.0
designer_soap,546,0,400,15,5.0
designer_soap,547,1,400,15,5.0
designer_soap,548,0,400,15,5.0
designer_soap,549,0,400,15,5.0
designer_soap,550,1,400,15,5.0
designer_soap,551,0,400,15,5.0
designer_soap,552,0,400,15,5.0
designer_soap,553,0,400,15,5.0
designer_soap,554,0,400,15,5.0
designer_soap,555,0,400,15,5.0
designer_soap,556,0,400,15,5.0
designer_soap,557,0,400,15,5.0
designer_soap,558,0,400,15,5.0
designer_soap,559,0,400,15,5.0
designer_soap,560,0,400,15,5.0
designer_soap,561,1,400,15,5.0
designer_soap,562,1,400,15,5.0
designer_soap,563,1,400,15,5.0
designer_soap,564,0,400,15,5.0
designer_soap,565,0,400,15,5.0
designer_soap,566,0,400,15,5.0
designer_soap,567,0,400,15,5.0
designer_soap,568,0,400,15,5.0
designer_soap,569,0,400,15,5.0
designer_soap,570,0,400,15,5.0
designer_soap,571,0,400,15,5.0
designer_soap,572,1,400,15,5.0
designer_soap,573,0,400,15,5.0
designer_soap,574,0,400,15,5.0
designer_soap,575,0,400,15,5.0
designer_soap,576,1,400,15,5.0
designer_soap,577,0,400,15,5.0
designer_soap,578,0,400,15,5.0
designer_soap,579,0,400,15,5.0
designer_soap,580,2,400,15,5.0
designer_soap,581,0,400,15,5.0
designer_soap,582,0,400,15,5.0
designer_soap,583,0,400,15,5.0
designer_soap,584,0,400,15,5.0
designer_soap,585,0,400,15,5.0
designer_soap,586,0,400,15,5.0
designer_soap,587,1,400,15,5.0
designer_soap,588,0,400,15,5.0
designer_soap,589,0,400,15,5.0
designer_soap,590,1,400,15,5.0
designer_soap,591,1,400,15,5.0
designer_soap,592,0,400,15,5.0
designer_soap,593,0,400,15,5.0
designer_soap,594,7,400,15,5.0
designer_soap,595,0,400,15,5.0
designer_soap,596,0,400,15,5.0
designer_soap,597,0,400,15,5.0
designer_soap,598,0,400,15,5.0
designer_soap,599,0,400,15,5.0
designer_soap,600,0,400,15,5.0
designer_soap,601,0,400,15,5.0
designer_soap,602,0,400,15,5.0
designer_soap,603,1,400,15,5.0
designer_soap,604,0,400,15,5.0
designer_soap,605,0,400,15,5.0
designer_soap,606,0,400,15,5.0
designer_soap,607,0,400,15,5.0
designer_soap,608,0,400,15,5.0
designer_soap,609,0,400,15,5.0
designer_soap,610,0,400,15,5.0
designer_soap,611,0,400,15,5.0
designer_soap,612,0,400,15,5.0
designer_soap,613,0,400,15,5.0
designer_soap,614,0,400,15,5.0
designer_soap,615,4,400,15,5.0
designer_soap,616,0,400,15,5.0
designer_soap,617,0,400,15,5.0
designer_soap,618,0,400,15,5.0
designer_soap,619,1,400,15,5.0
designer_soap,620,0,400,15,5.0
designer_soap,621,2,400,15,5.0
designer_soap,622,1,400,15,5.0
designer_soap,623,1,400,15,5.0
designer_soap,624,0,400,15,5.0
designer_soap,625,1,400,15,5.0
designer_soap,626,1,400,15,5.0
designer_soap,627,0,400,15,5.0
designer_soap,628,1,400,15,5.0
designer_soap,629,1,400,15,5.0
designer_soap,630,0,400,15,5.0
designer_soap,631,0,400,15,5.0
designer_soap,632,0,400,15,5.0
designer_soap,633,0,400,15,5.0
designer_soap,634,0,400,15,5.0
designer_soap,635,0,400,15,5.0
designer_soap,636,8,400,15,5.0
designer_soap,637,0,400,15,5.0
designer_soap,638,0,400,15,5.0
designer_soap,639,0,400,15,5.0
designer_soap,640,0,400,15,5.0
designer_soap,641,0,400,15,5.0
designer_soap,642,0,400,15,5.0
designer_soap,643,0,400,15,5.0
designer_soap,644,0,400,15,5.0
designer_soap,645,1,400,15,5.0
designer_soap,646,0,400,15,5.0
designer_soap,647,2,400,15,5.0
designer_soap,648,1,400,15,5.0
designer_soap,649,0,400,15,5.0
designer_soap,650,0,400,15,5.0
designer_soap,651,0,400,15,5.0
designer_soap,652,2,400,15,5.0
designer_soap,653,0,400,15,5.0
designer_soap,654,0,400,15,5.0
designer_soap,655,0,400,15,5.0
designer_soap,656,0,400,15,5.0
designer_soap,657,0,400,15,5.0
designer_soap,658,1,400,15,5.0
designer_soap,659,0,400,15,5.0
designer_soap,660,1,400,15,5.0
designer_soap,661,0,400,15,5.0
designer_soap,662,0,400,15,5.0
designer_soap,663,0,400,15,5.0
designer_soap,664,0,400,15,5.0
designer_soap,665,0,400,15,5.0
designer_soap,666,0,400,15,5.0
designer_soap,667,0,400,15,5.0
designer_soap,668,0,400,15,5.0
designer_soap,669,0,400,15,5.0
designer_soap,670,0,400,15,5.0
designer_soap,671,0,400,15,5.0
designer_soap,672,0,400,15,5.0
designer_soap,673,0,400,15,5.0
designer_soap,674,0,400,15,5.0
designer_soap,675,0,400,15,5.0
designer_soap,676,1,400,15,5.0
designer_soap,677,0,400,15,5.0
designer_soap,678,9,400,15,5.0
designer_soap,679,0,400,15,5.0
designer_soap,680,0,400,15,5.0
designer_soap,681,0,400,15,5.0
designer_soap,682,12,400,15,5.0
designer_soap,683,0,400,15,5.0
designer_soap,684,0,400,15,5.0
designer_soap,685,2,400,15,5.0
designer_soap,686,0,400,15,5.0
designer_soap,687,12,400,15,5.0
designer_soap,688,1,400,15,5.0
designer_soap,689,0,400,15,5.0
designer_soap,690,0,400,15,5.0
designer_soap,691,0,400,15,5.0
designer_soap,692,0,400,15,5.0
designer_soap,693,0,400,15,5.0
designer_soap,694,0,400,15,5.0
designer_soap,695,0,400,15,5.0
designer_soap,696,0,400,15,5.0
designer_soap,697,0,400,15,5.0
designer_soap,698,0,400,15,5.0
designer_soap,699,0,400,15,5.0
designer_soap,700,0,400,15,5.0
designer_soap,701,0,400,15,5.0
designer_soap,702,0,400,15,5.0
designer_soap,703,0,400,15,5.0
designer_soap,704,1,400,15,5.0
designer_soap,705,0,400,15,5.0
designer_soap,706,0,400,15,5.0
designer_soap,707,0,400,15,5.0
designer_soap,708,1,400,15,5.0
designer_soap,709,0,400,15,5.0
designer_soap,710,0,400,15,5.0
designer_soap,711,0,400,15,5.0
designer_soap,712,0,400,15,5.0
designer_soap,713,0,400,15,5.0
designer_soap,714,0,400,15,5.0
designer_soap,715,0,400,15,5.0
designer_soap,716,0,400,15,5.0
designer_soap,717,2,400,15,5.0
designer_soap,718,0,400,15,5.0
designer_soap,719,0,400,15,5.0
designer_soap,720,0,400,15,5.0
designer_soap,721,1,400,15,5.0
designer_soap,722,0,400,15,5.0
designer_soap,723,0,400,15,5.0
designer_soap,724,0,400,15,5.0
designer_soap,725,0,400,15,5.0
designer_soap,726,6,400,15,5.0
designer_soap,727,0,400,15,5.0
designer_soap,728,1,400,15,5.0
designer_soap,729,0,400,15,5.0
baby_formula,0,3,350,8,2.0
baby_formula,1,5,350,8,2.0
baby_formula,2,7,350,8,2.0
baby_formula,3,5,350,8,2.0
baby_formula,4,10,350,8,2.0
baby_formula,5,8,350,8,2.0
baby_formula,6,6,350,8,2.0
baby_formula,7,1,350,8,2.0
baby_formula,8,4,350,8,2.0
baby_formula,9,5,350,8,2.0
baby_formula,10,4,350,8,2.0
baby_formula,11,7,350,8,2.0
baby_formula,12,7,350,8,2.0
baby_formula,13,1,350,8,2.0
baby_formula,14,8,350,8,2.0
baby_formula,15,6,350,8,2.0
baby_formula,16,7,350,8,2.0
baby_formula,17,8,350,8,2.0
baby_formula,18,4,350,8,2.0
baby_formula,19,9,350,8,2.0
baby_formula,20,6,350,8,2.0
baby_formula,21,10,350,8,2.0
baby_formula,22,4,350,8,2.0
baby_formula,23,10,350,8,2.0
baby_formula,24,4,350,8,2.0
baby_formula,25,13,350,8,2.0
baby_formula,26,3,350,8,2.0
baby_formula,27,9,350,8,2.0
baby_formula,28,5,350,8,2.0
baby_formula,29,8,350,8,2.0
baby_formula,30,6,350,8,2.0
baby_formula,31,3,350,8,2.0
baby_formula,32,0,350,8,2.0
baby_formula,33,13,350,8,2.0
baby_formula,34,6,350,8,2.0
baby_formula,35,0,350,8,2.0
baby_formula,36,7,350,8,2.0
baby_formula,37,8,350,8,2.0
baby_formula,38,4,350,8,2.0
baby_formula,39,4,350,8,2.0
baby_formula,40,6,350,8,2.0
baby_formula,41,9,350,8,2.0
baby_formula,42,6,350,8,2.0
baby_formula,43,10,350,8,2.0
baby_formula,44,9,350,8,2.0
baby_formula,45,5,350,8,2.0
baby_formula,46,2,350,8,2.0
baby_formula,47,5,350,8,2.0
baby_formula,48,7,350,8,2.0
baby_formula,49,6,350,8,2.0
baby_formula,50,8,350,8,2.0
baby_formula,51,8,350,8,2.0
baby_formula,52,7,350,8,2.0
baby_formula,53,5,350,8,2.0
baby_formula,54,7,350,8,2.0
baby_formula,55,12,350,8,2.0
baby_formula,56,2,350,8,2.0
baby_formula,57,7,350,8,2.0
baby_formula,58,11,350,8,2.0
baby_formula,59,3,350,8,2.0
baby_formula,60,9,350,8,2.0
baby_formula,61,9,350,8,2.0
baby_formula,62,2,350,8,2.0
baby_formula,63,8,350,8,2.0
baby_formula,64,5,350,8,2.0
baby_formula,65,6,350,8,2.0
baby_formula,66,5,350,8,2.0
baby_formula,67,10,350,8,2.0
baby_formula,68,6,350,8,2.0
baby_formula,69,5,350,8,2.0
baby_formula,70,5,350,8,2.0
baby_formula,71,5,350,8,2.0
baby_formula,72,3,350,8,2.0
baby_formula,73,5,350,8,2.0
baby_formula,74,6,350,8,2.0
baby_formula,75,7,350,8,2.0
baby_formula,76,9,350,8,2.0
baby_formula,77,7,350,8,2.0
baby_formula,78,5,350,8,2.0
baby_formula,79,3,350,8,2.0
baby_formula,80,7,350,8,2.0
baby_formula,81,6,350,8,2.0
baby_formula,82,6,350,8,2.0
baby_formula,83,7,350,8,2.0
baby_formula,84,7,350,8,2.0
baby_formula,85,7,350,8,2.0
baby_formula,86,6,350,8,2.0
baby_formula,87,4,350,8,2.0
baby_formula,88,4,350,8,2.0
baby_formula,89,8,350,8,2.0
baby_formula,90,5,350,8,2.0
baby_formula,91,2,350,8,2.0
baby_formula,92,9,350,8,2.0
baby_formula,93,3,350,8,2.0
baby_formula,94,6,350,8,2.0
baby_formula,95,7,350,8,2.0
baby_formula,96,6,350,8,2.0
baby_formula,97,0,350,8,2.0
baby_formula,98,7,350,8,2.0
baby_formula,99,10,350,8,2.0
baby_formula,100,8,350,8,2.0
baby_formula,101,0,350,8,2.0
baby_formula,102,12,350,8,2.0
baby_formula,103,2,350,8,2.0
baby_formula,104,3,350,8,2.0
baby_formula,105,8,350,8,2.0
baby_formula,106,7,350,8,2.0
baby_formula,107,6,350,8,2.0
baby_formula,108,4,350,8,2.0
baby_formula,109,10,350,8,2.0
baby_formula,110,6,350,8,2.0
baby_formula,111,2,350,8,2.0
baby_formula,112,9,350,8,2.0
baby_formula,113,7,350,8,2.0
baby_formula,114,9,350,8,2.0
baby_formula,115,8,350,8,2.0
baby_formula,116,12,350,8,2.0
baby_formula,117,5,350,8,2.0
baby_formula,118,6,350,8,2.0
baby_formula,119,8,350,8,2.0
baby_formula,120,5,350,8,2.0
baby_formula,121,8,350,8,2.0
baby_formula,122,0,350,8,2.0
baby_formula,123,6,350,8,2.0
baby_formula,124,6,350,8,2.0
baby_formula,125,6,350,8,2.0
baby_formula,126,4,350,8,2.0
baby_formula,127,8,350,8,2.0
baby_formula,128,5,350,8,2.0
baby_formula,129,7,350,8,2.0
baby_formula,130,6,350,8,2.0
baby_formula,131,7,350,8,2.0
baby_formula,132,10,350,8,2.0
baby_formula,133,7,350,8,2.0
baby_formula,134,8,350,8,2.0
baby_formula,135,6,350,8,2.0
baby_formula,136,5,350,8,2.0
baby_formula,137,6,350,8,2.0
baby_formula,138,5,350,8,2.0
baby_formula,139,8,350,8,2.0
baby_formula,140,6,350,8,2.0
baby_formula,141,4,350,8,2.0
baby_formula,142,5,350,8,2.0
baby_formula,143,2,350,8,2.0
baby_formula,144,6,350,8,2.0
baby_formula,145,6,350,8,2.0
baby_formula,146,11,350,8,2.0
baby_formula,147,10,350,8,2.0
baby_formula,148,3,350,8,2.0
baby_formula,149,7,350,8,2.0
baby_formula,150,7,350,8,2.0
baby_formula,151,5,350,8,2.0
baby_formula,152,6,350,8,2.0
baby_formula,153,5,350,8,2.0
baby_formula,154,11,350,8,2.0
baby_formula,155,5,350,8,2.0
baby_formula,156,7,350,8,2.0
baby_formula,157,0,350,8,2.0
baby_formula,158,8,350,8,2.0
baby_formula,159,9,350,8,2.0
baby_formula,160,3,350,8,2.0
baby_formula,161,5,350,8,2.0
baby_formula,162,7,350,8,2.0
baby_formula,163,6,350,8,2.0
baby_formula,164,7,350,8,2.0
baby_formula,165,5,350,8,2.0
baby_formula,166,11,350,8,2.0
baby_formula,167,4,350,8,2.0
baby_formula,168,13,350,8,2.0
baby_formula,169,9,350,8,2.0
baby_formula,170,8,350,8,2.0
baby_formula,171,3,350,8,2.0
baby_formula,172,8,350,8,2.0
baby_formula,173,8,350,8,2.0
baby_formula,174,0,350,8,2.0
baby_formula,175,2,350,8,2.0
baby_formula,176,7,350,8,2.0
baby_formula,177,6,350,8,2.0
baby_formula,178,5,350,8,2.0
baby_formula,179,9,350,8,2.0
baby_formula,180,4,350,8,2.0
baby_formula,181,5,350,8,2.0
baby_formula,182,4,350,8,2.0
baby_formula,183,7,350,8,2.0
baby_formula,184,1,350,8,2.0
baby_formula,185,5,350,8,2.0
baby_formula,186,1,350,8,2.0
baby_formula,187,5,350,8,2.0
baby_formula,188,8,350,8,2.0
baby_formula,189,8,350,8,2.0
baby_formula,190,4,350,8,2.0
baby_formula,191,7,350,8,2.0
baby_formula,192,6,350,8,2.0
baby_formula,193,10,350,8,2.0
baby_formula,194,6,350,8,2.0
baby_formula,195,0,350,8,2.0
baby_formula,196,8,350,8,2.0
baby_formula,197,5,350,8,2.0
baby_formula,198,5,350,8,2.0
baby_formula,199,7,350,8,2.0
baby_formula,200,2,350,8,2.0
baby_formula,201,6,350,8,2.0
baby_formula,202,7,350,8,2.0
baby_formula,203,7,350,8,2.0
baby_formula,204,4,350,8,2.0
baby_formula,205,9,350,8,2.0
baby_formula,206,3,350,8,2.0
baby_formula,207,4,350,8,2.0
baby_formula,208,6,350,8,2.0
baby_formula,209,7,350,8,2.0
baby_formula,210,5,350,8,2.0
baby_formula,211,9,350,8,2.0
baby_formula,212,7,350,8,2.0
baby_formula,213,6,350,8,2.0
baby_formula,214,7,350,8,2.0
baby_formula,215,8,350,8,2.0
baby_formula,216,7,350,8,2.0
baby_formula,217,1,350,8,2.0
baby_formula,218,9,350,8,2.0
baby_formula,219,6,350,8,2.0
baby_formula,220,8,350,8,2.0
baby_formula,221,5,350,8,2.0
baby_formula,222,1,350,8,2.0
baby_formula,223,0,350,8,2.0
baby_formula,224,3,350,8,2.0
baby_formula,225,7,350,8,2.0
baby_formula,226,10,350,8,2.0
baby_formula,227,7,350,8,2.0
baby_formula,228,3,350,8,2.0
baby_formula,229,4,350,8,2.0
baby_formula,230,10,350,8,2.0
baby_formula,231,2,350,8,2.0
baby_formula,232,12,350,8,2.0
baby_formula,233,11,350,8,2.0
baby_formula,234,12,350,8,2.0
baby_formula,235,7,350,8,2.0
baby_formula,236,5,350,8,2.0
baby_formula,237,7,350,8,2.0
baby_formula,238,8,350,8,2.0
baby_formula,239,4,350,8,2.0
baby_formula,240,3,350,8,2.0
baby_formula,241,5,350,8,2.0
baby_formula,242,4,350,8,2.0
baby_formula,243,9,350,8,2.0
baby_formula,244,4,350,8,2.0
baby_formula,245,6,350,8,2.0
baby_formula,246,9,350,8,2.0
baby_formula,247,9,350,8,2.0
baby_formula,248,7,350,8,2.0
baby_formula,249,7,350,8,2.0
baby_formula,250,3,350,8,2.0
baby_formula,251,9,350,8,2.0
baby_formula,252,9,350,8,2.0
baby_formula,253,1,350,8,2.0
baby_formula,254,11,350,8,2.0
baby_formula,255,4,350,8,2.0
baby_formula,256,8,350,8,2.0
baby_formula,257,6,350,8,2.0
baby_formula,258,6,350,8,2.0
baby_formula,259,5,350,8,2.0
baby_formula,260,3,350,8,2.0
baby_formula,261,7,350,8,2.0
baby_formula,262,5,350,8,2.0
baby_formula,263,2,350,8,2.0
baby_formula,264,3,350,8,2.0
baby_formula,265,3,350,8,2.0
baby_formula,266,5,350,8,2.0
baby_formula,267,7,350,8,2.0
baby_formula,268,4,350,8,2.0
baby_formula,269,9,350,8,2.0
baby_formula,270,6,350,8,2.0
baby_formula,271,5,350,8,2.0
baby_formula,272,6,350,8,2.0
baby_formula,273,10,350,8,2.0
baby_formula,274,2,350,8,2.0
baby_formula,275,10,350,8,2.0
baby_formula,276,9,350,8,2.0
baby_formula,277,6,350,8,2.0
baby_formula,278,9,350,8,2.0
baby_formula,279,5,350,8,2.0
baby_formula,280,7,350,8,2.0
baby_formula,281,5,350,8,2.0
baby_formula,282,9,350,8,2.0
baby_formula,283,4,350,8,2.0
baby_formula,284,6,350,8,2.0
baby_formula,285,8,350,8,2.0
baby_formula,286,9,350,8,2.0
baby_formula,287,4,350,8,2.0
baby_formula,288,8,350,8,2.0
baby_formula,289,3,350,8,2.0
baby_formula,290,0,350,8,2.0
baby_formula,291,4,350,8,2.0
baby_formula,292,8,350,8,2.0
baby_formula,293,6,350,8,2.0
baby_formula,294,5,350,8,2.0
baby_formula,295,6,350,8,2.0
baby_formula,296,6,350,8,2.0
baby_formula,297,8,350,8,2.0
baby_formula,298,2,350,8,2.0
baby_formula,299,6,350,8,2.0
baby_formula,300,6,350,8,2.0
baby_formula,301,2,350,8,2.0
baby_formula,302,2,350,8,2.0
baby_formula,303,5,350,8,2.0
baby_formula,304,6,350,8,2.0
baby_formula,305,6,350,8,2.0
baby_formula,306,4,350,8,2.0
baby_formula,307,4,350,8,2.0
baby_formula,308,5,350,8,2.0
baby_formula,309,7,350,8,2.0
baby_formula,310,9,350,8,2.0
baby_formula,311,0,350,8,2.0
baby_formula,312,8,350,8,2.0
baby_formula,313,6,350,8,2.0
baby_formula,314,7,350,8,2.0
baby_formula,315,9,350,8,2.0
baby_formula,316,4,350,8,2.0
baby_formula,317,9,350,8,2.0
baby_formula,318,3,350,8,2.0
baby_formula,319,6,350,8,2.0
baby_formula,320,5,350,8,2.0
baby_formula,321,6,350,8,2.0
baby_formula,322,3,350,8,2.0
baby_formula,323,7,350,8,2.0
baby_formula,324,10,350,8,2.0
baby_formula,325,3,350,8,2.0
baby_formula,326,7,350,8,2.0
baby_formula,327,8,350,8,2.0
baby_formula,328,5,350,8,2.0
baby_formula,329,10,350,8,2.0
baby_formula,330,5,350,8,2.0
baby_formula,331,6,350,8,2.0
baby_formula,332,3,350,8,2.0
baby_formula,333,6,350,8,2.0
baby_formula,334,6,350,8,2.0
baby_formula,335,8,350,8,2.0
baby_formula,336,4,350,8,2.0
baby_formula,337,4,350,8,2.0
baby_formula,338,7,350,8,2.0
baby_formula,339,10,350,8,2.0
baby_formula,340,8,350,8,2.0
baby_formula,341,11,350,8,2.0
baby_formula,342,7,350,8,2.0
baby_formula,343,7,350,8,2.0
baby_formula,344,8,350,8,2.0
baby_formula,345,10,350,8,2.0
baby_formula,346,9,350,8,2.0
baby_formula,347,3,350,8,2.0
baby_formula,348,8,350,8,2.0
baby_formula,349,7,350,8,2.0
baby_formula,350,5,350,8,2.0
baby_formula,351,1,350,8,2.0
baby_formula,352,2,350,8,2.0
baby_formula,353,5,350,8,2.0
baby_formula,354,2,350,8,2.0
baby_formula,355,5,350,8,2.0
baby_formula,356,8,350,8,2.0
baby_formula,357,4,350,8,2.0
baby_formula,358,6,350,8,2.0
baby_formula,359,3,350,8,2.0
baby_formula,360,7,350,8,2.0
baby_formula,361,7,350,8,2.0
baby_formula,362,2,350,8,2.0
baby_formula,363,4,350,8,2.0
baby_formula,364,3,350,8,2.0
baby_formula,365,7,350,8,2.0
baby_formula,366,6,350,8,2.0
baby_formula,367,6,350,8,2.0
baby_formula,368,6,350,8,2.0
baby_formula,369,7,350,8,2.0
baby_formula,370,7,350,8,2.0
baby_formula,371,5,350,8,2.0
baby_formula,372,4,350,8,2.0
baby_formula,373,6,350,8,2.0
baby_formula,374,5,350,8,2.0
baby_formula,375,12,350,8,2.0
baby_formula,376,5,350,8,2.0
baby_formula,377,7,350,8,2.0
baby_formula,378,7,350,8,2.0
baby_formula,379,10,350,8,2.0
baby_formula,380,4,350,8,2.0
baby_formula,381,10,350,8,2.0
baby_formula,382,6,350,8,2.0
baby_formula,383,13,350,8,2.0
baby_formula,384,7,350,8,2.0
baby_formula,385,3,350,8,2.0
baby_formula,386,5,350,8,2.0
baby_formula,387,10,350,8,2.0
baby_formula,388,6,350,8,2.0
baby_formula,389,6,350,8,2.0
baby_formula,390,8,350,8,2.0
baby_formula,391,5,350,8,2.0
baby_formula,392,5,350,8,2.0
baby_formula,393,3,350,8,2.0
baby_formula,394,11,350,8,2.0
baby_formula,395,3,350,8,2.0
baby_formula,396,6,350,8,2.0
baby_formula,397,7,350,8,2.0
baby_formula,398,6,350,8,2.0
baby_formula,399,3,350,8,2.0
baby_formula,400,3,350,8,2.0
baby_formula,401,7,350,8,2.0
baby_formula,402,4,350,8,2.0
baby_formula,403,0,350,8,2.0
baby_formula,404,7,350,8,2.0
baby_formula,405,4,350,8,2.0
baby_formula,406,8,350,8,2.0
baby_formula,407,5,350,8,2.0
baby_formula,408,5,350,8,2.0
baby_formula,409,6,350,8,2.0
baby_formula,410,3,350,8,2.0
baby_formula,411,4,350,8,2.0
baby_formula,412,5,350,8,2.0
baby_formula,413,3,350,8,2.0
baby_formula,414,8,350,8,2.0
baby_formula,415,5,350,8,2.0
baby_formula,416,2,350,8,2.0
baby_formula,417,4,350,8,2.0
baby_formula,418,6,350,8,2.0
baby_formula,419,5,350,8,2.0
baby_formula,420,7,350,8,2.0
baby_formula,421,8,350,8,2.0
baby_formula,422,12,350,8,2.0
baby_formula,423,9,350,8,2.0
baby_formula,424,2,350,8,2.0
baby_formula,425,5,350,8,2.0
baby_formula,426,5,350,8,2.0
baby_formula,427,8,350,8,2.0
baby_formula,428,3,350,8,2.0
baby_formula,429,5,350,8,2.0
baby_formula,430,3,350,8,2.0
baby_formula,431,4,350,8,2.0
baby_formula,432,4,350,8,2.0
baby_formula,433,5,350,8,2.0
baby_formula,434,3,350,8,2.0
baby_formula,435,9,350,8,2.0
baby_formula,436,7,350,8,2.0
baby_formula,437,2,350,8,2.0
baby_formula,438,6,350,8,2.0
baby_formula,439,2,350,8,2.0
baby_formula,440,10,350,8,2.0
baby_formula,441,10,350,8,2.0
baby_formula,442,6,350,8,2.0
baby_formula,443,4,350,8,2.0
baby_formula,444,4,350,8,2.0
baby_formula,445,5,350,8,2.0
baby_formula,446,6,350,8,2.0
baby_formula,447,10,350,8,2.0
baby_formula,448,9,350,8,2.0
baby_formula,449,9,350,8,2.0
baby_formula,450,6,350,8,2.0
baby_formula,451,3,350,8,2.0
baby_formula,452,4,350,8,2.0
baby_formula,453,6,350,8,2.0
baby_formula,454,3,350,8,2.0
baby_formula,455,7,350,8,2.0
baby_formula,456,8,350,8,2.0
baby_formula,457,7,350,8,2.0
baby_formula,458,7,350,8,2.0
baby_formula,459,1,350,8,2.0
baby_formula,460,10,350,8,2.0
baby_formula,461,2,350,8,2.0
baby_formula,462,6,350,8,2.0
baby_formula,463,8,350,8,2.0
baby_formula,464,7,350,8,2.0
baby_formula,465,3,350,8,2.0
baby_formula,466,3,350,8,2.0
baby_formula,467,7,350,8,2.0
baby_formula,468,7,350,8,2.0
baby_formula,469,3,350,8,2.0
baby_formula,470,7,350,8,2.0
baby_formula,471,2,350,8,2.0
baby_formula,472,8,350,8,2.0
baby_formula,473,4,350,8,2.0
baby_formula,474,6,350,8,2.0
baby_formula,475,6,350,8,2.0
baby_formula,476,9,350,8,2.0
baby_formula,477,7,350,8,2.0
baby_formula,478,4,350,8,2.0
baby_formula,479,7,350,8,2.0
baby_formula,480,12,350,8,2.0
baby_formula,481,8,350,8,2.0
baby_formula,482,6,350,8,2.0
baby_formula,483,4,350,8,2.0
baby_formula,484,4,350,8,2.0
baby_formula,485,8,350,8,2.0
baby_formula,486,4,350,8,2.0
baby_formula,487,6,350,8,2.0
baby_formula,488,10,350,8,2.0
baby_formula,489,6,350,8,2.0
baby_formula,490,3,350,8,2.0
baby_formula,491,12,350,8,2.0
baby_formula,492,11,350,8,2.0
baby_formula,493,7,350,8,2.0
baby_formula,494,9,350,8,2.0
baby_formula,495,5,350,8,2.0
baby_formula,496,8,350,8,2.0
baby_formula,497,5,350,8,2.0
baby_formula,498,2,350,8,2.0
baby_formula,499,13,350,8,2.0
baby_formula,500,2,350,8,2.0
baby_formula,501,7,350,8,2.0
baby_formula,502,7,350,8,2.0
baby_formula,503,7,350,8,2.0
baby_formula,504,6,350,8,2.0
baby_formula,505,6,350,8,2.0
baby_formula,506,6,350,8,2.0
baby_formula,507,7,350,8,2.0
baby_formula,508,6,350,8,2.0
baby_formula,509,6,350,8,2.0
baby_formula,510,2,350,8,2.0
baby_formula,511,11,350,8,2.0
baby_formula,512,7,350,8,2.0
baby_formula,513,7,350,8,2.0
baby_formula,514,4,350,8,2.0
baby_formula,515,3,350,8,2.0
baby_formula,516,8,350,8,2.0
baby_formula,517,6,350,8,2.0
baby_formula,518,8,350,8,2.0
baby_formula,519,2,350,8,2.0
baby_formula,520,10,350,8,2.0
baby_formula,521,8,350,8,2.0
baby_formula,522,6,350,8,2.0
baby_formula,523,7,350,8,2.0
baby_formula,524,8,350,8,2.0
baby_formula,525,2,350,8,2.0
baby_formula,526,11,350,8,2.0
baby_formula,527,7,350,8,2.0
baby_formula,528,4,350,8,2.0
baby_formula,529,3,350,8,2.0
baby_formula,530,9,350,8,2.0
baby_formula,531,7,350,8,2.0
baby_formula,532,7,350,8,2.0
baby_formula,533,6,350,8,2.0
baby_formula,534,3,350,8,2.0
baby_formula,535,7,350,8,2.0
baby_formula,536,5,350,8,2.0
baby_formula,537,6,350,8,2.0
baby_formula,538,12,350,8,2.0
baby_formula,539,8,350,8,2.0
baby_formula,540,9,350,8,2.0
baby_formula,541,13,350,8,2.0
baby_formula,542,7,350,8,2.0
baby_formula,543,6,350,8,2.0
baby_formula,544,4,350,8,2.0
baby_formula,545,5,350,8,2.0
baby_formula,546,0,350,8,2.0
baby_formula,547,8,350,8,2.0
baby_formula,548,3,350,8,2.0
baby_formula,549,8,350,8,2.0
baby_formula,550,6,350,8,2.0
baby_formula,551,6,350,8,2.0
baby_formula,552,6,350,8,2.0
baby_formula,553,10,350,8,2.0
baby_formula,554,9,350,8,2.0
baby_formula,555,6,350,8,2.0
baby_formula,556,4,350,8,2.0
baby_formula,557,8,350,8,2.0
baby_formula,558,3,350,8,2.0
baby_formula,559,2,350,8,2.0
baby_formula,560,7,350,8,2.0
baby_formula,561,9,350,8,2.0
baby_formula,562,5,350,8,2.0
baby_formula,563,7,350,8,2.0
baby_formula,564,5,350,8,2.0
baby_formula,565,8,350,8,2.0
baby_formula,566,9,350,8,2.0
baby_formula,567,5,350,8,2.0
baby_formula,568,3,350,8,2.0
baby_formula,569,2,350,8,2.0
baby_formula,570,8,350,8,2.0
baby_formula,571,3,350,8,2.0
baby_formula,572,7,350,8,2.0
baby_formula,573,8,350,8,2.0
baby_formula,574,5,350,8,2.0
baby_formula,575,6,350,8,2.0
baby_formula,576,9,350,8,2.0
baby_formula,577,4,350,8,2.0
baby_formula,578,4,350,8,2.0
baby_formula,579,5,350,8,2.0
baby_formula,580,9,350,8,2.0
baby_formula,581,10,350,8,2.0
baby_formula,582,6,350,8,2.0
baby_formula,583,4,350,8,2.0
baby_formula,584,9,350,8,2.0
baby_formula,585,1,350,8,2.0
baby_formula,586,7,350,8,2.0
baby_formula,587,6,350,8,2.0
baby_formula,588,9,350,8,2.0
baby_formula,589,10,350,8,2.0
baby_formula,590,3,350,8,2.0
baby_formula,591,6,350,8,2.0
baby_formula,592,4,350,8,2.0
baby_formula,593,5,350,8,2.0
baby_formula,594,8,350,8,2.0
baby_formula,595,5,350,8,2.0
baby_formula,596,7,350,8,2.0
baby_formula,597,9,350,8,2.0
baby_formula,598,10,350,8,2.0
baby_formula,599,7,350,8,2.0
baby_formula,600,6,350,8,2.0
baby_formula,601,3,350,8,2.0
baby_formula,602,10,350,8,2.0
baby_formula,603,7,350,8,2.0
baby_formula,604,6,350,8,2.0
baby_formula,605,6,350,8,2.0
baby_formula,606,7,350,8,2.0
baby_formula,607,8,350,8,2.0
baby_formula,608,8,350,8,2.0
baby_formula,609,10,350,8,2.0
baby_formula,610,7,350,8,2.0
baby_formula,611,11,350,8,2.0
baby_formula,612,9,350,8,2.0
baby_formula,613,6,350,8,2.0
baby_formula,614,1,350,8,2.0
baby_formula,615,6,350,8,2.0
baby_formula,616,10,350,8,2.0
baby_formula,617,4,350,8,2.0
baby_formula,618,6,350,8,2.0
baby_formula,619,6,350,8,2.0
baby_formula,620,9,350,8,2.0
baby_formula,621,5,350,8,2.0
baby_formula,622,4,350,8,2.0
baby_formula,623,8,350,8,2.0
baby_formula,624,4,350,8,2.0
baby_formula,625,1,350,8,2.0
baby_formula,626,11,350,8,2.0
baby_formula,627,9,350,8,2.0
baby_formula,628,11,350,8,2.0
baby_formula,629,8,350,8,2.0
baby_formula,630,8,350,8,2.0
baby_formula,631,7,350,8,2.0
baby_formula,632,5,350,8,2.0
baby_formula,633,7,350,8,2.0
baby_formula,634,5,350,8,2.0
baby_formula,635,3,350,8,2.0
baby_formula,636,5,350,8,2.0
baby_formula,637,9,350,8,2.0
baby_formula,638,3,350,8,2.0
baby_formula,639,3,350,8,2.0
baby_formula,640,8,350,8,2.0
baby_formula,641,5,350,8,2.0
baby_formula,642,7,350,8,2.0
baby_formula,643,9,350,8,2.0
baby_formula,644,7,350,8,2.0
baby_formula,645,4,350,8,2.0
baby_formula,646,9,350,8,2.0
baby_formula,647,8,350,8,2.0
baby_formula,648,6,350,8,2.0
baby_formula,649,6,350,8,2.0
baby_formula,650,7,350,8,2.0
baby_formula,651,5,350,8,2.0
baby_formula,652,2,350,8,2.0
baby_formula,653,8,350,8,2.0
baby_formula,654,8,350,8,2.0
baby_formula,655,0,350,8,2.0
baby_formula,656,7,350,8,2.0
baby_formula,657,11,350,8,2.0
baby_formula,658,3,350,8,2.0
baby_formula,659,6,350,8,2.0
baby_formula,660,6,350,8,2.0
baby_formula,661,10,350,8,2.0
baby_formula,662,9,350,8,2.0
baby_formula,663,4,350,8,2.0
baby_formula,664,7,350,8,2.0
baby_formula,665,12,350,8,2.0
baby_formula,666,4,350,8,2.0
baby_formula,667,6,350,8,2.0
baby_formula,668,7,350,8,2.0
baby_formula,669,4,350,8,2.0
baby_formula,670,11,350,8,2.0
baby_formula,671,5,350,8,2.0
baby_formula,672,2,350,8,2.0
baby_formula,673,5,350,8,2.0
baby_formula,674,8,350,8,2.0
baby_formula,675,4,350,8,2.0
baby_formula,676,7,350,8,2.0
baby_formula,677,8,350,8,2.0
baby_formula,678,3,350,8,2.0
baby_formula,679,4,350,8,2.0
baby_formula,680,7,350,8,2.0
baby_formula,681,8,350,8,2.0
baby_formula,682,5,350,8,2.0
baby_formula,683,6,350,8,2.0
baby_formula,684,5,350,8,2.0
baby_formula,685,8,350,8,2.0
baby_formula,686,7,350,8,2.0
baby_formula,687,5,350,8,2.0
baby_formula,688,7,350,8,2.0
baby_formula,689,5,350,8,2.0
baby_formula,690,7,350,8,2.0
baby_formula,691,7,350,8,2.0
baby_formula,692,12,350,8,2.0
baby_formula,693,5,350,8,2.0
baby_formula,694,6,350,8,2.0
baby_formula,695,4,350,8,2.0
baby_formula,696,3,350,8,2.0
baby_formula,697,5,350,8,2.0
baby_formula,698,8,350,8,2.0
baby_formula,699,8,350,8,2.0
baby_formula,700,7,350,8,2.0
baby_formula,701,5,350,8,2.0
baby_formula,702,5,350,8,2.0
baby_formula,703,4,350,8,2.0
baby_formula,704,4,350,8,2.0
baby_formula,705,3,350,8,2.0
baby_formula,706,10,350,8,2.0
baby_formula,707,11,350,8,2.0
baby_formula,708,1,350,8,2.0
baby_formula,709,7,350,8,2.0
baby_formula,710,7,350,8,2.0
baby_formula,711,7,350,8,2.0
baby_formula,712,4,350,8,2.0
baby_formula,713,9,350,8,2.0
baby_formula,714,7,350,8,2.0
baby_formula,715,9,350,8,2.0
baby_formula,716,4,350,8,2.0
baby_formula,717,2,350,8,2.0
baby_formula,718,7,350,8,2.0
baby_formula,719,3,350,8,2.0
baby_formula,720,9,350,8,2.0
baby_formula,721,0,350,8,2.0
baby_formula,722,5,350,8,2.0
baby_formula,723,4,350,8,2.0
baby_formula,724,5,350,8,2.0
baby_formula,725,7,350,8,2.0
baby_formula,726,7,350,8,2.0
baby_formula,727,8,350,8,2.0
baby_formula,728,8,350,8,2.0
baby_formula,729,6,350,8,2.0
instant_noodles,0,30,12,3,1.0
instant_noodles,1,27,12,3,1.0
instant_noodles,2,21,12,3,1.0
instant_noodles,3,21,12,3,1.0
instant_noodles,4,21,12,3,1.0
instant_noodles,5,23,12,3,1.0
instant_noodles,6,18,12,3,1.0
instant_noodles,7,19,12,3,1.0
instant_noodles,8,13,12,3,1.0
instant_noodles,9,20,12,3,1.0
instant_noodles,10,26,12,3,1.0
instant_noodles,11,21,12,3,1.0
instant_noodles,12,22,12,3,1.0
instant_noodles,13,23,12,3,1.0
instant_noodles,14,18,12,3,1.0
instant_noodles,15,22,12,3,1.0
instant_noodles,16,26,12,3,1.0
instant_noodles,17,23,12,3,1.0
instant_noodles,18,26,12,3,1.0
instant_noodles,19,27,12,3,1.0
instant_noodles,20,25,12,3,1.0
instant_noodles,21,19,12,3,1.0
instant_noodles,22,21,12,3,1.0
instant_noodles,23,30,12,3,1.0
instant_noodles,24,23,12,3,1.0
instant_noodles,25,23,12,3,1.0
instant_noodles,26,19,12,3,1.0
instant_noodles,27,22,12,3,1.0
instant_noodles,28,25,12,3,1.0
instant_noodles,29,22,12,3,1.0
instant_noodles,30,20,12,3,1.0
instant_noodles,31,21,12,3,1.0
instant_noodles,32,27,12,3,1.0
instant_noodles,33,25,12,3,1.0
instant_noodles,34,24,12,3,1.0
instant_noodles,35,24,12,3,1.0
instant_noodles,36,17,12,3,1.0
instant_noodles,37,23,12,3,1.0
instant_noodles,38,26,12,3,1.0
instant_noodles,39,21,12,3,1.0
instant_noodles,40,26,12,3,1.0
instant_noodles,41,24,12,3,1.0
instant_noodles,42,25,12,3,1.0
instant_noodles,43,22,12,3,1.0
instant_noodles,44,26,12,3,1.0
instant_noodles,45,16,12,3,1.0
instant_noodles,46,22,12,3,1.0
instant_noodles,47,25,12,3,1.0
instant_noodles,48,23,12,3,1.0
instant_noodles,49,26,12,3,1.0
instant_noodles,50,21,12,3,1.0
instant_noodles,51,20,12,3,1.0
instant_noodles,52,16,12,3,1.0
instant_noodles,53,21,12,3,1.0
instant_noodles,54,24,12,3,1.0
instant_noodles,55,25,12,3,1.0
instant_noodles,56,16,12,3,1.0
instant_noodles,57,27,12,3,1.0
instant_noodles,58,18,12,3,1.0
instant_noodles,59,22,12,3,1.0
instant_noodles,60,20,12,3,1.0
instant_noodles,61,24,12,3,1.0
instant_noodles,62,22,12,3,1.0
instant_noodles,63,25,12,3,1.0
instant_noodles,64,29,12,3,1.0
instant_noodles,65,24,12,3,1.0
instant_noodles,66,20,12,3,1.0
instant_noodles,67,24,12,3,1.0
instant_noodles,68,30,12,3,1.0
instant_noodles,69,25,12,3,1.0
instant_noodles,70,26,12,3,1.0
instant_noodles,71,16,12,3,1.0
instant_noodles,72,24,12,3,1.0
instant_noodles,73,21,12,3,1.0
instant_noodles,74,19,12,3,1.0
instant_noodles,75,22,12,3,1.0
instant_noodles,76,22,12,3,1.0
instant_noodles,77,20,12,3,1.0
instant_noodles,78,23,12,3,1.0
instant_noodles,79,21,12,3,1.0
instant_noodles,80,25,12,3,1.0
instant_noodles,81,23,12,3,1.0
instant_noodles,82,23,12,3,1.0
instant_noodles,83,26,12,3,1.0
instant_noodles,84,24,12,3,1.0
instant_noodles,85,22,12,3,1.0
instant_noodles,86,14,12,3,1.0
instant_noodles,87,24,12,3,1.0
instant_noodles,88,18,12,3,1.0
instant_noodles,89,22,12,3,1.0
instant_noodles,90,23,12,3,1.0
instant_noodles,91,27,12,3,1.0
instant_noodles,92,29,12,3,1.0
instant_noodles,93,18,12,3,1.0
instant_noodles,94,17,12,3,1.0
instant_noodles,95,23,12,3,1.0
instant_noodles,96,23,12,3,1.0
instant_noodles,97,17,12,3,1.0
instant_noodles,98,22,12,3,1.0
instant_noodles,99,24,12,3,1.0
instant_noodles,100,17,12,3,1.0
instant_noodles,101,18,12,3,1.0
instant_noodles,102,19,12,3,1.0
instant_noodles,103,21,12,3,1.0
instant_noodles,104,25,12,3,1.0
instant_noodles,105,21,12,3,1.0
instant_noodles,106,22,12,3,1.0
instant_noodles,107,31,12,3,1.0
instant_noodles,108,18,12,3,1.0
instant_noodles,109,19,12,3,1.0
instant_noodles,110,25,12,3,1.0
instant_noodles,111,26,12,3,1.0
instant_noodles,112,24,12,3,1.0
instant_noodles,113,29,12,3,1.0
instant_noodles,114,23,12,3,1.0
instant_noodles,115,14,12,3,1.0
instant_noodles,116,22,12,3,1.0
instant_noodles,117,20,12,3,1.0
instant_noodles,118,27,12,3,1.0
instant_noodles,119,26,12,3,1.0
instant_noodles,120,16,12,3,1.0
instant_noodles,121,27,12,3,1.0
instant_noodles,122,26,12,3,1.0
instant_noodles,123,21,12,3,1.0
instant_noodles,124,22,12,3,1.0
instant_noodles,125,28,12,3,1.0
instant_noodles,126,14,12,3,1.0
instant_noodles,127,24,12,3,1.0
instant_noodles,128,26,12,3,1.0
instant_noodles,129,22,12,3,1.0
instant_noodles,130,25,12,3,1.0
instant_noodles,131,22,12,3,1.0
instant_noodles,132,19,12,3,1.0
instant_noodles,133,19,12,3,1.0
instant_noodles,134,25,12,3,1.0
instant_noodles,135,19,12,3,1.0
instant_noodles,136,16,12,3,1.0
instant_noodles,137,22,12,3,1.0
instant_noodles,138,20,12,3,1.0
instant_noodles,139,17,12,3,1.0
instant_noodles,140,22,12,3,1.0
instant_noodles,141,25,12,3,1.0
instant_noodles,142,22,12,3,1.0
instant_noodles,143,18,12,3,1.0
instant_noodles,144,24,12,3,1.0
instant_noodles,145,26,12,3,1.0
instant_noodles,146,31,12,3,1.0
instant_noodles,147,28,12,3,1.0
instant_noodles,148,18,12,3,1.0
instant_noodles,149,25,12,3,1.0
instant_noodles,150,23,12,3,1.0
instant_noodles,151,17,12,3,1.0
instant_noodles,152,23,12,3,1.0
instant_noodles,153,30,12,3,1.0
instant_noodles,154,27,12,3,1.0
instant_noodles,155,18,12,3,1.0
instant_noodles,156,22,12,3,1.0
instant_noodles,157,24,12,3,1.0
instant_noodles,158,15,12,3,1.0
instant_noodles,159,15,12,3,1.0
instant_noodles,160,23,12,3,1.0
instant_noodles,161,23,12,3,1.0
instant_noodles,162,15,12,3,1.0
instant_noodles,163,24,12,3,1.0
instant_noodles,164,26,12,3,1.0
instant_noodles,165,21,12,3,1.0
instant_noodles,166,22,12,3,1.0
instant_noodles,167,24,12,3,1.0
instant_noodles,168,24,12,3,1.0
instant_noodles,169,15,12,3,1.0
instant_noodles,170,18,12,3,1.0
instant_noodles,171,20,12,3,1.0
instant_noodles,172,19,12,3,1.0
instant_noodles,173,28,12,3,1.0
instant_noodles,174,25,12,3,1.0
instant_noodles,175,18,12,3,1.0
instant_noodles,176,21,12,3,1.0
instant_noodles,177,26,12,3,1.0
instant_noodles,178,19,12,3,1.0
instant_noodles,179,25,12,3,1.0
instant_noodles,180,27,12,3,1.0
instant_noodles,181,27,12,3,1.0
instant_noodles,182,23,12,3,1.0
instant_noodles,183,27,12,3,1.0
instant_noodles,184,20,12,3,1.0
instant_noodles,185,32,12,3,1.0
instant_noodles,186,23,12,3,1.0
instant_noodles,187,27,12,3,1.0
instant_noodles,188,21,12,3,1.0
instant_noodles,189,24,12,3,1.0
instant_noodles,190,24,12,3,1.0
instant_noodles,191,18,12,3,1.0
instant_noodles,192,18,12,3,1.0
instant_noodles,193,21,12,3,1.0
instant_noodles,194,26,12,3,1.0
instant_noodles,195,15,12,3,1.0
instant_noodles,196,21,12,3,1.0
instant_noodles,197,27,12,3,1.0
instant_noodles,198,17,12,3,1.0
instant_noodles,199,27,12,3,1.0
instant_noodles,200,18,12,3,1.0
instant_noodles,201,18,12,3,1.0
instant_noodles,202,21,12,3,1.0
instant_noodles,203,29,12,3,1.0
instant_noodles,204,19,12,3,1.0
instant_noodles,205,15,12,3,1.0
instant_noodles,206,16,12,3,1.0
instant_noodles,207,26,12,3,1.0
instant_noodles,208,17,12,3,1.0
instant_noodles,209,27,12,3,1.0
instant_noodles,210,22,12,3,1.0
instant_noodles,211,22,12,3,1.0
instant_noodles,212,23,12,3,1.0
instant_noodles,213,19,12,3,1.0
instant_noodles,214,23,12,3,1.0
instant_noodles,215,17,12,3,1.0
instant_noodles,216,27,12,3,1.0
instant_noodles,217,18,12,3,1.0
instant_noodles,218,24,12,3,1.0
instant_noodles,219,18,12,3,1.0
instant_noodles,220,20,12,3,1.0
instant_noodles,221,21,12,3,1.0
instant_noodles,222,34,12,3,1.0
instant_noodles,223,22,12,3,1.0
instant_noodles,224,19,12,3,1.0
instant_noodles,225,20,12,3,1.0
instant_noodles,226,16,12,3,1.0
instant_noodles,227,21,12,3,1.0
instant_noodles,228,29,12,3,1.0
instant_noodles,229,23,12,3,1.0
instant_noodles,230,26,12,3,1.0
instant_noodles,231,18,12,3,1.0
instant_noodles,232,21,12,3,1.0
instant_noodles,233,23,12,3,1.0
instant_noodles,234,19,12,3,1.0
instant_noodles,235,24,12,3,1.0
instant_noodles,236,24,12,3,1.0
instant_noodles,237,24,12,3,1.0
instant_noodles,238,21,12,3,1.0
instant_noodles,239,26,12,3,1.0
instant_noodles,240,21,12,3,1.0
instant_noodles,241,21,12,3,1.0
instant_noodles,242,28,12,3,1.0
instant_noodles,243,18,12,3,1.0
instant_noodles,244,15,12,3,1.0
instant_noodles,245,19,12,3,1.0
instant_noodles,246,24,12,3,1.0
instant_noodles,247,27,12,3,1.0
instant_noodles,248,19,12,3,1.0
instant_noodles,249,29,12,3,1.0
instant_noodles,250,22,12,3,1.0
instant_noodles,251,22,12,3,1.0
instant_noodles,252,19,12,3,1.0
instant_noodles,253,30,12,3,1.0
instant_noodles,254,21,12,3,1.0
instant_noodles,255,17,12,3,1.0
instant_noodles,256,32,12,3,1.0
instant_noodles,257,24,12,3,1.0
instant_noodles,258,25,12,3,1.0
instant_noodles,259,29,12,3,1.0
instant_noodles,260,24,12,3,1.0
instant_noodles,261,26,12,3,1.0
instant_noodles,262,22,12,3,1.0
instant_noodles,263,25,12,3,1.0
instant_noodles,264,22,12,3,1.0
instant_noodles,265,22,12,3,1.0
instant_noodles,266,22,12,3,1.0
instant_noodles,267,20,12,3,1.0
instant_noodles,268,24,12,3,1.0
instant_noodles,269,24,12,3,1.0
instant_noodles,270,25,12,3,1.0
instant_noodles,271,25,12,3,1.0
instant_noodles,272,30,12,3,1.0
instant_noodles,273,26,12,3,1.0
instant_noodles,274,21,12,3,1.0
instant_noodles,275,24,12,3,1.0
instant_noodles,276,28,12,3,1.0
instant_noodles,277,18,12,3,1.0
instant_noodles,278,30,12,3,1.0
instant_noodles,279,19,12,3,1.0
instant_noodles,280,26,12,3,1.0
instant_noodles,281,22,12,3,1.0
instant_noodles,282,22,12,3,1.0
instant_noodles,283,17,12,3,1.0
instant_noodles,284,26,12,3,1.0
instant_noodles,285,17,12,3,1.0
instant_noodles,286,16,12,3,1.0
instant_noodles,287,27,12,3,1.0
instant_noodles,288,29,12,3,1.0
instant_noodles,289,19,12,3,1.0
instant_noodles,290,26,12,3,1.0
instant_noodles,291,25,12,3,1.0
instant_noodles,292,22,12,3,1.0
instant_noodles,293,27,12,3,1.0
instant_noodles,294,21,12,3,1.0
instant_noodles,295,24,12,3,1.0
instant_noodles,296,17,12,3,1.0
instant_noodles,297,17,12,3,1.0
instant_noodles,298,27,12,3,1.0
instant_noodles,299,24,12,3,1.0
instant_noodles,300,21,12,3,1.0
instant_noodles,301,30,12,3,1.0
instant_noodles,302,30,12,3,1.0
instant_noodles,303,24,12,3,1.0
instant_noodles,304,16,12,3,1.0
instant_noodles,305,22,12,3,1.0
instant_noodles,306,19,12,3,1.0
instant_noodles,307,22,12,3,1.0
instant_noodles,308,18,12,3,1.0
instant_noodles,309,17,12,3,1.0
instant_noodles,310,13,12,3,1.0
instant_noodles,311,23,12,3,1.0
instant_noodles,312,13,12,3,1.0
instant_noodles,313,21,12,3,1.0
instant_noodles,314,25,12,3,1.0
instant_noodles,315,19,12,3,1.0
instant_noodles,316,18,12,3,1.0
instant_noodles,317,22,12,3,1.0
instant_noodles,318,19,12,3,1.0
instant_noodles,319,23,12,3,1.0
instant_noodles,320,18,12,3,1.0
instant_noodles,321,22,12,3,1.0
instant_noodles,322,21,12,3,1.0
instant_noodles,323,22,12,3,1.0
instant_noodles,324,28,12,3,1.0
instant_noodles,325,23,12,3,1.0
instant_noodles,326,24,12,3,1.0
instant_noodles,327,20,12,3,1.0
instant_noodles,328,23,12,3,1.0
instant_noodles,329,21,12,3,1.0
instant_noodles,330,22,12,3,1.0
instant_noodles,331,25,12,3,1.0
instant_noodles,332,20,12,3,1.0
instant_noodles,333,20,12,3,1.0
instant_noodles,334,20,12,3,1.0
instant_noodles,335,20,12,3,1.0
instant_noodles,336,23,12,3,1.0
instant_noodles,337,21,12,3,1.0
instant_noodles,338,28,12,3,1.0
instant_noodles,339,33,12,3,1.0
instant_noodles,340,20,12,3,1.0
instant_noodles,341,23,12,3,1.0
instant_noodles,342,26,12,3,1.0
instant_noodles,343,21,12,3,1.0
instant_noodles,344,18,12,3,1.0
instant_noodles,345,29,12,3,1.0
instant_noodles,346,25,12,3,1.0
instant_noodles,347,23,12,3,1.0
instant_noodles,348,28,12,3,1.0
instant_noodles,349,25,12,3,1.0
instant_noodles,350,22,12,3,1.0
instant_noodles,351,18,12,3,1.0
instant_noodles,352,20,12,3,1.0
instant_noodles,353,27,12,3,1.0
instant_noodles,354,25,12,3,1.0
instant_noodles,355,21,12,3,1.0
instant_noodles,356,29,12,3,1.0
instant_noodles,357,21,12,3,1.0
instant_noodles,358,26,12,3,1.0
instant_noodles,359,23,12,3,1.0
instant_noodles,360,30,12,3,1.0
instant_noodles,361,25,12,3,1.0
instant_noodles,362,22,12,3,1.0
instant_noodles,363,21,12,3,1.0
instant_noodles,364,22,12,3,1.0
instant_noodles,365,19,12,3,1.0
instant_noodles,366,17,12,3,1.0
instant_noodles,367,23,12,3,1.0
instant_noodles,368,20,12,3,1.0
instant_noodles,369,20,12,3,1.0
instant_noodles,370,22,12,3,1.0
instant_noodles,371,22,12,3,1.0
instant_noodles,372,22,12,3,1.0
instant_noodles,373,29,12,3,1.0
instant_noodles,374,25,12,3,1.0
instant_noodles,375,30,12,3,1.0
instant_noodles,376,20,12,3,1.0
instant_noodles,377,25,12,3,1.0
instant_noodles,378,20,12,3,1.0
instant_noodles,379,20,12,3,1.0
instant_noodles,380,30,12,3,1.0
instant_noodles,381,19,12,3,1.0
instant_noodles,382,13,12,3,1.0
instant_noodles,383,19,12,3,1.0
instant_noodles,384,14,12,3,1.0
instant_noodles,385,18,12,3,1.0
instant_noodles,386,19,12,3,1.0
instant_noodles,387,22,12,3,1.0
instant_noodles,388,14,12,3,1.0
instant_noodles,389,27,12,3,1.0
instant_noodles,390,15,12,3,1.0
instant_noodles,391,21,12,3,1.0
instant_noodles,392,21,12,3,1.0
instant_noodles,393,25,12,3,1.0
instant_noodles,394,23,12,3,1.0
instant_noodles,395,27,12,3,1.0
instant_noodles,396,21,12,3,1.0
instant_noodles,397,20,12,3,1.0
instant_noodles,398,24,12,3,1.0
instant_noodles,399,26,12,3,1.0
instant_noodles,400,25,12,3,1.0
instant_noodles,401,23,12,3,1.0
instant_noodles,402,23,12,3,1.0
instant_noodles,403,22,12,3,1.0
instant_noodles,404,24,12,3,1.0
instant_noodles,405,30,12,3,1.0
instant_noodles,406,21,12,3,1.0
instant_noodles,407,21,12,3,1.0
instant_noodles,408,20,12,3,1.0
instant_noodles,409,24,12,3,1.0
instant_noodles,410,14,12,3,1.0
instant_noodles,411,21,12,3,1.0
instant_noodles,412,25,12,3,1.0
instant_noodles,413,20,12,3,1.0
instant_noodles,414,23,12,3,1.0
instant_noodles,415,30,12,3,1.0
instant_noodles,416,23,12,3,1.0
instant_noodles,417,13,12,3,1.0
instant_noodles,418,16,12,3,1.0
instant_noodles,419,21,12,3,1.0
instant_noodles,420,19,12,3,1.0
instant_noodles,421,22,12,3,1.0
instant_noodles,422,21,12,3,1.0
instant_noodles,423,27,12,3,1.0
instant_noodles,424,18,12,3,1.0
instant_noodles,425,21,12,3,1.0
instant_noodles,426,23,12,3,1.0
instant_noodles,427,23,12,3,1.0
instant_noodles,428,23,12,3,1.0
instant_noodles,429,12,12,3,1.0
instant_noodles,430,22,12,3,1.0
instant_noodles,431,21,12,3,1.0
instant_noodles,432,25,12,3,1.0
instant_noodles,433,25,12,3,1.0
instant_noodles,434,23,12,3,1.0
instant_noodles,435,23,12,3,1.0
instant_noodles,436,27,12,3,1.0
instant_noodles,437,27,12,3,1.0
instant_noodles,438,23,12,3,1.0
instant_noodles,439,30,12,3,1.0
instant_noodles,440,20,12,3,1.0
instant_noodles,441,17,12,3,1.0
instant_noodles,442,22,12,3,1.0
instant_noodles,443,21,12,3,1.0
instant_noodles,444,12,12,3,1.0
instant_noodles,445,19,12,3,1.0
instant_noodles,446,23,12,3,1.0
instant_noodles,447,22,12,3,1.0
instant_noodles,448,19,12,3,1.0
instant_noodles,449,22,12,3,1.0
instant_noodles,450,22,12,3,1.0
instant_noodles,451,25,12,3,1.0
instant_noodles,452,19,12,3,1.0
instant_noodles,453,25,12,3,1.0
instant_noodles,454,18,12,3,1.0
instant_noodles,455,20,12,3,1.0
instant_noodles,456,29,12,3,1.0
instant_noodles,457,18,12,3,1.0
instant_noodles,458,19,12,3,1.0
instant_noodles,459,17,12,3,1.0
instant_noodles,460,19,12,3,1.0
instant_noodles,461,23,12,3,1.0
instant_noodles,462,25,12,3,1.0
instant_noodles,463,22,12,3,1.0
instant_noodles,464,21,12,3,1.0
instant_noodles,465,17,12,3,1.0
instant_noodles,466,19,12,3,1.0
instant_noodles,467,16,12,3,1.0
instant_noodles,468,25,12,3,1.0
instant_noodles,469,25,12,3,1.0
instant_noodles,470,22,12,3,1.0
instant_noodles,471,24,12,3,1.0
instant_noodles,472,25,12,3,1.0
instant_noodles,473,22,12,3,1.0
instant_noodles,474,28,12,3,1.0
instant_noodles,475,18,12,3,1.0
instant_noodles,476,21,12,3,1.0
instant_noodles,477,20,12,3,1.0
instant_noodles,478,25,12,3,1.0
instant_noodles,479,16,12,3,1.0
instant_noodles,480,28,12,3,1.0
instant_noodles,481,24,12,3,1.0
instant_noodles,482,29,12,3,1.0
instant_noodles,483,22,12,3,1.0
instant_noodles,484,20,12,3,1.0
instant_noodles,485,25,12,3,1.0
instant_noodles,486,26,12,3,1.0
instant_noodles,487,19,12,3,1.0
instant_noodles,488,14,12,3,1.0
instant_noodles,489,15,12,3,1.0
instant_noodles,490,23,12,3,1.0
instant_noodles,491,28,12,3,1.0
instant_noodles,492,17,12,3,1.0
instant_noodles,493,21,12,3,1.0
instant_noodles,494,21,12,3,1.0
instant_noodles,495,30,12,3,1.0
instant_noodles,496,31,12,3,1.0
instant_noodles,497,24,12,3,1.0
instant_noodles,498,26,12,3,1.0
instant_noodles,499,25,12,3,1.0
instant_noodles,500,17,12,3,1.0
instant_noodles,501,25,12,3,1.0
instant_noodles,502,18,12,3,1.0
instant_noodles,503,21,12,3,1.0
instant_noodles,504,27,12,3,1.0
instant_noodles,505,22,12,3,1.0
instant_noodles,506,26,12,3,1.0
instant_noodles,507,27,12,3,1.0
instant_noodles,508,15,12,3,1.0
instant_noodles,509,13,12,3,1.0
instant_noodles,510,27,12,3,1.0
instant_noodles,511,27,12,3,1.0
instant_noodles,512,23,12,3,1.0
instant_noodles,513,24,12,3,1.0
instant_noodles,514,26,12,3,1.0
instant_noodles,515,25,12,3,1.0
instant_noodles,516,21,12,3,1.0
instant_noodles,517,26,12,3,1.0
instant_noodles,518,21,12,3,1.0
instant_noodles,519,23,12,3,1.0
instant_noodles,520,23,12,3,1.0
instant_noodles,521,19,12,3,1.0
instant_noodles,522,19,12,3,1.0
instant_noodles,523,31,12,3,1.0
instant_noodles,524,18,12,3,1.0
instant_noodles,525,23,12,3,1.0
instant_noodles,526,24,12,3,1.0
instant_noodles,527,22,12,3,1.0
instant_noodles,528,25,12,3,1.0
instant_noodles,529,23,12,3,1.0
instant_noodles,530,19,12,3,1.0
instant_noodles,531,24,12,3,1.0
instant_noodles,532,20,12,3,1.0
instant_noodles,533,29,12,3,1.0
instant_noodles,534,24,12,3,1.0
instant_noodles,535,19,12,3,1.0
instant_noodles,536,23,12,3,1.0
instant_noodles,537,18,12,3,1.0
instant_noodles,538,23,12,3,1.0
instant_noodles,539,21,12,3,1.0
instant_noodles,540,19,12,3,1.0
instant_noodles,541,19,12,3,1.0
instant_noodles,542,32,12,3,1.0
instant_noodles,543,22,12,3,1.0
instant_noodles,544,20,12,3,1.0
instant_noodles,545,20,12,3,1.0
instant_noodles,546,24,12,3,1.0
instant_noodles,547,19,12,3,1.0
instant_noodles,548,18,12,3,1.0
instant_noodles,549,22,12,3,1.0
instant_noodles,550,22,12,3,1.0
instant_noodles,551,20,12,3,1.0
instant_noodles,552,18,12,3,1.0
instant_noodles,553,20,12,3,1.0
instant_noodles,554,20,12,3,1.0
instant_noodles,555,20,12,3,1.0
instant_noodles,556,23,12,3,1.0
instant_noodles,557,31,12,3,1.0
instant_noodles,558,27,12,3,1.0
instant_noodles,559,30,12,3,1.0
instant_noodles,560,20,12,3,1.0
instant_noodles,561,29,12,3,1.0
instant_noodles,562,23,12,3,1.0
instant_noodles,563,26,12,3,1.0
instant_noodles,564,24,12,3,1.0
instant_noodles,565,21,12,3,1.0
instant_noodles,566,25,12,3,1.0
instant_noodles,567,24,12,3,1.0
instant_noodles,568,15,12,3,1.0
instant_noodles,569,22,12,3,1.0
instant_noodles,570,25,12,3,1.0
instant_noodles,571,23,12,3,1.0
instant_noodles,572,24,12,3,1.0
instant_noodles,573,19,12,3,1.0
instant_noodles,574,23,12,3,1.0
instant_noodles,575,22,12,3,1.0
instant_noodles,576,21,12,3,1.0
instant_noodles,577,19,12,3,1.0
instant_noodles,578,26,12,3,1.0
instant_noodles,579,23,12,3,1.0
instant_noodles,580,23,12,3,1.0
instant_noodles,581,30,12,3,1.0
instant_noodles,582,24,12,3,1.0
instant_noodles,583,27,12,3,1.0
instant_noodles,584,23,12,3,1.0
instant_noodles,585,21,12,3,1.0
instant_noodles,586,18,12,3,1.0
instant_noodles,587,23,12,3,1.0
instant_noodles,588,11,12,3,1.0
instant_noodles,589,23,12,3,1.0
instant_noodles,590,23,12,3,1.0
instant_noodles,591,21,12,3,1.0
instant_noodles,592,22,12,3,1.0
instant_noodles,593,17,12,3,1.0
instant_noodles,594,27,12,3,1.0
instant_noodles,595,21,12,3,1.0
instant_noodles,596,18,12,3,1.0
instant_noodles,597,24,12,3,1.0
instant_noodles,598,22,12,3,1.0
instant_noodles,599,21,12,3,1.0
instant_noodles,600,20,12,3,1.0
instant_noodles,601,22,12,3,1.0
instant_noodles,602,27,12,3,1.0
instant_noodles,603,24,12,3,1.0
instant_noodles,604,22,12,3,1.0
instant_noodles,605,25,12,3,1.0
instant_noodles,606,22,12,3,1.0
instant_noodles,607,24,12,3,1.0
instant_noodles,608,23,12,3,1.0
instant_noodles,609,24,12,3,1.0
instant_noodles,610,20,12,3,1.0
instant_noodles,611,17,12,3,1.0
instant_noodles,612,26,12,3,1.0
instant_noodles,613,28,12,3,1.0
instant_noodles,614,18,12,3,1.0
instant_noodles,615,23,12,3,1.0
instant_noodles,616,20,12,3,1.0
instant_noodles,617,25,12,3,1.0
instant_noodles,618,23,12,3,1.0
instant_noodles,619,35,12,3,1.0
instant_noodles,620,21,12,3,1.0
instant_noodles,621,28,12,3,1.0
instant_noodles,622,28,12,3,1.0
instant_noodles,623,24,12,3,1.0
instant_noodles,624,22,12,3,1.0
instant_noodles,625,22,12,3,1.0
instant_noodles,626,22,12,3,1.0
instant_noodles,627,26,12,3,1.0
instant_noodles,628,19,12,3,1.0
instant_noodles,629,21,12,3,1.0
instant_noodles,630,21,12,3,1.0
instant_noodles,631,15,12,3,1.0
instant_noodles,632,25,12,3,1.0
instant_noodles,633,26,12,3,1.0
instant_noodles,634,19,12,3,1.0
instant_noodles,635,26,12,3,1.0
instant_noodles,636,16,12,3,1.0
instant_noodles,637,22,12,3,1.0
instant_noodles,638,22,12,3,1.0
instant_noodles,639,22,12,3,1.0
instant_noodles,640,22,12,3,1.0
instant_noodles,641,22,12,3,1.0
instant_noodles,642,20,12,3,1.0
instant_noodles,643,22,12,3,1.0
instant_noodles,644,27,12,3,1.0
instant_noodles,645,20,12,3,1.0
instant_noodles,646,31,12,3,1.0
instant_noodles,647,19,12,3,1.0
instant_noodles,648,23,12,3,1.0
instant_noodles,649,24,12,3,1.0
instant_noodles,650,21,12,3,1.0
instant_noodles,651,27,12,3,1.0
instant_noodles,652,24,12,3,1.0
instant_noodles,653,21,12,3,1.0
instant_noodles,654,27,12,3,1.0
instant_noodles,655,18,12,3,1.0
instant_noodles,656,20,12,3,1.0
instant_noodles,657,24,12,3,1.0
instant_noodles,658,25,12,3,1.0
instant_noodles,659,23,12,3,1.0
instant_noodles,660,21,12,3,1.0
instant_noodles,661,21,12,3,1.0
instant_noodles,662,26,12,3,1.0
instant_noodles,663,23,12,3,1.0
instant_noodles,664,19,12,3,1.0
instant_noodles,665,18,12,3,1.0
instant_noodles,666,28,12,3,1.0
instant_noodles,667,19,12,3,1.0
instant_noodles,668,23,12,3,1.0
instant_noodles,669,27,12,3,1.0
instant_noodles,670,24,12,3,1.0
instant_noodles,671,19,12,3,1.0
instant_noodles,672,18,12,3,1.0
instant_noodles,673,29,12,3,1.0
instant_noodles,674,18,12,3,1.0
instant_noodles,675,20,12,3,1.0
instant_noodles,676,23,12,3,1.0
instant_noodles,677,21,12,3,1.0
instant_noodles,678,24,12,3,1.0
instant_noodles,679,16,12,3,1.0
instant_noodles,680,21,12,3,1.0
instant_noodles,681,25,12,3,1.0
instant_noodles,682,25,12,3,1.0
instant_noodles,683,20,12,3,1.0
instant_noodles,684,18,12,3,1.0
instant_noodles,685,23,12,3,1.0
instant_noodles,686,17,12,3,1.0
instant_noodles,687,27,12,3,1.0
instant_noodles,688,23,12,3,1.0
instant_noodles,689,19,12,3,1.0
instant_noodles,690,18,12,3,1.0
instant_noodles,691,19,12,3,1.0
instant_noodles,692,16,12,3,1.0
instant_noodles,693,24,12,3,1.0
instant_noodles,694,19,12,3,1.0
instant_noodles,695,24,12,3,1.0
instant_noodles,696,24,12,3,1.0
instant_noodles,697,26,12,3,1.0
instant_noodles,698,23,12,3,1.0
instant_noodles,699,26,12,3,1.0
instant_noodles,700,27,12,3,1.0
instant_noodles,701,23,12,3,1.0
instant_noodles,702,23,12,3,1.0
instant_noodles,703,20,12,3,1.0
instant_noodles,704,18,12,3,1.0
instant_noodles,705,27,12,3,1.0
instant_noodles,706,24,12,3,1.0
instant_noodles,707,25,12,3,1.0
instant_noodles,708,20,12,3,1.0
instant_noodles,709,28,12,3,1.0
instant_noodles,710,21,12,3,1.0
instant_noodles,711,19,12,3,1.0
instant_noodles,712,20,12,3,1.0
instant_noodles,713,28,12,3,1.0
instant_noodles,714,18,12,3,1.0
instant_noodles,715,19,12,3,1.0
instant_noodles,716,33,12,3,1.0
instant_noodles,717,26,12,3,1.0
instant_noodles,718,19,12,3,1.0
instant_noodles,719,18,12,3,1.0
instant_noodles,720,15,12,3,1.0
instant_noodles,721,22,12,3,1.0
instant_noodles,722,25,12,3,1.0
instant_noodles,723,28,12,3,1.0
instant_noodles,724,14,12,3,1.0
instant_noodles,725,17,12,3,1.0
instant_noodles,726,22,12,3,1.0
instant_noodles,727,33,12,3,1.0
instant_noodles,728,26,12,3,1.0
instant_noodles,729,23,12,3,1.0
